ped_id,frame_01,xtl_01,ytl_01,xbr_01,ybr_01,occluded_01,action_01,look_01,frame_02,xtl_02,ytl_02,xbr_02,ybr_02,occluded_02,action_02,look_02,frame_03,xtl_03,ytl_03,xbr_03,ybr_03,occluded_03,action_03,look_03,frame_04,xtl_04,ytl_04,xbr_04,ybr_04,occluded_04,action_04,look_04,frame_05,xtl_05,ytl_05,xbr_05,ybr_05,occluded_05,action_05,look_05,frame_06,xtl_06,ytl_06,xbr_06,ybr_06,occluded_06,action_06,look_06,frame_07,xtl_07,ytl_07,xbr_07,ybr_07,occluded_07,action_07,look_07,frame_08,xtl_08,ytl_08,xbr_08,ybr_08,occluded_08,action_08,look_08,frame_09,xtl_09,ytl_09,xbr_09,ybr_09,occluded_09,action_09,look_09,frame_10,xtl_10,ytl_10,xbr_10,ybr_10,occluded_10,action_10,look_10,frame_11,xtl_11,ytl_11,xbr_11,ybr_11,occluded_11,action_11,look_11,frame_12,xtl_12,ytl_12,xbr_12,ybr_12,occluded_12,action_12,look_12,frame_13,xtl_13,ytl_13,xbr_13,ybr_13,occluded_13,action_13,look_13,frame_14,xtl_14,ytl_14,xbr_14,ybr_14,occluded_14,action_14,look_14,frame_15,xtl_15,ytl_15,xbr_15,ybr_15,occluded_15,action_15,look_15,frame_16,xtl_16,ytl_16,xbr_16,ybr_16,occluded_16,action_16,look_16,frame_17,xtl_17,ytl_17,xbr_17,ybr_17,occluded_17,action_17,look_17,frame_18,xtl_18,ytl_18,xbr_18,ybr_18,occluded_18,action_18,look_18,frame_19,xtl_19,ytl_19,xbr_19,ybr_19,occluded_19,action_19,look_19,frame_20,xtl_20,ytl_20,xbr_20,ybr_20,occluded_20,action_20,look_20,frame_21,xtl_21,ytl_21,xbr_21,ybr_21,occluded_21,action_21,look_21,frame_22,xtl_22,ytl_22,xbr_22,ybr_22,occluded_22,action_22,look_22,frame_23,xtl_23,ytl_23,xbr_23,ybr_23,occluded_23,action_23,look_23,frame_24,xtl_24,ytl_24,xbr_24,ybr_24,occluded_24,action_24,look_24,frame_25,xtl_25,ytl_25,xbr_25,ybr_25,occluded_25,action_25,look_25,frame_26,xtl_26,ytl_26,xbr_26,ybr_26,occluded_26,action_26,look_26,frame_27,xtl_27,ytl_27,xbr_27,ybr_27,occluded_27,action_27,look_27,frame_28,xtl_28,ytl_28,xbr_28,ybr_28,occluded_28,action_28,look_28,frame_29,xtl_29,ytl_29,xbr_29,ybr_29,occluded_29,action_29,look_29,frame_30,xtl_30,ytl_30,xbr_30,ybr_30,occluded_30,action_30,look_30,frame_31,xtl_31,ytl_31,xbr_31,ybr_31,occluded_31,action_31,look_31,frame_32,xtl_32,ytl_32,xbr_32,ybr_32,occluded_32,action_32,look_32
3_1_232,3403,481,723,508,796,0,walking,not-looking,3404,476,720,503,794,0,walking,not-looking,3405,472,718,499,793,0,walking,not-looking,3406,468,716,495,791,0,walking,not-looking,3407,463,713,491,790,0,walking,not-looking,3408,459,711,487,789,0,walking,not-looking,3409,455,709,482,787,0,walking,not-looking,3410,450,706,478,786,0,walking,not-looking,3411,443,714,471,794,0,walking,not-looking,3412,438,719,466,800,0,walking,not-looking,3413,432,724,461,806,0,walking,not-looking,3414,427,728,456,812,0,walking,not-looking,3415,421,733,452,818,0,walking,not-looking,3416,414,731,444,817,0,walking,not-looking,3417,406,729,437,817,0,walking,not-looking,3418,398,727,430,816,0,walking,not-looking,3419,390,726,423,816,0,walking,not-looking,3420,383,724,416,815,0,standing,not-looking,3421,375,722,408,815,0,standing,not-looking,3422,366,720,400,814,0,standing,not-looking,3423,358,719,391,814,0,standing,not-looking,3424,349,717,382,813,0,standing,not-looking,3425,340,715,374,813,0,standing,not-looking,3426,331,713,365,812,0,standing,not-looking,3427,323,712,357,812,0,standing,not-looking,3428,314,710,348,812,0,standing,not-looking,3429,305,708,339,811,0,standing,not-looking,3430,296,706,331,811,0,standing,not-looking,3431,288,704,322,810,0,standing,not-looking,3432,276,703,311,810,0,standing,not-looking,3433,264,701,300,811,0,standing,not-looking,3434,252,699,289,811,0,standing,not-looking
3_1_237,7207,1371,704,1408,840,0,standing,not-looking,7208,1372,703,1412,841,0,standing,not-looking,7209,1373,703,1416,841,0,standing,not-looking,7210,1377,702,1420,842,0,standing,not-looking,7211,1382,700,1425,843,0,standing,not-looking,7212,1386,699,1430,844,0,standing,not-looking,7213,1390,698,1435,845,0,standing,not-looking,7214,1394,697,1439,846,0,standing,not-looking,7215,1399,696,1444,846,0,standing,not-looking,7216,1404,695,1449,847,0,standing,not-looking,7217,1408,694,1454,847,0,standing,not-looking,7218,1413,693,1458,848,0,standing,not-looking,7219,1418,692,1463,849,0,standing,not-looking,7220,1423,692,1468,850,0,standing,not-looking,7221,1428,691,1474,850,0,standing,not-looking,7222,1434,691,1479,851,0,standing,not-looking,7223,1439,690,1484,852,0,standing,not-looking,7224,1444,690,1490,853,0,standing,not-looking,7225,1449,689,1495,853,0,standing,not-looking,7226,1454,687,1500,853,0,standing,not-looking,7227,1459,686,1505,854,0,standing,not-looking,7228,1464,685,1510,854,0,standing,not-looking,7229,1469,684,1514,854,0,standing,not-looking,7230,1475,682,1521,855,0,standing,not-looking,7231,1482,681,1528,856,0,standing,not-looking,7232,1488,680,1534,856,0,standing,not-looking,7233,1494,678,1541,857,0,standing,not-looking,7234,1500,677,1547,858,0,standing,not-looking,7235,1507,676,1554,859,0,standing,not-looking,7236,1513,675,1560,860,0,standing,not-looking,7237,1519,673,1567,861,0,standing,not-looking,7238,1525,672,1574,862,0,standing,not-looking
3_1_255,9144,419,722,450,820,0,standing,not-looking,9145,412,721,444,820,0,standing,not-looking,9146,406,720,437,821,0,standing,not-looking,9147,399,719,430,821,0,standing,not-looking,9148,392,718,423,822,0,standing,not-looking,9149,385,717,416,822,0,standing,not-looking,9150,379,716,410,822,0,standing,not-looking,9151,370,715,401,823,0,standing,not-looking,9152,361,713,392,823,0,standing,not-looking,9153,352,712,383,824,0,standing,not-looking,9154,344,711,375,824,0,standing,not-looking,9155,335,710,366,824,0,standing,not-looking,9156,326,709,357,825,0,standing,not-looking,9157,317,708,348,825,0,standing,not-looking,9158,309,707,340,826,0,standing,not-looking,9159,300,705,331,826,0,standing,not-looking,9160,291,704,322,826,0,standing,not-looking,9161,279,702,311,827,0,standing,not-looking,9162,267,701,300,828,0,standing,not-looking,9163,254,699,289,829,0,standing,not-looking,9164,242,697,277,829,0,standing,not-looking,9165,230,695,266,830,0,standing,not-looking,9166,217,693,255,831,0,standing,not-looking,9167,205,691,244,831,0,standing,not-looking,9168,193,690,233,832,0,standing,not-looking,9169,181,688,221,833,0,standing,not-looking,9170,168,686,210,833,0,standing,not-looking,9171,153,683,195,833,0,standing,not-looking,9172,138,681,180,833,0,standing,not-looking,9173,122,678,165,833,0,standing,not-looking,9174,107,676,150,833,0,standing,not-looking,9175,92,673,135,833,0,standing,not-looking
3_1_231,3229,554,729,577,805,0,standing,looking,3230,549,728,571,805,0,standing,looking,3231,544,727,566,806,0,standing,not-looking,3232,538,727,560,807,0,standing,not-looking,3233,532,727,554,808,0,standing,not-looking,3234,525,727,549,809,0,standing,not-looking,3235,519,727,543,810,0,standing,not-looking,3236,513,727,537,811,0,standing,not-looking,3237,506,726,530,810,0,standing,not-looking,3238,498,724,523,810,0,standing,not-looking,3239,491,723,516,809,0,standing,not-looking,3240,484,722,509,809,0,standing,not-looking,3241,476,720,502,808,0,standing,not-looking,3242,469,719,494,809,0,standing,not-looking,3243,461,717,487,809,0,standing,not-looking,3244,453,716,479,809,0,standing,not-looking,3245,445,715,472,809,0,standing,not-looking,3246,437,713,464,809,0,standing,not-looking,3247,428,713,455,811,0,standing,not-looking,3248,419,713,447,812,0,standing,not-looking,3249,410,713,438,813,0,standing,not-looking,3250,401,712,430,814,0,standing,not-looking,3251,393,712,421,816,0,standing,not-looking,3252,381,711,410,817,0,standing,not-looking,3253,369,709,399,818,0,standing,not-looking,3254,358,708,389,818,0,standing,not-looking,3255,346,706,378,819,0,standing,not-looking,3256,335,705,367,820,0,standing,not-looking,3257,323,703,356,821,0,standing,not-looking,3258,312,702,345,822,0,standing,not-looking,3259,300,700,335,823,0,standing,not-looking,3260,289,699,324,824,0,standing,not-looking
3_1_224,2777,469,732,490,815,0,standing,not-looking,2778,464,732,485,816,0,standing,not-looking,2779,459,732,480,817,0,standing,not-looking,2780,453,732,474,818,0,standing,not-looking,2781,446,731,468,818,0,standing,not-looking,2782,440,731,462,819,0,standing,not-looking,2783,434,731,456,820,0,standing,not-looking,2784,428,731,450,820,0,standing,not-looking,2785,421,731,444,821,0,standing,not-looking,2786,415,730,438,822,0,standing,not-looking,2787,409,730,432,823,0,standing,not-looking,2788,402,730,426,823,0,standing,not-looking,2789,396,730,420,824,0,standing,not-looking,2790,389,729,414,825,0,standing,not-looking,2791,382,728,407,826,0,standing,not-looking,2792,375,727,401,828,0,standing,not-looking,2793,368,726,394,829,0,standing,not-looking,2794,361,725,388,830,0,standing,not-looking,2795,354,724,381,831,0,standing,not-looking,2796,347,723,375,832,0,standing,not-looking,2797,340,722,368,834,0,standing,not-looking,2798,333,721,362,835,0,standing,not-looking,2799,326,720,356,836,0,standing,not-looking,2800,317,720,347,837,0,standing,not-looking,2801,308,720,338,837,0,standing,not-looking,2802,299,720,329,838,0,standing,not-looking,2803,290,720,320,839,0,standing,not-looking,2804,282,720,311,839,0,standing,not-looking,2805,273,720,302,840,0,standing,not-looking,2806,264,720,293,841,0,standing,not-looking,2807,255,720,284,841,0,standing,not-looking,2808,246,719,276,842,0,standing,not-looking
3_1_262,9157,432,712,451,821,1,standing,not-looking,9157,432,712,451,821,1,standing,not-looking,9157,432,712,451,821,1,standing,not-looking,9157,432,712,451,821,1,standing,not-looking,9157,432,712,451,821,1,standing,not-looking,9158,425,713,444,823,1,standing,not-looking,9159,416,711,441,826,0,standing,not-looking,9160,407,710,432,827,0,standing,not-looking,9161,398,709,423,828,0,standing,not-looking,9162,389,707,415,828,0,standing,not-looking,9163,379,706,406,829,0,standing,not-looking,9164,370,705,397,830,0,standing,not-looking,9165,361,703,388,831,0,standing,not-looking,9166,352,702,380,831,0,standing,not-looking,9167,343,701,371,832,0,standing,not-looking,9168,333,699,362,833,0,standing,not-looking,9169,324,698,353,833,0,standing,not-looking,9170,312,697,342,834,0,standing,not-looking,9171,301,695,332,836,0,standing,not-looking,9172,289,693,321,837,0,standing,not-looking,9173,277,692,310,838,0,standing,not-looking,9174,264,690,297,839,0,standing,not-looking,9175,250,688,285,840,0,standing,not-looking,9176,237,686,272,840,0,standing,not-looking,9177,224,684,260,841,0,standing,not-looking,9178,207,682,244,842,0,standing,not-looking,9179,191,679,229,842,0,standing,not-looking,9180,176,676,214,843,0,standing,not-looking,9181,161,673,199,844,0,standing,not-looking,9182,146,670,185,845,0,standing,not-looking,9183,130,667,170,846,0,standing,not-looking,9184,112,663,152,846,0,standing,not-looking
3_1_226,2794,385,723,411,822,0,standing,not-looking,2795,378,722,405,823,0,standing,not-looking,2796,372,722,400,824,0,standing,not-looking,2797,366,721,394,824,0,standing,not-looking,2798,359,721,388,825,0,standing,not-looking,2799,352,721,382,826,0,standing,not-looking,2800,345,721,375,828,0,standing,not-looking,2801,337,721,368,829,0,standing,not-looking,2802,330,721,362,830,0,standing,not-looking,2803,323,721,355,831,0,standing,not-looking,2804,315,721,348,833,0,standing,not-looking,2805,307,720,340,834,0,standing,not-looking,2806,299,720,333,835,0,standing,not-looking,2807,292,719,326,837,0,standing,not-looking,2808,283,719,318,838,0,standing,not-looking,2809,275,718,309,838,0,standing,not-looking,2810,266,718,301,839,0,standing,not-looking,2811,258,717,292,840,0,standing,not-looking,2812,250,716,284,840,0,standing,not-looking,2813,241,716,276,841,0,standing,not-looking,2814,233,715,267,842,0,standing,not-looking,2815,225,714,259,843,0,standing,not-looking,2816,216,714,251,843,0,standing,not-looking,2817,208,713,242,844,0,standing,not-looking,2818,198,711,232,845,0,standing,not-looking,2819,187,710,222,846,0,standing,not-looking,2820,177,708,211,847,0,standing,not-looking,2821,167,706,201,849,0,standing,not-looking,2822,157,704,191,850,0,standing,not-looking,2823,143,701,179,849,0,standing,not-looking,2824,130,699,166,849,0,standing,not-looking,2825,117,696,154,849,0,standing,not-looking
3_1_221,1802,650,735,662,791,0,standing,not-looking,1803,646,735,658,791,0,standing,not-looking,1804,642,735,655,792,0,standing,not-looking,1805,638,735,651,793,0,standing,not-looking,1806,635,735,647,794,0,standing,not-looking,1807,631,735,644,795,0,standing,not-looking,1808,627,735,640,795,0,standing,not-looking,1809,623,735,636,796,0,standing,not-looking,1810,619,735,633,797,0,standing,not-looking,1811,615,735,629,798,0,standing,not-looking,1812,610,734,624,799,0,standing,not-looking,1813,605,734,619,800,0,standing,not-looking,1814,600,734,614,801,0,standing,not-looking,1815,594,733,609,801,0,standing,not-looking,1816,589,733,604,802,0,standing,not-looking,1817,584,733,599,803,0,standing,not-looking,1818,579,732,594,804,0,standing,not-looking,1819,574,732,589,805,0,standing,not-looking,1820,569,732,584,806,0,standing,not-looking,1821,564,731,579,807,0,standing,not-looking,1822,557,731,572,807,0,standing,not-looking,1823,550,730,565,808,0,standing,not-looking,1824,543,730,558,809,0,standing,not-looking,1825,536,729,552,810,0,standing,not-looking,1826,528,728,545,810,0,standing,not-looking,1827,521,728,538,811,0,standing,not-looking,1828,514,727,531,812,0,standing,not-looking,1829,507,727,524,812,0,standing,not-looking,1830,500,726,517,813,0,standing,not-looking,1831,493,726,510,814,0,standing,not-looking,1832,484,725,503,815,0,standing,not-looking,1833,475,725,495,817,0,standing,not-looking
3_1_261,9154,436,708,456,821,1,standing,not-looking,9154,436,708,456,821,1,standing,not-looking,9154,436,708,456,821,1,standing,not-looking,9154,436,708,456,821,1,standing,not-looking,9154,436,708,456,821,1,standing,not-looking,9154,436,708,456,821,1,standing,not-looking,9154,436,708,456,821,1,standing,not-looking,9155,428,706,452,821,1,standing,not-looking,9156,420,704,448,822,0,standing,not-looking,9157,411,703,441,823,0,standing,not-looking,9158,402,702,433,825,0,standing,not-looking,9159,393,701,426,826,0,standing,not-looking,9160,384,700,418,828,0,standing,not-looking,9161,375,699,411,830,0,standing,not-looking,9162,366,698,404,831,0,standing,not-looking,9163,357,696,396,833,0,standing,not-looking,9164,348,695,389,834,0,standing,not-looking,9165,339,694,381,836,0,standing,not-looking,9166,330,693,374,837,0,standing,not-looking,9167,317,691,362,838,0,standing,not-looking,9168,305,689,350,839,0,standing,not-looking,9169,292,686,338,839,0,standing,not-looking,9170,280,684,326,840,0,standing,not-looking,9171,267,682,313,840,0,standing,not-looking,9172,255,680,301,841,0,standing,not-looking,9173,242,678,289,841,0,standing,not-looking,9174,230,675,277,842,0,standing,not-looking,9175,218,673,265,842,0,standing,not-looking,9176,205,671,253,843,0,standing,not-looking,9177,188,668,237,844,0,standing,not-looking,9178,172,664,222,845,0,standing,not-looking,9179,155,661,206,846,0,standing,not-looking
3_1_241,7199,1412,713,1446,829,2,walking,not-looking,7200,1413,713,1448,831,2,walking,not-looking,7201,1413,712,1450,832,2,walking,not-looking,7202,1413,712,1450,832,1,walking,looking,7203,1419,709,1456,835,1,walking,looking,7204,1425,706,1462,837,1,walking,looking,7205,1425,706,1462,837,0,walking,looking,7206,1430,705,1468,838,0,walking,looking,7207,1435,705,1473,838,0,walking,looking,7208,1439,704,1479,838,0,walking,looking,7209,1444,703,1484,838,0,walking,looking,7210,1449,702,1489,839,0,walking,looking,7211,1453,701,1494,839,0,walking,looking,7212,1457,701,1498,839,0,walking,looking,7213,1462,700,1502,839,0,walking,looking,7214,1466,699,1506,839,0,walking,looking,7215,1470,698,1510,839,0,walking,looking,7216,1475,697,1514,839,0,walking,looking,7217,1480,697,1519,840,0,walking,looking,7218,1485,696,1524,842,0,walking,looking,7219,1490,695,1529,844,1,walking,not-looking,7220,1497,694,1536,845,1,standing,not-looking,7221,1503,694,1542,847,1,standing,not-looking,7222,1510,693,1549,848,1,standing,not-looking,7223,1516,693,1556,850,1,standing,not-looking,7224,1521,692,1561,849,1,standing,not-looking,7225,1526,691,1567,849,1,standing,not-looking,7226,1531,690,1572,849,1,standing,not-looking,7227,1536,689,1578,849,1,standing,not-looking,7228,1541,688,1583,848,1,standing,not-looking,7229,1546,687,1589,848,1,standing,not-looking,7230,1551,686,1594,848,1,standing,not-looking
3_1_233,3439,586,738,604,799,0,standing,not-looking,3440,582,738,599,799,0,standing,not-looking,3441,577,738,595,800,0,standing,not-looking,3442,573,738,591,800,0,standing,not-looking,3443,568,738,586,801,0,standing,not-looking,3444,564,738,582,801,0,standing,not-looking,3445,560,738,577,802,0,standing,not-looking,3446,554,736,572,801,0,standing,not-looking,3447,549,734,567,801,0,standing,not-looking,3448,544,732,562,800,0,standing,not-looking,3449,539,730,557,799,0,standing,not-looking,3450,534,728,552,799,0,standing,not-looking,3451,528,729,546,800,0,standing,not-looking,3452,523,730,541,801,0,standing,not-looking,3453,517,731,535,802,0,standing,not-looking,3454,512,732,530,803,0,standing,not-looking,3455,506,734,524,804,0,standing,not-looking,3456,499,732,518,804,0,standing,not-looking,3457,492,730,512,805,0,standing,not-looking,3458,485,728,506,805,0,standing,not-looking,3459,478,726,500,806,0,standing,not-looking,3460,471,724,494,807,0,standing,not-looking,3461,463,724,486,807,0,standing,not-looking,3462,455,724,478,807,0,standing,not-looking,3463,447,724,470,808,0,standing,not-looking,3464,439,723,462,808,0,standing,not-looking,3465,431,723,453,808,0,standing,not-looking,3466,422,721,445,807,0,standing,not-looking,3467,412,718,437,807,0,standing,not-looking,3468,403,716,429,806,0,standing,not-looking,3469,394,713,421,806,0,standing,not-looking,3470,385,710,413,805,0,standing,not-looking
3_1_235,3589,690,738,709,792,0,walking,looking,3590,686,737,706,792,0,walking,not-looking,3591,683,737,703,793,0,walking,not-looking,3592,679,737,700,794,0,walking,not-looking,3593,675,737,697,794,0,walking,not-looking,3594,672,737,694,795,0,walking,not-looking,3595,668,737,691,796,0,walking,not-looking,3596,664,738,688,797,0,walking,not-looking,3597,659,739,684,799,0,walking,not-looking,3598,655,739,680,800,0,walking,not-looking,3599,651,740,676,802,0,walking,not-looking,3600,646,741,672,803,0,walking,not-looking,3601,642,740,668,804,0,walking,not-looking,3602,638,739,664,804,0,walking,not-looking,3603,634,738,660,804,0,walking,not-looking,3604,630,737,656,804,0,walking,not-looking,3605,626,736,652,804,0,walking,not-looking,3606,621,735,647,805,0,walking,not-looking,3607,616,735,642,807,0,walking,not-looking,3608,610,735,637,808,0,walking,not-looking,3609,605,734,631,809,0,walking,not-looking,3610,600,734,626,810,0,walking,not-looking,3611,593,734,620,811,0,walking,not-looking,3612,587,734,613,812,0,walking,not-looking,3613,581,734,607,814,0,walking,not-looking,3614,574,734,601,815,0,walking,not-looking,3615,568,734,595,816,0,walking,not-looking,3616,559,733,588,816,0,walking,looking,3617,551,731,581,817,0,walking,looking,3618,542,730,574,818,0,walking,looking,3619,534,728,566,819,0,walking,looking,3620,525,727,559,820,0,walking,looking
3_1_228,2798,425,725,446,820,0,standing,not-looking,2799,420,726,440,821,0,standing,not-looking,2800,416,727,434,821,0,standing,not-looking,2801,410,727,432,823,0,standing,not-looking,2802,404,727,427,824,0,standing,not-looking,2803,399,727,423,825,0,standing,not-looking,2804,393,726,419,826,0,standing,not-looking,2805,387,726,414,828,0,standing,not-looking,2806,381,726,410,829,0,standing,not-looking,2807,376,726,404,830,0,standing,not-looking,2808,370,726,397,832,0,standing,not-looking,2809,364,725,391,833,0,standing,not-looking,2810,358,725,385,834,0,standing,not-looking,2811,351,725,378,835,0,standing,not-looking,2812,344,723,372,836,0,standing,not-looking,2813,336,722,367,837,0,standing,not-looking,2814,328,721,361,838,0,standing,not-looking,2815,321,720,355,839,0,standing,not-looking,2816,313,719,350,840,0,standing,not-looking,2817,306,718,344,841,0,standing,not-looking,2818,298,717,338,842,0,standing,not-looking,2819,292,718,329,840,0,standing,not-looking,2820,285,719,320,839,0,standing,not-looking,2821,276,718,313,839,0,standing,not-looking,2822,267,717,305,840,0,standing,not-looking,2823,258,715,298,840,0,standing,not-looking,2824,249,714,291,841,0,standing,not-looking,2825,240,713,282,844,0,standing,not-looking,2826,231,712,274,848,0,standing,not-looking,2827,220,709,263,846,0,standing,not-looking,2828,209,706,253,845,0,standing,not-looking,2829,199,702,242,843,0,standing,not-looking
3_1_223,2142,652,734,676,807,0,standing,looking,2143,648,734,672,808,0,standing,looking,2144,644,733,669,809,0,standing,looking,2145,640,733,665,809,0,standing,looking,2146,636,733,661,810,0,standing,looking,2147,632,733,657,811,0,standing,looking,2148,628,733,653,812,0,standing,looking,2149,624,733,650,813,0,standing,looking,2150,620,733,646,814,0,standing,looking,2151,615,732,641,815,0,standing,looking,2152,609,732,636,816,0,standing,looking,2153,604,731,631,816,0,standing,looking,2154,599,731,626,817,0,standing,looking,2155,593,730,621,818,0,standing,looking,2156,588,730,616,819,0,standing,looking,2157,583,729,611,820,0,standing,looking,2158,577,729,606,821,0,standing,looking,2159,572,728,601,821,0,standing,looking,2160,567,728,596,822,0,standing,looking,2161,560,727,589,823,0,standing,looking,2162,552,727,583,824,0,standing,looking,2163,545,726,576,826,0,standing,looking,2164,538,726,570,827,0,standing,looking,2165,531,725,563,828,0,standing,looking,2166,524,725,557,829,0,standing,looking,2167,517,724,550,830,0,standing,looking,2168,510,724,543,831,0,standing,looking,2169,503,723,537,832,0,standing,looking,2170,496,722,530,833,0,standing,looking,2171,487,721,523,835,0,standing,looking,2172,479,720,516,836,0,standing,looking,2173,470,719,508,838,0,standing,looking
3_1_225,2790,431,722,456,819,0,standing,not-looking,2791,426,722,452,820,0,standing,not-looking,2792,421,722,447,821,0,standing,not-looking,2793,416,721,442,821,0,standing,not-looking,2794,410,721,437,823,0,standing,not-looking,2795,404,721,431,824,0,standing,not-looking,2796,398,720,426,825,0,standing,not-looking,2797,392,720,420,826,0,standing,not-looking,2798,386,720,415,827,0,standing,not-looking,2799,380,720,409,829,0,standing,not-looking,2800,374,719,404,830,0,standing,not-looking,2801,368,719,398,831,0,standing,not-looking,2802,362,719,392,832,0,standing,not-looking,2803,356,719,387,834,0,standing,not-looking,2804,349,718,380,835,0,standing,not-looking,2805,342,717,373,836,0,standing,not-looking,2806,334,716,366,837,0,standing,not-looking,2807,327,716,359,839,0,standing,not-looking,2808,320,715,352,840,0,standing,not-looking,2809,313,714,346,841,0,standing,not-looking,2810,305,713,339,843,0,standing,not-looking,2811,298,713,332,844,0,standing,not-looking,2812,291,712,325,845,0,standing,not-looking,2813,284,711,318,847,0,standing,not-looking,2814,274,710,309,848,0,standing,not-looking,2815,265,709,300,849,0,standing,not-looking,2816,255,709,291,850,0,standing,not-looking,2817,246,708,282,851,0,standing,not-looking,2818,237,707,273,852,0,standing,not-looking,2819,227,706,264,853,0,standing,not-looking,2820,218,705,256,854,0,standing,not-looking,2821,209,704,247,855,0,standing,not-looking
3_1_220,1529,1239,725,1256,777,0,walking,not-looking,1530,1242,725,1260,778,0,walking,not-looking,1531,1246,724,1264,778,0,walking,not-looking,1532,1250,724,1267,779,0,walking,not-looking,1533,1253,724,1271,779,0,walking,not-looking,1534,1257,724,1275,780,0,walking,not-looking,1535,1261,723,1279,780,0,walking,not-looking,1536,1264,723,1282,781,0,walking,looking,1537,1269,723,1287,781,0,walking,looking,1538,1274,723,1292,782,0,walking,looking,1539,1278,723,1297,783,0,walking,looking,1540,1283,723,1301,784,0,walking,looking,1541,1288,723,1306,784,0,walking,looking,1542,1293,723,1311,785,0,walking,looking,1543,1298,723,1317,785,0,walking,looking,1544,1303,723,1322,786,0,walking,looking,1545,1309,722,1327,786,0,walking,looking,1546,1315,722,1334,787,0,walking,looking,1547,1322,721,1341,788,0,walking,looking,1548,1329,720,1348,788,0,walking,looking,1549,1335,720,1354,789,0,walking,looking,1550,1342,719,1361,790,0,walking,looking,1551,1349,718,1368,790,0,walking,looking,1552,1355,718,1375,791,0,walking,looking,1553,1362,717,1381,792,0,walking,looking,1554,1368,716,1388,792,0,walking,looking,1555,1375,716,1395,793,0,walking,looking,1556,1382,715,1402,794,0,walking,looking,1557,1390,714,1411,795,0,walking,looking,1558,1398,714,1420,796,0,walking,looking,1559,1405,713,1429,798,0,walking,looking,1560,1413,712,1438,799,0,walking,looking
3_1_247,8749,1182,726,1204,795,1,standing,looking,8750,1185,726,1206,795,1,standing,looking,8751,1188,727,1209,796,1,standing,looking,8752,1191,725,1212,796,1,standing,looking,8753,1194,724,1215,795,1,standing,looking,8754,1197,723,1219,795,1,standing,looking,8755,1200,722,1222,795,1,standing,looking,8756,1203,721,1225,795,1,standing,looking,8757,1206,720,1229,795,1,standing,looking,8758,1209,719,1232,795,1,standing,looking,8759,1212,718,1235,794,1,standing,looking,8760,1215,717,1238,794,1,standing,looking,8761,1218,716,1242,794,1,standing,not-looking,8762,1221,716,1246,796,1,standing,not-looking,8763,1225,715,1250,798,1,standing,not-looking,8764,1228,715,1254,801,1,standing,not-looking,8765,1232,715,1258,803,1,standing,not-looking,8766,1236,715,1263,805,1,standing,not-looking,8767,1239,714,1267,807,1,standing,not-looking,8768,1243,714,1271,809,1,standing,not-looking,8769,1247,714,1275,811,1,standing,not-looking,8770,1250,714,1279,813,1,standing,not-looking,8771,1254,714,1284,816,1,standing,not-looking,8772,1259,712,1289,816,0,standing,not-looking,8773,1264,711,1295,817,0,standing,not-looking,8774,1268,710,1300,818,0,standing,not-looking,8775,1273,709,1306,819,0,standing,not-looking,8776,1278,707,1311,820,0,standing,not-looking,8777,1282,706,1316,821,1,standing,not-looking,8778,1287,705,1322,821,1,standing,not-looking,8779,1292,704,1327,822,1,standing,not-looking,8780,1297,703,1333,823,1,standing,not-looking
3_1_260,9148,444,715,473,816,1,standing,not-looking,9148,444,715,473,816,1,standing,not-looking,9148,444,715,473,816,1,standing,not-looking,9148,444,715,473,816,1,standing,not-looking,9148,444,715,473,816,1,standing,not-looking,9149,435,719,463,819,1,standing,not-looking,9150,431,718,459,818,0,standing,not-looking,9151,423,717,451,819,0,standing,not-looking,9152,415,716,443,820,0,standing,not-looking,9153,407,715,435,820,0,standing,not-looking,9154,399,714,427,821,0,standing,not-looking,9155,391,714,419,822,0,standing,not-looking,9156,383,713,411,823,0,standing,not-looking,9157,374,712,403,824,0,standing,not-looking,9158,366,711,395,824,0,standing,not-looking,9159,358,711,387,825,0,standing,not-looking,9160,350,710,379,826,0,standing,not-looking,9161,339,708,369,827,0,standing,not-looking,9162,328,707,359,829,0,standing,not-looking,9163,317,706,349,830,0,standing,not-looking,9164,305,704,338,831,0,standing,not-looking,9165,294,703,328,832,0,standing,not-looking,9166,283,701,318,834,0,standing,not-looking,9167,272,700,308,835,0,standing,not-looking,9168,260,699,298,836,0,standing,not-looking,9169,249,697,288,838,0,standing,not-looking,9170,238,696,278,839,0,standing,not-looking,9171,223,693,263,839,0,standing,not-looking,9172,208,691,248,840,0,standing,not-looking,9173,193,688,233,841,0,standing,not-looking,9174,178,685,219,841,0,standing,not-looking,9175,163,683,204,842,0,standing,not-looking
3_1_263,9159,429,707,447,823,1,standing,not-looking,9159,429,707,447,823,1,standing,not-looking,9159,429,707,447,823,1,standing,not-looking,9159,429,707,447,823,1,standing,not-looking,9159,429,707,447,823,1,standing,not-looking,9159,429,707,447,823,1,standing,not-looking,9159,429,707,447,823,1,standing,not-looking,9160,424,704,445,821,1,standing,not-looking,9161,416,702,441,823,0,standing,not-looking,9162,407,701,433,823,0,standing,not-looking,9163,397,699,425,824,0,standing,not-looking,9164,388,698,417,824,0,standing,not-looking,9165,378,696,409,825,0,standing,not-looking,9166,369,695,400,825,0,standing,not-looking,9167,360,693,392,826,0,standing,not-looking,9168,350,692,384,826,0,standing,not-looking,9169,341,690,376,827,0,standing,not-looking,9170,331,689,368,827,0,standing,not-looking,9171,322,687,360,828,0,standing,not-looking,9172,309,685,349,828,0,standing,not-looking,9173,296,683,338,829,0,standing,not-looking,9174,283,681,326,830,0,standing,not-looking,9175,271,679,315,831,0,standing,not-looking,9176,258,677,304,831,0,standing,not-looking,9177,245,675,293,832,0,standing,not-looking,9178,232,673,282,833,0,standing,not-looking,9179,219,670,270,834,0,standing,not-looking,9180,206,668,259,835,0,standing,not-looking,9181,193,666,248,835,0,standing,not-looking,9182,179,663,234,836,0,standing,not-looking,9183,164,659,220,837,0,standing,not-looking,9184,150,656,206,837,0,standing,not-looking
3_1_252,9123,1140,739,1155,799,1,standing,not-looking,9124,1142,739,1158,800,1,standing,not-looking,9125,1144,739,1160,800,1,standing,not-looking,9126,1147,739,1163,801,1,standing,not-looking,9127,1149,739,1165,802,0,standing,not-looking,9128,1152,738,1167,802,0,standing,not-looking,9129,1154,738,1170,803,0,standing,not-looking,9130,1156,738,1172,803,0,standing,not-looking,9131,1159,738,1175,804,0,standing,not-looking,9132,1161,738,1177,804,0,standing,not-looking,9133,1164,738,1179,805,0,standing,not-looking,9134,1166,739,1182,806,0,standing,not-looking,9135,1168,740,1184,807,0,standing,not-looking,9136,1171,739,1187,808,0,standing,not-looking,9137,1175,739,1191,809,0,standing,not-looking,9138,1178,739,1194,809,0,standing,not-looking,9139,1181,738,1198,810,0,standing,not-looking,9140,1185,738,1202,811,0,standing,not-looking,9141,1188,737,1205,812,0,standing,not-looking,9142,1191,737,1209,813,0,standing,not-looking,9143,1194,736,1212,813,0,standing,not-looking,9144,1198,736,1216,814,0,standing,not-looking,9145,1201,736,1220,815,0,standing,not-looking,9146,1205,735,1224,815,0,standing,not-looking,9147,1209,734,1228,815,0,standing,not-looking,9148,1213,733,1232,815,0,standing,not-looking,9149,1217,733,1236,815,0,standing,not-looking,9150,1221,732,1241,815,0,standing,not-looking,9151,1225,731,1245,815,0,standing,not-looking,9152,1229,730,1249,815,0,standing,not-looking,9153,1233,729,1253,815,0,standing,not-looking,9154,1237,729,1257,816,0,standing,not-looking
3_1_250,9116,1177,736,1196,802,0,standing,not-looking,9117,1179,735,1198,802,0,standing,not-looking,9118,1181,735,1200,802,0,standing,not-looking,9119,1183,735,1202,802,0,standing,not-looking,9120,1185,734,1206,803,0,standing,not-looking,9121,1188,734,1209,803,0,standing,not-looking,9122,1191,734,1212,804,0,standing,not-looking,9123,1194,733,1216,805,0,standing,not-looking,9124,1196,733,1219,805,0,standing,not-looking,9125,1199,733,1222,806,0,standing,not-looking,9126,1202,732,1225,807,0,standing,not-looking,9127,1205,732,1229,807,0,standing,not-looking,9128,1207,732,1232,808,0,standing,not-looking,9129,1211,732,1236,809,0,standing,not-looking,9130,1214,732,1240,809,0,standing,not-looking,9131,1218,731,1244,810,0,standing,not-looking,9132,1221,731,1248,811,0,standing,not-looking,9133,1225,731,1252,812,0,standing,not-looking,9134,1228,731,1256,812,0,standing,not-looking,9135,1232,731,1260,813,0,standing,not-looking,9136,1236,731,1264,814,0,standing,not-looking,9137,1239,730,1268,815,0,standing,not-looking,9138,1243,730,1272,815,0,standing,not-looking,9139,1246,730,1277,816,0,standing,not-looking,9140,1250,729,1281,817,0,standing,not-looking,9141,1255,729,1286,817,0,standing,not-looking,9142,1259,728,1291,818,0,standing,not-looking,9143,1263,728,1295,818,0,standing,not-looking,9144,1268,727,1300,819,0,standing,not-looking,9145,1272,727,1305,819,0,standing,not-looking,9146,1276,726,1310,820,0,standing,not-looking,9147,1280,726,1314,820,0,standing,not-looking
3_1_239,7173,414,725,449,834,0,standing,looking,7174,413,725,448,835,0,standing,looking,7175,411,725,447,836,0,standing,looking,7176,409,725,445,836,0,standing,looking,7177,406,725,443,837,0,standing,looking,7178,404,725,440,837,0,standing,looking,7179,401,725,438,837,0,standing,looking,7180,399,725,436,837,0,standing,looking,7181,396,725,433,838,0,standing,looking,7182,393,725,431,838,0,standing,looking,7183,391,725,428,838,0,standing,looking,7184,388,725,426,839,0,standing,looking,7185,385,725,423,839,0,standing,looking,7186,383,725,421,839,0,standing,looking,7187,378,724,417,839,0,standing,looking,7188,374,723,414,839,0,standing,looking,7189,370,723,410,839,0,standing,looking,7190,366,722,406,839,0,standing,looking,7191,362,721,402,838,0,standing,looking,7192,358,721,399,838,0,standing,looking,7193,354,720,395,838,0,standing,looking,7194,349,719,391,838,0,standing,looking,7195,345,719,388,838,0,standing,looking,7196,341,718,384,838,0,standing,looking,7197,338,718,380,837,0,standing,looking,7198,334,718,377,837,0,standing,looking,7199,331,718,373,837,0,standing,looking,7200,327,718,370,837,1,standing,looking,7201,324,718,366,837,1,standing,looking,7202,318,717,361,837,1,standing,looking,7203,316,716,357,836,1,standing,looking,7204,313,714,352,835,1,standing,looking
3_1_246,8674,1314,716,1344,836,1,standing,looking,8675,1317,716,1348,837,1,standing,looking,8676,1323,716,1354,839,1,standing,looking,8677,1328,716,1360,841,1,standing,looking,8678,1333,717,1366,842,1,standing,looking,8679,1338,717,1372,844,1,standing,looking,8680,1343,717,1378,846,1,standing,looking,8681,1348,717,1384,848,1,standing,looking,8682,1357,715,1393,848,1,standing,looking,8683,1367,712,1403,849,1,standing,looking,8684,1374,709,1410,849,1,standing,looking,8685,1382,706,1418,848,1,standing,looking,8686,1389,703,1425,847,1,standing,looking,8687,1398,701,1434,848,1,standing,looking,8688,1407,700,1443,848,1,standing,looking,8689,1416,699,1452,848,1,standing,looking,8690,1425,697,1461,849,0,standing,looking,8691,1435,696,1472,850,0,standing,looking,8692,1446,694,1483,852,0,standing,looking,8693,1457,693,1494,854,0,standing,looking,8694,1467,692,1506,855,0,standing,looking,8695,1478,690,1517,857,0,standing,looking,8696,1489,689,1528,858,0,standing,looking,8697,1500,687,1540,860,0,standing,looking,8698,1510,686,1551,861,0,standing,looking,8699,1521,684,1562,863,0,standing,looking,8700,1532,683,1573,865,0,standing,looking,8701,1546,679,1589,865,0,standing,looking,8702,1560,675,1604,866,0,standing,looking,8703,1574,672,1620,866,0,standing,looking,8704,1588,668,1636,867,0,standing,looking,8705,1602,664,1651,867,0,standing,looking
3_1_236,4309,677,666,780,995,0,walking,not-looking,4310,676,666,778,996,0,walking,not-looking,4311,675,665,776,998,0,walking,not-looking,4312,674,664,774,999,0,walking,not-looking,4313,673,663,772,1001,0,walking,not-looking,4314,668,663,770,1002,0,walking,not-looking,4315,663,663,768,1002,0,walking,not-looking,4316,658,662,767,1003,0,walking,not-looking,4317,654,662,765,1004,0,walking,not-looking,4318,649,662,763,1005,0,walking,not-looking,4319,644,661,762,1006,0,walking,not-looking,4320,639,661,760,1007,0,walking,not-looking,4321,635,661,758,1008,0,walking,not-looking,4322,630,660,757,1009,0,walking,not-looking,4323,625,660,755,1010,0,walking,not-looking,4324,622,659,752,1010,0,walking,not-looking,4325,619,658,749,1011,0,walking,not-looking,4326,616,657,746,1011,0,walking,not-looking,4327,613,656,743,1012,0,walking,not-looking,4328,610,655,740,1013,0,walking,not-looking,4329,607,654,737,1013,0,walking,not-looking,4330,604,653,734,1014,0,walking,not-looking,4331,601,652,731,1015,0,walking,not-looking,4332,598,651,727,1015,0,walking,not-looking,4333,596,650,724,1016,0,walking,not-looking,4334,592,649,721,1017,0,walking,not-looking,4335,589,649,718,1018,0,walking,not-looking,4336,586,648,715,1019,0,walking,not-looking,4337,583,647,712,1020,0,walking,not-looking,4338,580,646,709,1022,0,walking,not-looking,4339,577,645,706,1023,0,walking,not-looking,4340,574,645,703,1024,0,walking,not-looking
3_1_269,16811,1509,678,1574,875,0,standing,looking,16812,1514,677,1580,876,0,standing,looking,16813,1519,676,1585,878,0,standing,looking,16814,1525,675,1591,879,0,standing,looking,16815,1530,675,1596,881,0,standing,looking,16816,1536,674,1602,882,0,standing,looking,16817,1541,673,1608,884,0,standing,looking,16818,1547,672,1613,885,0,standing,looking,16819,1552,671,1619,887,0,standing,looking,16820,1558,670,1625,888,0,standing,looking,16821,1564,669,1632,889,0,standing,looking,16822,1571,667,1639,889,0,standing,looking,16823,1578,666,1646,890,0,standing,looking,16824,1585,664,1653,890,0,standing,looking,16825,1592,662,1660,891,0,standing,looking,16826,1599,661,1667,891,0,standing,looking,16827,1606,659,1674,892,0,standing,looking,16828,1613,658,1681,892,0,standing,looking,16829,1620,656,1688,893,0,standing,looking,16830,1627,654,1695,893,0,standing,looking,16831,1634,653,1703,894,0,standing,looking,16832,1642,651,1710,895,0,standing,looking,16833,1650,649,1718,896,0,standing,looking,16834,1657,647,1726,897,0,standing,looking,16835,1665,646,1733,898,0,standing,looking,16836,1673,644,1741,898,0,standing,looking,16837,1680,642,1748,899,0,standing,looking,16838,1688,640,1756,900,0,standing,looking,16839,1695,638,1764,901,0,standing,looking,16840,1703,637,1771,902,0,standing,looking,16841,1710,635,1780,903,0,standing,looking,16842,1717,633,1788,903,0,standing,looking
3_1_264,9142,361,711,385,800,0,standing,not-looking,9143,355,710,380,800,0,standing,not-looking,9144,349,708,374,800,0,standing,not-looking,9145,343,707,369,800,0,standing,not-looking,9146,336,706,363,800,0,standing,not-looking,9147,330,705,357,800,0,standing,not-looking,9148,322,704,350,800,0,standing,not-looking,9149,314,703,343,800,0,standing,not-looking,9150,306,702,335,801,0,standing,not-looking,9151,298,702,328,801,0,standing,not-looking,9152,290,701,321,801,0,standing,not-looking,9153,281,699,313,802,0,standing,not-looking,9154,272,698,304,802,0,standing,not-looking,9155,263,697,296,803,0,standing,not-looking,9156,255,695,288,804,0,standing,not-looking,9157,246,694,280,804,0,standing,not-looking,9158,237,693,272,805,0,standing,not-looking,9159,228,691,264,805,0,standing,not-looking,9160,219,690,256,806,0,standing,not-looking,9161,211,689,248,806,0,standing,not-looking,9162,202,687,240,807,0,standing,not-looking,9163,190,685,228,807,0,standing,not-looking,9164,179,682,217,806,0,standing,not-looking,9165,167,680,206,806,0,standing,not-looking,9166,156,677,195,806,0,standing,not-looking,9167,144,675,184,806,0,standing,not-looking,9168,133,672,173,806,0,standing,not-looking,9169,121,669,162,805,0,standing,not-looking,9170,110,667,151,805,0,standing,not-looking,9171,98,664,140,805,0,standing,not-looking,9172,87,662,129,805,0,standing,not-looking,9173,75,659,116,805,0,standing,not-looking
3_1_242,7299,1199,736,1230,831,0,walking,not-looking,7300,1201,735,1231,830,0,walking,not-looking,7301,1204,733,1233,830,0,walking,not-looking,7302,1206,732,1235,829,0,walking,not-looking,7303,1208,730,1237,828,0,walking,not-looking,7304,1211,728,1239,828,0,walking,not-looking,7305,1213,727,1240,827,0,walking,not-looking,7306,1215,726,1243,827,0,walking,not-looking,7307,1216,726,1245,828,0,walking,not-looking,7308,1217,725,1247,828,0,walking,not-looking,7309,1218,725,1250,828,0,walking,not-looking,7310,1220,724,1252,829,0,walking,not-looking,7311,1221,724,1254,829,0,walking,not-looking,7312,1222,723,1257,829,0,walking,looking,7313,1223,723,1259,829,0,walking,looking,7314,1225,722,1261,830,0,walking,looking,7315,1226,722,1264,830,0,walking,looking,7316,1229,721,1267,831,0,walking,looking,7317,1232,721,1270,832,0,walking,looking,7318,1235,720,1273,833,0,standing,looking,7319,1238,720,1276,834,0,standing,looking,7320,1241,719,1279,835,0,standing,looking,7321,1244,719,1282,836,0,standing,looking,7322,1247,718,1285,837,0,standing,looking,7323,1250,718,1288,838,0,standing,looking,7324,1254,718,1291,839,0,standing,looking,7325,1257,717,1294,840,0,standing,looking,7326,1260,717,1297,841,0,standing,looking,7327,1264,716,1302,842,0,standing,looking,7328,1268,716,1306,843,0,standing,looking,7329,1273,715,1310,844,0,standing,looking,7330,1277,715,1315,845,0,standing,looking
3_1_251,9124,1176,734,1199,803,0,standing,looking,9125,1179,734,1202,803,0,standing,looking,9126,1182,733,1205,804,0,standing,looking,9127,1184,733,1208,805,0,standing,looking,9128,1187,733,1211,805,0,standing,looking,9129,1189,733,1214,806,0,standing,looking,9130,1192,733,1217,806,0,standing,looking,9131,1194,732,1220,807,0,standing,looking,9132,1197,732,1223,807,0,standing,looking,9133,1199,732,1226,808,0,standing,looking,9134,1202,732,1229,808,0,standing,looking,9135,1205,731,1232,809,0,standing,looking,9136,1207,731,1235,809,0,standing,looking,9137,1211,731,1239,810,0,standing,looking,9138,1214,730,1243,810,0,standing,looking,9139,1218,730,1247,811,0,standing,looking,9140,1222,729,1251,811,0,standing,looking,9141,1225,729,1255,812,0,standing,looking,9142,1229,728,1259,812,0,standing,looking,9143,1232,728,1263,813,0,standing,looking,9144,1236,727,1266,813,0,standing,looking,9145,1240,727,1270,814,0,standing,looking,9146,1244,726,1275,814,0,standing,looking,9147,1249,726,1280,814,0,standing,looking,9148,1254,725,1285,815,0,standing,looking,9149,1259,724,1291,815,0,standing,looking,9150,1264,724,1296,816,0,standing,looking,9151,1268,723,1301,816,0,standing,looking,9152,1273,723,1306,816,0,standing,looking,9153,1278,722,1311,817,0,standing,looking,9154,1283,721,1316,817,0,standing,looking,9155,1288,721,1321,817,0,standing,looking
3_1_230,3218,585,735,604,803,0,standing,looking,3219,581,734,600,803,0,standing,looking,3220,576,734,596,804,0,standing,looking,3221,570,734,591,805,0,standing,looking,3222,564,734,585,805,0,standing,looking,3223,558,733,580,806,0,standing,looking,3224,552,733,574,807,0,standing,looking,3225,545,733,569,807,0,standing,looking,3226,539,733,564,808,0,standing,looking,3227,533,732,558,809,0,standing,looking,3228,527,732,553,809,0,standing,looking,3229,521,732,547,810,0,standing,looking,3230,514,731,542,810,0,standing,looking,3231,507,731,535,811,0,standing,looking,3232,500,730,528,811,0,standing,looking,3233,492,729,521,812,0,standing,looking,3234,485,728,514,812,0,standing,looking,3235,477,727,507,812,0,standing,looking,3236,470,726,500,813,0,standing,looking,3237,462,726,493,813,0,standing,looking,3238,455,725,486,814,0,standing,looking,3239,448,724,479,814,0,standing,looking,3240,440,723,472,814,0,standing,looking,3241,430,722,463,815,0,standing,looking,3242,421,721,454,815,0,standing,looking,3243,411,720,444,816,0,standing,looking,3244,401,718,435,817,0,standing,looking,3245,392,717,426,817,0,standing,looking,3246,382,716,417,818,0,standing,looking,3247,372,715,408,818,0,standing,looking,3248,362,714,399,819,0,standing,looking,3249,353,712,389,819,0,standing,looking
3_1_249,9105,1176,743,1189,804,0,standing,not-looking,9106,1177,743,1191,804,0,standing,not-looking,9107,1180,743,1194,804,0,standing,not-looking,9108,1182,742,1197,805,0,standing,not-looking,9109,1185,742,1199,805,0,standing,not-looking,9110,1188,742,1202,806,0,standing,not-looking,9111,1190,742,1205,806,0,standing,not-looking,9112,1193,741,1208,806,0,standing,not-looking,9113,1195,741,1211,807,0,standing,not-looking,9114,1198,741,1213,807,0,standing,not-looking,9115,1201,741,1216,808,0,standing,not-looking,9116,1203,740,1219,808,0,standing,not-looking,9117,1206,740,1222,808,0,standing,not-looking,9118,1208,740,1225,809,0,standing,not-looking,9119,1211,740,1227,809,0,standing,not-looking,9120,1214,740,1230,810,0,standing,not-looking,9121,1216,739,1233,810,0,standing,not-looking,9122,1219,739,1236,810,0,standing,not-looking,9123,1221,739,1239,811,0,standing,not-looking,9124,1224,739,1241,811,0,standing,not-looking,9125,1227,738,1244,812,0,standing,not-looking,9126,1229,738,1247,812,0,standing,not-looking,9127,1233,738,1251,813,0,standing,not-looking,9128,1237,738,1255,814,0,standing,not-looking,9129,1241,737,1259,814,0,standing,not-looking,9130,1245,737,1264,815,0,standing,not-looking,9131,1249,737,1268,816,0,standing,not-looking,9132,1252,737,1272,817,0,standing,not-looking,9133,1256,736,1276,818,0,standing,not-looking,9134,1260,736,1280,818,0,standing,not-looking,9135,1264,736,1284,819,0,standing,not-looking,9136,1268,736,1289,820,0,standing,not-looking
3_1_243,8534,508,716,526,810,0,standing,not-looking,8535,505,716,524,810,0,standing,not-looking,8536,503,715,521,811,0,standing,not-looking,8537,500,715,519,811,0,standing,not-looking,8538,497,715,516,811,0,standing,not-looking,8539,495,714,513,811,0,standing,not-looking,8540,492,714,511,811,0,standing,not-looking,8541,490,713,508,811,0,standing,not-looking,8542,487,713,505,812,0,standing,not-looking,8543,484,713,503,812,0,standing,not-looking,8544,482,712,500,812,0,standing,not-looking,8545,479,712,498,812,0,standing,not-looking,8546,477,712,495,812,0,standing,not-looking,8547,474,711,492,812,0,standing,not-looking,8548,470,711,489,812,0,standing,not-looking,8549,466,710,486,812,0,standing,not-looking,8550,462,709,482,812,0,standing,not-looking,8551,458,709,479,812,0,standing,not-looking,8552,454,708,476,812,0,standing,not-looking,8553,450,707,473,812,0,standing,not-looking,8554,446,707,469,812,0,standing,not-looking,8555,442,706,466,812,0,standing,not-looking,8556,438,705,463,812,0,standing,not-looking,8557,434,705,460,812,0,standing,not-looking,8558,430,704,455,812,0,standing,not-looking,8559,426,703,451,812,0,standing,not-looking,8560,421,703,447,812,0,standing,not-looking,8561,417,702,443,812,1,standing,not-looking,8562,413,701,439,812,1,standing,not-looking,8563,409,701,434,812,1,standing,not-looking,8564,405,700,430,812,1,standing,not-looking,8565,401,699,426,812,1,standing,not-looking
3_1_244,8509,563,721,578,799,0,standing,not-looking,8510,562,721,576,800,0,standing,not-looking,8511,560,721,575,800,0,standing,not-looking,8512,559,721,574,800,0,standing,not-looking,8513,558,721,573,801,0,standing,not-looking,8514,557,721,571,801,0,standing,not-looking,8515,555,721,570,801,0,standing,not-looking,8516,554,721,569,802,0,standing,not-looking,8517,553,721,568,802,0,standing,not-looking,8518,552,721,566,802,0,standing,not-looking,8519,551,721,565,802,0,standing,not-looking,8520,549,721,564,803,0,standing,not-looking,8521,548,721,563,803,0,standing,not-looking,8522,546,721,561,804,0,standing,not-looking,8523,544,722,559,804,0,standing,looking,8524,543,722,557,805,0,standing,looking,8525,541,722,556,805,0,standing,looking,8526,539,722,554,806,0,standing,looking,8527,537,723,552,806,0,standing,looking,8528,536,723,550,807,0,standing,looking,8529,534,723,548,807,0,standing,looking,8530,532,724,547,808,0,standing,looking,8531,530,724,545,808,0,standing,looking,8532,527,722,544,808,0,standing,looking,8533,524,721,543,809,0,standing,looking,8534,520,720,543,809,0,standing,looking,8535,518,720,540,809,0,standing,looking,8536,516,720,537,810,0,standing,looking,8537,514,720,534,810,0,standing,looking,8538,512,720,532,810,0,standing,looking,8539,509,720,529,811,0,standing,looking,8540,507,720,526,811,0,standing,looking
3_1_234,3439,1207,735,1229,805,0,standing,looking,3440,1210,735,1233,807,0,standing,looking,3441,1214,736,1237,808,0,standing,looking,3442,1217,736,1240,809,0,standing,looking,3443,1220,736,1244,810,0,standing,looking,3444,1224,736,1247,812,0,standing,looking,3445,1227,737,1251,813,0,standing,looking,3446,1231,735,1256,812,0,standing,looking,3447,1235,733,1260,812,0,standing,looking,3448,1239,731,1265,811,0,standing,looking,3449,1243,730,1269,811,0,standing,looking,3450,1247,728,1274,810,0,standing,looking,3451,1252,728,1279,811,0,standing,looking,3452,1257,728,1284,813,0,standing,looking,3453,1262,728,1289,814,0,standing,looking,3454,1267,728,1294,815,0,standing,looking,3455,1271,728,1300,816,0,standing,looking,3456,1277,727,1306,817,0,standing,looking,3457,1282,727,1312,817,0,standing,looking,3458,1288,726,1318,818,0,standing,looking,3459,1293,725,1324,818,0,standing,looking,3460,1299,724,1330,818,0,standing,looking,3461,1306,723,1337,820,0,standing,looking,3462,1313,723,1344,821,0,standing,looking,3463,1320,722,1351,823,0,standing,looking,3464,1327,721,1358,825,0,standing,looking,3465,1334,720,1365,826,0,standing,looking,3466,1341,719,1374,827,0,standing,looking,3467,1349,718,1383,829,0,standing,looking,3468,1357,717,1392,830,0,standing,looking,3469,1365,716,1401,831,0,standing,looking,3470,1372,715,1410,832,0,standing,looking
3_1_245,8674,1321,719,1353,841,0,standing,not-looking,8675,1326,719,1358,843,0,standing,not-looking,8676,1330,719,1363,844,0,standing,not-looking,8677,1335,719,1368,846,0,standing,not-looking,8678,1340,719,1373,848,0,standing,not-looking,8679,1345,719,1378,849,0,standing,not-looking,8680,1352,718,1386,850,0,standing,not-looking,8681,1359,717,1393,851,0,standing,not-looking,8682,1367,716,1401,851,0,standing,not-looking,8683,1374,715,1408,852,0,standing,not-looking,8684,1382,712,1417,852,0,standing,not-looking,8685,1390,710,1426,852,0,standing,not-looking,8686,1398,707,1435,851,0,standing,not-looking,8687,1406,705,1444,851,0,standing,not-looking,8688,1414,702,1454,851,0,standing,not-looking,8689,1422,700,1463,851,0,standing,not-looking,8690,1432,699,1474,852,0,standing,not-looking,8691,1442,698,1485,854,0,standing,not-looking,8692,1452,698,1497,856,0,standing,not-looking,8693,1463,697,1508,857,0,standing,not-looking,8694,1475,695,1521,860,0,standing,not-looking,8695,1487,693,1533,862,0,standing,not-looking,8696,1499,691,1546,864,0,standing,not-looking,8697,1511,689,1559,866,0,standing,not-looking,8698,1523,687,1571,868,0,standing,not-looking,8699,1535,685,1584,870,0,standing,not-looking,8700,1551,682,1601,871,0,standing,not-looking,8701,1567,679,1617,872,0,standing,not-looking,8702,1583,676,1634,873,0,standing,not-looking,8703,1599,673,1650,874,0,standing,not-looking,8704,1615,670,1667,875,0,standing,not-looking,8705,1631,667,1684,876,0,standing,not-looking
3_1_222,1802,659,735,672,789,0,standing,not-looking,1803,656,735,669,789,0,standing,not-looking,1804,652,735,666,790,0,standing,not-looking,1805,648,735,662,791,0,standing,not-looking,1806,645,735,658,792,0,standing,not-looking,1807,641,735,655,792,0,standing,not-looking,1808,638,735,651,793,0,standing,not-looking,1809,634,735,647,794,0,standing,not-looking,1810,629,735,644,796,0,standing,not-looking,1811,625,736,640,797,0,standing,not-looking,1812,620,736,636,798,0,standing,not-looking,1813,616,736,632,799,0,standing,not-looking,1814,611,736,627,800,0,standing,not-looking,1815,606,736,622,801,0,standing,not-looking,1816,601,736,617,802,0,standing,not-looking,1817,596,736,612,803,0,standing,not-looking,1818,591,736,607,803,0,standing,not-looking,1819,585,736,602,805,0,standing,not-looking,1820,580,736,597,806,0,standing,not-looking,1821,574,735,592,807,0,standing,not-looking,1822,569,735,588,808,0,standing,not-looking,1823,563,734,583,810,0,standing,not-looking,1824,556,734,576,810,0,standing,not-looking,1825,549,733,569,810,0,standing,not-looking,1826,542,732,562,810,0,standing,not-looking,1827,535,732,555,810,0,standing,not-looking,1828,528,731,548,810,0,standing,not-looking,1829,521,730,540,811,0,standing,not-looking,1830,513,729,533,813,0,standing,not-looking,1831,506,728,525,814,0,standing,not-looking,1832,498,728,518,815,0,standing,looking,1833,490,727,510,816,0,standing,not-looking
3_1_227,2794,428,733,444,822,0,standing,not-looking,2795,423,733,440,823,0,standing,not-looking,2796,418,733,435,824,0,standing,not-looking,2797,412,732,430,824,0,standing,not-looking,2798,407,732,425,825,0,standing,not-looking,2799,401,732,420,826,0,standing,not-looking,2800,396,732,415,827,0,standing,not-looking,2801,391,731,410,828,0,standing,not-looking,2802,384,731,404,829,0,standing,not-looking,2803,378,731,398,830,0,standing,not-looking,2804,371,731,392,832,0,standing,not-looking,2805,365,731,386,833,0,standing,not-looking,2806,358,731,380,834,0,standing,not-looking,2807,352,731,374,835,0,standing,not-looking,2808,345,731,368,836,0,standing,not-looking,2809,339,731,362,837,0,standing,not-looking,2810,332,731,356,838,0,standing,not-looking,2811,326,731,350,840,0,standing,not-looking,2812,318,730,341,840,0,standing,not-looking,2813,310,729,333,841,0,standing,not-looking,2814,302,729,325,842,0,standing,not-looking,2815,294,728,317,843,0,standing,not-looking,2816,286,727,309,844,0,standing,not-looking,2817,278,726,301,845,0,standing,not-looking,2818,270,726,293,846,0,standing,not-looking,2819,261,725,285,847,0,standing,not-looking,2820,253,724,277,848,0,standing,not-looking,2821,245,723,269,849,0,standing,not-looking,2822,234,721,259,849,0,standing,not-looking,2823,222,719,248,849,0,standing,not-looking,2824,211,717,237,850,0,standing,not-looking,2825,199,715,227,850,0,standing,not-looking
3_1_229,2786,1291,718,1317,814,0,standing,not-looking,2787,1296,717,1323,815,0,standing,not-looking,2788,1302,716,1329,816,0,standing,not-looking,2789,1309,716,1336,816,0,standing,not-looking,2790,1317,717,1343,816,0,standing,not-looking,2791,1324,717,1350,816,0,standing,not-looking,2792,1332,716,1358,816,0,standing,not-looking,2793,1341,715,1366,817,0,standing,not-looking,2794,1349,714,1374,817,0,standing,not-looking,2795,1357,713,1382,818,0,standing,not-looking,2796,1366,712,1390,818,0,standing,not-looking,2797,1374,712,1398,820,0,standing,not-looking,2798,1382,712,1406,821,0,standing,not-looking,2799,1391,712,1415,822,0,standing,not-looking,2800,1399,712,1423,823,0,standing,not-looking,2801,1407,713,1432,824,1,standing,not-looking,2802,1417,713,1441,825,1,standing,not-looking,2803,1426,713,1451,827,1,standing,not-looking,2804,1435,713,1461,828,1,standing,not-looking,2805,1444,713,1470,829,1,standing,not-looking,2806,1453,714,1480,831,1,standing,not-looking,2807,1463,714,1490,832,1,standing,not-looking,2808,1472,714,1499,834,1,standing,not-looking,2809,1481,713,1509,833,1,standing,not-looking,2810,1491,712,1518,832,2,standing,not-looking,2811,1501,709,1530,832,2,standing,not-looking,2812,1511,705,1542,832,2,standing,not-looking,2813,1521,702,1554,832,2,standing,not-looking,2814,1531,698,1566,832,2,standing,not-looking,2815,1541,694,1578,832,2,standing,not-looking,2816,1551,691,1590,832,2,standing,not-looking,2817,1561,687,1602,832,2,standing,not-looking
3_2_274,3570,1491,708,1538,864,0,standing,not-looking,3571,1495,708,1543,865,0,standing,not-looking,3572,1501,707,1549,866,0,standing,not-looking,3573,1506,707,1554,867,0,standing,not-looking,3574,1512,706,1560,868,0,standing,not-looking,3575,1518,706,1565,868,0,standing,not-looking,3576,1523,705,1571,869,0,standing,not-looking,3577,1529,704,1576,870,0,standing,not-looking,3578,1534,704,1582,871,0,standing,not-looking,3579,1540,703,1587,872,0,standing,not-looking,3580,1545,703,1593,873,0,standing,not-looking,3581,1551,702,1598,874,0,standing,not-looking,3582,1557,702,1605,875,0,standing,not-looking,3583,1563,701,1611,875,0,standing,not-looking,3584,1569,701,1617,876,0,standing,not-looking,3585,1575,700,1624,876,0,standing,not-looking,3586,1581,700,1630,876,0,standing,not-looking,3587,1587,699,1636,877,0,standing,not-looking,3588,1593,699,1642,877,0,standing,not-looking,3589,1599,698,1649,878,0,standing,not-looking,3590,1605,698,1655,878,0,standing,not-looking,3591,1611,697,1661,879,0,standing,not-looking,3592,1617,696,1668,880,0,standing,not-looking,3593,1623,694,1675,881,0,standing,not-looking,3594,1629,693,1682,882,0,standing,not-looking,3595,1635,691,1689,883,0,standing,not-looking,3596,1641,690,1696,885,0,standing,not-looking,3597,1647,689,1703,886,0,standing,not-looking,3598,1653,687,1710,887,0,standing,not-looking,3599,1659,686,1718,888,0,standing,not-looking,3600,1665,684,1725,889,0,standing,not-looking,3601,1671,683,1732,891,0,standing,not-looking
3_2_285,4505,1262,737,1289,829,2,standing,not-looking,4505,1262,737,1289,829,2,standing,not-looking,4505,1262,737,1289,829,2,standing,not-looking,4505,1262,737,1289,829,2,standing,not-looking,4505,1262,737,1289,829,2,standing,not-looking,4505,1262,737,1289,829,2,standing,not-looking,4505,1262,737,1289,829,2,standing,not-looking,4505,1262,737,1289,829,2,standing,not-looking,4505,1262,737,1289,829,2,standing,not-looking,4505,1262,737,1289,829,2,standing,not-looking,4505,1262,737,1289,829,2,standing,not-looking,4505,1262,737,1289,829,2,standing,not-looking,4506,1268,734,1295,828,2,standing,not-looking,4507,1274,732,1301,826,2,standing,not-looking,4508,1280,730,1307,824,2,standing,not-looking,4509,1286,725,1314,821,2,standing,not-looking,4510,1292,720,1320,818,2,standing,not-looking,4511,1299,719,1327,816,1,standing,not-looking,4512,1307,717,1334,817,1,standing,not-looking,4513,1314,715,1342,818,1,standing,not-looking,4514,1320,714,1348,818,0,standing,not-looking,4515,1329,717,1357,823,0,standing,not-looking,4516,1338,719,1366,827,0,standing,not-looking,4517,1346,721,1376,832,0,standing,not-looking,4518,1355,724,1385,836,0,standing,not-looking,4519,1364,726,1394,840,0,standing,not-looking,4520,1373,723,1405,840,0,standing,not-looking,4521,1383,720,1415,840,0,standing,not-looking,4522,1393,718,1425,840,0,standing,not-looking,4523,1402,715,1436,840,0,standing,not-looking,4524,1412,712,1446,840,0,standing,not-looking,4525,1424,711,1459,842,0,standing,not-looking
3_2_270,785,1519,694,1571,857,1,standing,not-looking,786,1523,693,1575,857,0,standing,not-looking,787,1527,692,1580,858,0,standing,not-looking,788,1532,692,1585,858,0,standing,not-looking,789,1536,691,1590,859,0,standing,not-looking,790,1541,690,1595,860,0,standing,not-looking,791,1546,690,1600,860,0,standing,not-looking,792,1550,689,1605,861,0,standing,not-looking,793,1555,689,1610,862,0,standing,not-looking,794,1559,688,1615,862,0,standing,not-looking,795,1564,687,1620,863,0,standing,not-looking,796,1568,687,1625,864,0,standing,not-looking,797,1573,686,1630,864,0,standing,not-looking,798,1577,685,1636,865,0,standing,not-looking,799,1582,684,1642,865,0,standing,not-looking,800,1586,683,1648,866,0,standing,not-looking,801,1591,682,1655,866,0,standing,not-looking,802,1595,681,1661,867,0,standing,not-looking,803,1600,679,1667,868,0,standing,not-looking,804,1604,678,1673,868,0,standing,not-looking,805,1609,677,1679,869,0,standing,not-looking,806,1613,676,1685,869,0,standing,not-looking,807,1618,675,1691,870,0,standing,not-looking,808,1624,674,1699,871,0,standing,not-looking,809,1630,673,1707,872,0,standing,not-looking,810,1637,672,1714,873,0,standing,not-looking,811,1643,671,1722,874,0,standing,not-looking,812,1649,670,1729,875,0,standing,not-looking,813,1655,669,1737,876,0,standing,not-looking,814,1661,668,1745,877,0,standing,not-looking,815,1668,667,1752,878,0,standing,not-looking,816,1674,666,1760,879,0,standing,not-looking
3_2_287,4853,1254,737,1269,804,1,standing,not-looking,4854,1259,735,1274,805,0,standing,not-looking,4855,1264,734,1280,805,0,standing,not-looking,4856,1269,733,1285,805,0,standing,not-looking,4857,1273,732,1290,805,0,standing,not-looking,4858,1278,731,1296,806,0,standing,not-looking,4859,1283,730,1301,806,0,standing,not-looking,4860,1287,729,1307,806,0,standing,not-looking,4861,1292,728,1312,806,0,standing,not-looking,4862,1297,727,1317,806,0,standing,not-looking,4863,1301,726,1323,807,0,standing,not-looking,4864,1306,725,1328,807,0,standing,not-looking,4865,1312,723,1334,807,0,standing,not-looking,4866,1319,722,1341,807,0,standing,not-looking,4867,1325,721,1347,807,0,standing,not-looking,4868,1331,720,1353,807,0,standing,not-looking,4869,1337,718,1360,807,0,standing,not-looking,4870,1344,718,1367,808,0,standing,not-looking,4871,1351,717,1375,809,0,standing,not-looking,4872,1358,716,1382,811,0,standing,not-looking,4873,1365,716,1390,812,0,standing,not-looking,4874,1372,715,1397,813,0,standing,not-looking,4875,1381,715,1406,814,0,standing,not-looking,4876,1389,714,1414,816,0,standing,not-looking,4877,1398,714,1423,818,0,standing,not-looking,4878,1406,714,1432,819,0,standing,not-looking,4879,1415,713,1440,821,0,standing,not-looking,4880,1425,713,1450,823,0,standing,not-looking,4881,1435,712,1460,825,0,standing,not-looking,4882,1445,712,1470,828,0,standing,not-looking,4883,1455,711,1480,830,0,standing,not-looking,4884,1465,711,1490,833,0,standing,not-looking
3_2_288,4906,1276,747,1293,811,0,standing,not-looking,4907,1280,747,1298,812,0,standing,not-looking,4908,1284,748,1302,813,0,standing,not-looking,4909,1287,748,1305,814,0,standing,not-looking,4910,1292,747,1310,813,0,standing,not-looking,4911,1297,745,1315,812,0,standing,not-looking,4912,1302,744,1320,810,0,standing,not-looking,4913,1307,742,1325,809,0,standing,not-looking,4914,1312,740,1330,809,0,standing,not-looking,4915,1317,740,1336,810,0,standing,not-looking,4916,1323,739,1342,812,0,standing,not-looking,4917,1328,739,1348,814,0,standing,not-looking,4918,1333,739,1354,815,0,standing,not-looking,4919,1339,739,1360,817,0,standing,not-looking,4920,1344,740,1366,819,0,standing,not-looking,4921,1349,741,1372,821,0,standing,not-looking,4922,1355,739,1378,821,0,standing,not-looking,4923,1361,737,1384,820,0,standing,not-looking,4924,1368,737,1393,822,0,standing,not-looking,4925,1375,737,1401,824,0,standing,not-looking,4926,1383,740,1409,827,0,standing,not-looking,4927,1391,743,1417,832,0,standing,not-looking,4928,1399,746,1425,836,0,standing,not-looking,4929,1406,745,1433,837,0,standing,not-looking,4930,1413,744,1442,838,0,standing,not-looking,4931,1421,743,1451,838,0,standing,not-looking,4932,1432,740,1462,837,0,standing,not-looking,4933,1443,737,1473,835,0,standing,not-looking,4934,1452,734,1483,834,0,standing,not-looking,4935,1460,730,1492,834,0,standing,not-looking,4936,1472,731,1504,836,0,standing,not-looking,4937,1485,731,1516,839,0,standing,not-looking
3_2_298,10131,1322,741,1343,807,0,walking,not-looking,10132,1325,742,1345,809,0,walking,not-looking,10133,1327,739,1348,808,0,walking,not-looking,10134,1330,737,1352,808,0,walking,not-looking,10135,1333,735,1355,807,0,walking,not-looking,10136,1336,732,1359,807,0,walking,not-looking,10137,1339,730,1362,807,0,walking,not-looking,10138,1342,727,1365,806,0,walking,not-looking,10139,1346,725,1368,805,0,walking,not-looking,10140,1349,722,1372,804,0,walking,not-looking,10141,1352,719,1375,803,0,walking,not-looking,10142,1355,717,1378,802,0,walking,not-looking,10143,1359,717,1382,804,0,walking,not-looking,10144,1363,717,1386,806,0,walking,not-looking,10145,1367,717,1390,809,0,walking,not-looking,10146,1371,716,1394,811,0,walking,not-looking,10147,1375,716,1398,813,0,walking,not-looking,10148,1380,715,1403,813,0,walking,not-looking,10149,1384,715,1409,814,0,walking,not-looking,10150,1389,714,1414,814,0,walking,not-looking,10151,1393,713,1419,814,0,walking,not-looking,10152,1398,712,1424,815,0,walking,not-looking,10153,1403,709,1431,814,0,walking,not-looking,10154,1409,706,1437,813,0,walking,not-looking,10155,1414,704,1444,812,0,walking,not-looking,10156,1420,701,1450,811,0,walking,not-looking,10157,1425,698,1457,811,0,walking,not-looking,10158,1433,698,1465,811,0,walking,not-looking,10159,1440,697,1473,812,0,walking,not-looking,10160,1447,697,1481,813,0,walking,not-looking,10161,1454,696,1490,814,0,walking,not-looking,10162,1461,696,1498,815,0,walking,not-looking
3_2_292,8588,1181,732,1220,830,0,walking,not-looking,8589,1186,731,1226,831,0,walking,not-looking,8590,1191,731,1231,833,0,walking,not-looking,8591,1196,731,1237,834,0,walking,not-looking,8592,1201,730,1242,836,0,walking,not-looking,8593,1205,731,1249,837,0,walking,not-looking,8594,1210,732,1257,839,0,walking,not-looking,8595,1215,733,1264,840,0,walking,not-looking,8596,1219,733,1271,842,0,walking,not-looking,8597,1224,734,1279,843,0,walking,not-looking,8598,1231,737,1287,846,0,walking,not-looking,8599,1238,740,1296,848,0,walking,not-looking,8600,1245,744,1304,851,0,walking,not-looking,8601,1253,747,1312,853,0,walking,not-looking,8602,1260,750,1321,856,0,walking,not-looking,8603,1266,753,1330,858,0,walking,not-looking,8604,1272,756,1340,861,0,walking,not-looking,8605,1278,759,1350,864,0,walking,not-looking,8606,1285,762,1359,867,0,walking,not-looking,8607,1291,765,1369,869,0,walking,not-looking,8608,1297,767,1380,872,0,walking,not-looking,8609,1304,769,1391,876,0,walking,not-looking,8610,1310,771,1402,879,0,walking,not-looking,8611,1316,772,1413,882,0,walking,not-looking,8612,1323,774,1424,885,0,walking,not-looking,8613,1334,774,1437,888,0,walking,not-looking,8614,1346,773,1450,890,0,walking,not-looking,8615,1358,773,1463,893,0,walking,not-looking,8616,1369,772,1477,896,0,walking,not-looking,8617,1381,772,1490,898,0,walking,not-looking,8618,1392,766,1508,901,0,walking,not-looking,8619,1403,760,1527,904,0,walking,not-looking
3_2_281,4491,1219,728,1239,803,0,standing,not-looking,4492,1224,728,1243,803,0,standing,not-looking,4493,1228,728,1248,803,0,standing,not-looking,4494,1233,727,1252,804,0,standing,not-looking,4495,1237,728,1257,804,0,standing,not-looking,4496,1242,728,1261,804,0,standing,not-looking,4497,1246,728,1266,804,1,standing,not-looking,4498,1251,727,1271,805,1,standing,not-looking,4499,1256,726,1275,807,1,standing,not-looking,4500,1262,727,1281,810,1,standing,not-looking,4501,1268,729,1287,813,2,standing,not-looking,4502,1274,729,1294,815,2,standing,not-looking,4503,1281,729,1301,817,2,standing,not-looking,4504,1287,729,1308,819,2,standing,not-looking,4505,1294,730,1314,821,2,standing,not-looking,4506,1300,730,1321,823,2,standing,not-looking,4507,1306,726,1328,823,2,standing,not-looking,4508,1312,723,1335,823,2,standing,not-looking,4509,1318,720,1342,822,2,standing,not-looking,4510,1324,716,1348,822,2,standing,not-looking,4511,1330,713,1355,821,2,standing,not-looking,4512,1336,710,1362,821,2,standing,not-looking,4513,1342,706,1369,821,2,standing,not-looking,4514,1351,708,1379,825,2,standing,not-looking,4515,1360,709,1388,829,2,standing,not-looking,4516,1369,710,1398,834,2,standing,not-looking,4517,1378,712,1408,838,2,standing,not-looking,4518,1387,713,1418,842,2,standing,not-looking,4519,1401,712,1433,844,2,standing,not-looking,4520,1415,710,1447,845,2,standing,not-looking,4521,1428,709,1462,847,2,standing,not-looking,4522,1434,705,1470,848,2,standing,not-looking
3_2_271,784,1452,709,1503,853,0,standing,not-looking,785,1455,709,1506,852,0,standing,not-looking,786,1459,708,1510,853,0,standing,not-looking,787,1462,707,1514,854,0,standing,not-looking,788,1465,707,1517,854,0,standing,not-looking,789,1469,706,1521,855,0,standing,not-looking,790,1472,705,1525,855,0,standing,not-looking,791,1475,705,1528,856,0,standing,not-looking,792,1479,704,1532,857,0,standing,not-looking,793,1482,703,1536,857,0,standing,not-looking,794,1485,703,1539,858,0,standing,not-looking,795,1488,702,1543,858,0,standing,not-looking,796,1492,702,1547,859,0,standing,not-looking,797,1495,702,1552,860,0,standing,not-looking,798,1499,702,1556,861,0,standing,not-looking,799,1502,702,1560,862,0,standing,not-looking,800,1506,702,1564,862,0,standing,not-looking,801,1509,702,1569,863,0,standing,not-looking,802,1513,702,1573,864,0,standing,not-looking,803,1516,702,1577,865,0,standing,not-looking,804,1520,702,1581,866,0,standing,not-looking,805,1523,702,1586,866,0,standing,not-looking,806,1528,701,1590,868,0,standing,not-looking,807,1533,700,1595,869,0,standing,not-looking,808,1538,699,1600,870,0,standing,not-looking,809,1543,698,1604,871,0,standing,not-looking,810,1548,698,1609,872,0,standing,not-looking,811,1553,698,1614,873,0,standing,not-looking,812,1558,699,1619,874,0,standing,not-looking,813,1563,699,1623,875,0,standing,not-looking,814,1568,700,1628,876,0,standing,not-looking,815,1573,700,1633,877,0,standing,not-looking
3_2_279,4483,575,733,590,796,2,standing,not-looking,4484,572,733,587,797,2,standing,not-looking,4485,568,732,583,797,2,standing,not-looking,4486,565,732,580,797,2,standing,not-looking,4487,562,732,577,798,2,standing,not-looking,4488,558,732,574,798,2,standing,not-looking,4489,554,731,569,798,1,standing,not-looking,4490,549,731,565,799,1,standing,not-looking,4491,545,730,561,798,1,standing,not-looking,4492,541,729,555,800,0,standing,not-looking,4493,534,727,548,798,0,standing,not-looking,4494,528,725,542,796,0,standing,not-looking,4495,522,724,536,794,0,standing,not-looking,4496,516,722,529,792,0,standing,not-looking,4497,509,720,523,790,0,standing,not-looking,4498,502,720,520,799,0,standing,not-looking,4499,495,721,513,801,0,standing,not-looking,4500,488,722,507,804,0,standing,not-looking,4501,481,722,500,806,0,standing,not-looking,4502,474,723,494,809,0,standing,not-looking,4503,467,724,487,811,0,standing,not-looking,4504,460,723,480,812,0,standing,not-looking,4505,452,721,473,812,0,standing,not-looking,4506,445,719,466,812,0,standing,not-looking,4507,438,718,458,812,0,standing,not-looking,4508,430,716,451,813,0,standing,not-looking,4509,421,714,443,812,0,standing,looking,4510,411,711,434,810,0,standing,looking,4511,402,709,426,809,0,standing,looking,4512,393,706,417,808,0,standing,looking,4513,383,704,409,807,0,standing,not-looking,4514,373,707,398,812,0,standing,not-looking
3_2_278,4041,556,729,589,823,0,walking,not-looking,4042,554,727,587,823,0,walking,not-looking,4043,551,724,586,823,0,walking,not-looking,4044,547,722,585,822,0,walking,not-looking,4045,544,721,584,822,0,walking,not-looking,4046,540,721,583,822,0,walking,not-looking,4047,537,720,582,822,0,walking,not-looking,4048,532,718,577,822,0,walking,not-looking,4049,527,716,572,821,0,walking,not-looking,4050,522,714,567,821,0,walking,not-looking,4051,517,712,562,821,0,walking,not-looking,4052,512,710,557,821,0,walking,not-looking,4053,505,708,553,821,0,walking,not-looking,4054,498,706,549,822,0,walking,not-looking,4055,490,704,544,822,0,walking,not-looking,4056,483,702,540,822,0,walking,not-looking,4057,475,700,536,822,0,walking,not-looking,4058,469,700,532,823,0,walking,not-looking,4059,463,700,527,824,0,walking,not-looking,4060,457,700,523,825,0,walking,not-looking,4061,451,699,519,826,0,walking,not-looking,4062,445,699,515,828,0,walking,not-looking,4063,440,699,508,830,0,walking,not-looking,4064,435,699,501,832,0,walking,not-looking,4065,430,699,494,834,0,walking,not-looking,4066,425,699,487,837,0,walking,not-looking,4067,420,699,480,839,0,walking,not-looking,4068,410,699,470,842,0,walking,not-looking,4069,400,699,460,844,0,walking,not-looking,4070,390,699,451,847,0,walking,not-looking,4071,381,698,441,850,0,walking,not-looking,4072,371,698,431,853,0,walking,not-looking
3_2_284,4492,1289,731,1310,797,0,walking,looking,4493,1293,730,1314,799,0,walking,looking,4494,1298,730,1319,801,0,walking,looking,4495,1303,729,1324,803,0,walking,looking,4496,1308,729,1329,804,0,walking,looking,4497,1312,728,1335,807,0,walking,looking,4498,1316,728,1340,810,0,walking,looking,4499,1324,727,1348,810,1,walking,looking,4500,1330,728,1355,811,1,walking,looking,4501,1336,729,1361,812,1,walking,looking,4502,1343,730,1367,813,1,walking,looking,4503,1349,731,1373,813,1,walking,looking,4504,1355,732,1379,814,1,walking,looking,4505,1364,730,1388,813,1,walking,looking,4506,1372,728,1396,813,1,walking,looking,4507,1381,726,1405,812,1,walking,looking,4508,1389,724,1414,811,1,walking,looking,4509,1398,722,1422,810,1,walking,not-looking,4510,1406,717,1430,805,1,walking,not-looking,4511,1417,716,1441,804,2,walking,not-looking,4512,1425,711,1452,807,2,walking,not-looking,4513,1434,706,1463,810,2,walking,not-looking,4514,1445,707,1474,810,1,walking,not-looking,4515,1454,707,1480,816,1,walking,not-looking,4516,1465,706,1491,821,0,walking,not-looking,4517,1476,707,1504,824,0,walking,not-looking,4518,1488,708,1517,827,0,walking,not-looking,4519,1499,708,1531,830,0,walking,not-looking,4520,1511,709,1544,832,0,walking,not-looking,4521,1522,709,1557,835,0,walking,not-looking,4522,1536,706,1572,834,0,walking,not-looking,4523,1550,702,1587,834,0,walking,not-looking
3_2_280,4498,1237,721,1260,815,2,standing,not-looking,4499,1242,722,1265,817,2,standing,not-looking,4500,1246,723,1270,820,2,standing,not-looking,4501,1253,722,1278,821,2,standing,not-looking,4502,1261,720,1285,822,2,standing,not-looking,4503,1267,720,1292,823,2,standing,not-looking,4504,1273,719,1299,824,2,standing,not-looking,4505,1280,718,1306,826,2,standing,not-looking,4506,1286,718,1313,827,2,standing,not-looking,4507,1293,717,1319,828,2,standing,not-looking,4508,1300,714,1327,828,2,standing,not-looking,4509,1308,712,1335,827,2,standing,not-looking,4510,1315,709,1343,826,2,standing,not-looking,4511,1323,706,1351,826,2,standing,not-looking,4512,1330,704,1359,825,2,standing,not-looking,4513,1338,704,1367,828,2,standing,not-looking,4514,1346,704,1375,830,2,standing,not-looking,4515,1354,705,1384,832,2,standing,not-looking,4516,1363,706,1395,835,2,standing,not-looking,4517,1371,707,1406,838,2,standing,not-looking,4518,1381,705,1416,840,2,standing,not-looking,4519,1391,703,1427,843,2,standing,not-looking,4520,1400,701,1437,846,2,standing,not-looking,4521,1410,699,1448,849,2,standing,not-looking,4522,1420,697,1459,851,2,standing,not-looking,4523,1433,694,1472,853,2,standing,not-looking,4524,1446,691,1486,854,2,standing,not-looking,4525,1459,688,1500,856,2,standing,not-looking,4526,1471,686,1513,858,2,standing,not-looking,4527,1484,685,1527,861,1,standing,not-looking,4528,1501,684,1545,864,1,standing,not-looking,4529,1517,684,1563,868,1,standing,not-looking
3_2_286,4850,1249,736,1266,805,2,standing,not-looking,4851,1253,735,1270,804,2,standing,not-looking,4852,1258,734,1275,804,2,standing,not-looking,4853,1263,733,1280,804,2,standing,not-looking,4854,1268,732,1285,804,2,standing,not-looking,4855,1273,731,1291,804,2,standing,not-looking,4856,1277,730,1296,804,2,standing,not-looking,4857,1282,729,1301,804,2,standing,not-looking,4858,1287,728,1306,805,2,standing,not-looking,4859,1292,728,1311,805,2,standing,not-looking,4860,1297,727,1316,805,2,standing,not-looking,4861,1302,726,1321,805,2,standing,not-looking,4862,1307,725,1327,805,2,standing,not-looking,4863,1313,724,1333,804,2,standing,not-looking,4864,1320,723,1340,803,1,standing,not-looking,4865,1326,722,1346,802,0,standing,not-looking,4866,1333,720,1353,800,0,standing,not-looking,4867,1340,719,1360,802,0,standing,not-looking,4868,1346,718,1367,803,0,standing,not-looking,4869,1353,717,1374,804,0,standing,not-looking,4870,1360,716,1381,805,0,standing,not-looking,4871,1366,715,1389,806,0,standing,not-looking,4872,1373,713,1396,807,0,standing,not-looking,4873,1382,713,1404,809,0,standing,not-looking,4874,1390,712,1413,810,0,standing,not-looking,4875,1399,712,1422,812,0,standing,not-looking,4876,1408,711,1430,814,0,standing,not-looking,4877,1416,711,1439,815,0,standing,not-looking,4878,1425,710,1450,817,0,standing,not-looking,4879,1435,710,1461,819,0,standing,not-looking,4880,1444,709,1472,821,0,standing,not-looking,4881,1453,709,1484,823,0,standing,not-looking
3_2_277,3819,1202,736,1223,811,0,standing,not-looking,3820,1205,736,1226,812,0,standing,not-looking,3821,1208,736,1230,813,0,standing,not-looking,3822,1211,736,1233,814,0,standing,not-looking,3823,1214,737,1237,816,0,standing,not-looking,3824,1217,737,1240,818,0,standing,not-looking,3825,1220,737,1243,820,0,standing,not-looking,3826,1222,738,1247,821,0,standing,not-looking,3827,1226,739,1250,823,0,standing,not-looking,3828,1229,741,1253,824,0,standing,not-looking,3829,1232,742,1257,826,0,standing,not-looking,3830,1236,744,1260,827,0,standing,not-looking,3831,1239,745,1263,829,0,standing,not-looking,3832,1243,745,1268,830,0,standing,not-looking,3833,1247,746,1272,832,0,standing,not-looking,3834,1251,746,1276,834,0,standing,not-looking,3835,1254,746,1280,835,0,standing,not-looking,3836,1258,747,1284,837,0,standing,not-looking,3837,1262,746,1288,837,0,standing,not-looking,3838,1265,745,1292,838,0,standing,not-looking,3839,1269,745,1296,838,0,standing,not-looking,3840,1272,744,1300,839,0,standing,not-looking,3841,1276,743,1304,839,0,standing,not-looking,3842,1280,744,1309,841,0,standing,not-looking,3843,1284,744,1314,843,0,standing,not-looking,3844,1289,745,1319,846,0,standing,not-looking,3845,1293,745,1323,848,0,standing,not-looking,3846,1297,746,1328,850,0,standing,not-looking,3847,1302,746,1333,852,0,standing,not-looking,3848,1307,746,1339,854,0,standing,not-looking,3849,1312,747,1344,856,0,standing,not-looking,3850,1317,747,1349,858,0,standing,not-looking
3_2_306,13471,321,719,361,828,0,walking,not-looking,13472,316,718,356,828,0,walking,not-looking,13473,311,717,351,828,0,walking,not-looking,13474,305,716,346,829,0,walking,not-looking,13475,300,716,340,830,0,walking,not-looking,13476,294,716,335,831,0,walking,not-looking,13477,288,716,330,832,0,walking,not-looking,13478,283,715,325,833,0,walking,not-looking,13479,277,713,319,832,0,walking,not-looking,13480,272,710,314,830,0,walking,not-looking,13481,267,707,309,829,0,walking,not-looking,13482,262,704,304,827,0,walking,not-looking,13483,256,702,298,826,0,walking,not-looking,13484,250,700,293,825,0,walking,not-looking,13485,243,698,288,824,0,walking,not-looking,13486,237,696,283,823,0,walking,not-looking,13487,231,695,278,822,0,walking,not-looking,13488,224,693,273,822,0,walking,not-looking,13489,217,690,267,821,0,walking,not-looking,13490,210,688,260,819,0,walking,not-looking,13491,203,685,253,818,0,walking,not-looking,13492,196,683,246,817,0,walking,not-looking,13493,189,680,239,816,0,walking,not-looking,13494,181,681,231,819,0,walking,not-looking,13495,173,682,223,822,0,walking,not-looking,13496,165,683,215,825,0,walking,not-looking,13497,157,684,207,827,0,walking,not-looking,13498,149,685,198,830,0,walking,not-looking,13499,140,681,190,829,0,walking,not-looking,13500,132,678,182,828,0,walking,not-looking,13501,124,674,174,827,0,walking,not-looking,13502,115,671,166,826,0,walking,not-looking
3_2_276,3819,1173,729,1198,808,0,standing,looking,3820,1175,729,1200,809,0,standing,looking,3821,1177,730,1203,810,0,standing,looking,3822,1180,730,1206,811,0,standing,looking,3823,1182,730,1209,812,0,standing,looking,3824,1185,730,1212,812,0,standing,looking,3825,1188,730,1215,813,0,standing,looking,3826,1190,730,1218,814,0,standing,looking,3827,1193,731,1221,816,0,standing,looking,3828,1196,732,1223,818,0,standing,looking,3829,1199,733,1226,820,0,standing,looking,3830,1201,734,1229,822,0,standing,looking,3831,1204,735,1232,825,0,standing,looking,3832,1207,735,1235,826,0,standing,looking,3833,1211,735,1238,827,0,standing,looking,3834,1214,736,1241,828,0,standing,looking,3835,1217,736,1245,830,0,standing,looking,3836,1220,736,1248,831,0,standing,looking,3837,1224,735,1252,831,0,standing,looking,3838,1227,734,1255,832,0,standing,looking,3839,1230,734,1259,832,0,standing,looking,3840,1234,733,1263,832,0,standing,looking,3841,1237,732,1266,833,0,standing,looking,3842,1240,733,1270,835,0,standing,looking,3843,1244,733,1274,837,0,standing,looking,3844,1247,734,1278,840,0,standing,looking,3845,1251,734,1282,842,0,standing,looking,3846,1254,735,1285,844,0,standing,looking,3847,1259,735,1290,846,0,standing,looking,3848,1263,735,1294,847,0,standing,looking,3849,1267,736,1299,849,0,standing,looking,3850,1271,736,1303,850,0,standing,looking
3_2_291,8507,1201,751,1244,832,1,standing,not-looking,8508,1204,751,1247,832,1,standing,not-looking,8509,1208,751,1252,833,1,standing,not-looking,8510,1212,750,1257,834,1,standing,not-looking,8511,1216,749,1261,835,0,standing,not-looking,8512,1220,749,1266,835,0,standing,not-looking,8513,1224,748,1270,836,0,standing,not-looking,8514,1224,746,1274,838,0,standing,not-looking,8515,1224,744,1278,841,0,standing,not-looking,8516,1230,741,1284,842,0,standing,not-looking,8517,1236,738,1289,843,0,standing,not-looking,8518,1242,735,1295,845,0,standing,not-looking,8519,1247,735,1299,849,0,standing,not-looking,8520,1252,735,1303,854,0,standing,not-looking,8521,1257,735,1307,858,0,standing,not-looking,8522,1262,734,1313,861,0,standing,not-looking,8523,1267,734,1320,865,0,standing,not-looking,8524,1275,730,1326,866,0,standing,not-looking,8525,1282,726,1333,866,0,standing,not-looking,8526,1290,722,1340,867,0,standing,not-looking,8527,1297,718,1346,868,0,standing,not-looking,8528,1305,714,1353,869,0,standing,not-looking,8529,1313,713,1364,871,0,standing,not-looking,8530,1320,711,1374,874,0,standing,not-looking,8531,1328,709,1384,876,0,standing,not-looking,8532,1336,708,1395,879,0,standing,not-looking,8533,1343,706,1405,882,0,standing,not-looking,8534,1353,703,1418,885,0,standing,not-looking,8535,1363,700,1431,888,0,standing,not-looking,8536,1373,697,1444,891,0,standing,not-looking,8537,1383,694,1457,893,0,standing,not-looking,8538,1393,691,1470,896,0,standing,not-looking
3_2_282,4490,1251,726,1270,798,1,standing,not-looking,4491,1256,726,1275,799,1,standing,not-looking,4492,1260,727,1280,800,1,standing,not-looking,4493,1265,727,1285,802,1,standing,not-looking,4494,1269,727,1289,803,1,standing,not-looking,4495,1274,727,1294,805,1,standing,not-looking,4496,1278,727,1299,806,1,standing,not-looking,4497,1282,727,1304,807,2,standing,not-looking,4498,1288,727,1310,809,2,standing,not-looking,4499,1293,727,1315,810,2,standing,not-looking,4500,1299,726,1321,811,2,standing,not-looking,4501,1304,726,1327,812,2,standing,not-looking,4502,1309,727,1331,815,1,standing,not-looking,4503,1316,727,1339,816,1,standing,not-looking,4504,1324,727,1347,818,0,standing,not-looking,4505,1331,725,1355,817,0,standing,not-looking,4506,1338,723,1363,816,0,standing,not-looking,4507,1345,721,1371,816,0,standing,not-looking,4508,1352,719,1379,815,0,standing,not-looking,4509,1359,717,1388,814,0,standing,not-looking,4510,1368,714,1397,814,0,standing,not-looking,4511,1377,711,1406,814,0,standing,not-looking,4512,1386,708,1414,813,0,standing,not-looking,4513,1395,705,1423,813,0,standing,not-looking,4514,1404,702,1432,812,0,standing,not-looking,4515,1414,704,1443,816,0,standing,not-looking,4516,1424,706,1454,820,0,standing,not-looking,4517,1433,708,1466,823,0,standing,not-looking,4518,1443,710,1477,827,0,standing,not-looking,4519,1453,712,1488,830,0,standing,not-looking,4520,1465,710,1499,831,0,standing,not-looking,4521,1476,707,1511,831,0,standing,not-looking
3_2_300,10474,743,738,763,806,0,standing,looking,10475,740,738,760,807,0,standing,looking,10476,737,738,757,808,0,standing,looking,10477,733,738,754,809,0,standing,looking,10478,730,737,751,809,0,standing,looking,10479,727,737,748,810,0,standing,looking,10480,723,736,745,810,0,standing,looking,10481,720,736,742,811,0,standing,looking,10482,716,735,738,812,0,standing,looking,10483,711,735,735,813,0,standing,looking,10484,707,734,732,814,0,standing,looking,10485,702,734,728,816,0,standing,looking,10486,698,733,725,817,0,standing,looking,10487,693,733,720,817,0,standing,looking,10488,688,732,716,818,0,standing,looking,10489,683,732,711,819,0,standing,looking,10490,678,731,707,819,0,standing,looking,10491,673,731,702,820,0,standing,looking,10492,666,730,697,822,0,standing,looking,10493,660,729,691,823,0,standing,looking,10494,653,729,685,825,0,standing,looking,10495,647,728,679,826,0,standing,looking,10496,640,728,673,828,0,standing,not-looking,10497,633,727,667,829,0,standing,not-looking,10498,625,725,660,829,0,standing,not-looking,10499,618,724,653,830,0,standing,not-looking,10500,610,723,646,831,0,standing,not-looking,10501,603,721,639,832,0,standing,not-looking,10502,593,722,631,834,0,standing,not-looking,10503,584,722,623,837,0,standing,not-looking,10504,575,722,615,839,0,standing,not-looking,10505,565,723,607,842,0,standing,not-looking
3_2_299,10469,726,741,746,805,0,standing,not-looking,10470,723,741,743,805,0,standing,not-looking,10471,720,740,741,805,0,standing,not-looking,10472,717,740,739,806,0,standing,not-looking,10473,714,739,737,806,0,standing,not-looking,10474,711,739,734,806,0,standing,not-looking,10475,707,739,731,807,0,standing,not-looking,10476,704,738,727,809,0,standing,not-looking,10477,700,738,724,810,0,standing,not-looking,10478,697,738,720,811,0,standing,not-looking,10479,693,738,717,813,0,standing,not-looking,10480,688,738,713,813,0,standing,not-looking,10481,684,738,709,814,0,standing,not-looking,10482,679,737,705,814,0,standing,not-looking,10483,674,737,700,815,0,standing,not-looking,10484,670,737,696,815,0,standing,not-looking,10485,665,737,691,816,0,standing,not-looking,10486,659,736,685,817,0,standing,not-looking,10487,654,736,679,818,0,standing,not-looking,10488,649,736,674,819,0,standing,not-looking,10489,644,735,668,820,0,standing,not-looking,10490,638,735,663,822,0,standing,not-looking,10491,632,734,658,824,0,standing,not-looking,10492,626,734,653,825,0,standing,not-looking,10493,621,733,648,827,0,standing,not-looking,10494,615,732,643,829,0,standing,not-looking,10495,608,731,636,829,0,standing,not-looking,10496,600,730,628,830,0,standing,not-looking,10497,593,729,621,831,0,standing,not-looking,10498,586,727,614,832,0,standing,not-looking,10499,578,726,606,832,0,standing,not-looking,10500,569,726,598,835,0,standing,not-looking
3_2_273,870,1210,725,1235,820,0,standing,not-looking,871,1211,724,1237,820,0,standing,not-looking,872,1213,724,1239,820,0,standing,not-looking,873,1215,723,1242,821,0,standing,not-looking,874,1217,723,1245,821,0,standing,not-looking,875,1219,723,1247,822,0,standing,not-looking,876,1221,723,1250,823,0,standing,not-looking,877,1224,723,1253,824,0,standing,not-looking,878,1227,723,1256,825,0,standing,not-looking,879,1230,723,1259,826,0,standing,not-looking,880,1233,724,1262,828,0,standing,not-looking,881,1236,724,1265,829,0,standing,not-looking,882,1240,725,1269,830,0,standing,not-looking,883,1243,727,1272,832,0,standing,not-looking,884,1247,728,1276,833,0,standing,not-looking,885,1251,729,1280,834,0,standing,not-looking,886,1254,731,1283,836,0,standing,not-looking,887,1258,730,1287,838,0,standing,not-looking,888,1262,728,1291,839,0,standing,not-looking,889,1266,727,1295,841,0,standing,not-looking,890,1270,726,1299,843,0,standing,not-looking,891,1273,725,1303,845,0,standing,not-looking,892,1277,725,1307,846,0,standing,not-looking,893,1280,725,1312,847,0,standing,not-looking,894,1284,725,1317,847,0,standing,not-looking,895,1287,725,1322,848,0,standing,not-looking,896,1290,725,1326,849,0,standing,not-looking,897,1295,725,1331,851,0,standing,not-looking,898,1299,725,1336,853,0,standing,not-looking,899,1303,725,1341,854,0,standing,not-looking,900,1308,725,1346,856,0,standing,not-looking,901,1312,725,1351,857,0,standing,not-looking
3_2_272,765,249,668,284,813,2,standing,looking,766,246,667,281,814,2,standing,looking,767,243,666,277,814,2,standing,looking,768,239,665,274,814,2,standing,looking,769,236,664,271,814,2,standing,looking,770,232,663,267,814,2,standing,looking,771,229,663,264,814,2,standing,looking,772,226,662,260,814,2,standing,looking,773,222,661,257,815,2,standing,looking,774,219,660,254,815,2,standing,looking,775,219,660,254,815,1,standing,looking,776,212,662,254,820,0,standing,looking,777,207,662,251,821,0,standing,looking,778,202,663,247,821,0,standing,looking,779,197,663,243,822,0,standing,looking,780,192,664,240,822,0,standing,looking,781,187,664,236,823,0,standing,looking,782,182,663,232,822,0,standing,looking,783,178,661,227,822,0,standing,looking,784,173,659,223,821,0,standing,looking,785,168,657,218,821,0,standing,looking,786,163,656,214,820,0,standing,looking,787,159,654,209,820,0,standing,looking,788,154,652,205,819,0,standing,looking,789,149,650,200,819,0,standing,looking,790,144,648,196,818,0,standing,looking,791,139,647,191,818,0,standing,looking,792,133,646,185,817,0,standing,looking,793,127,646,180,817,0,standing,looking,794,121,646,174,817,0,standing,looking,795,115,646,168,816,0,standing,looking,796,108,645,163,816,0,standing,looking
3_2_293,9981,1377,727,1415,847,0,standing,not-looking,9982,1379,727,1417,848,0,standing,not-looking,9983,1382,726,1420,848,0,standing,not-looking,9984,1385,725,1423,848,0,standing,not-looking,9985,1387,724,1425,848,0,standing,not-looking,9986,1390,724,1428,848,0,standing,not-looking,9987,1393,723,1431,848,0,standing,not-looking,9988,1395,722,1434,848,0,standing,not-looking,9989,1398,722,1438,849,0,standing,not-looking,9990,1401,722,1441,850,0,standing,not-looking,9991,1403,721,1445,850,0,standing,not-looking,9992,1406,721,1448,851,0,standing,not-looking,9993,1410,720,1452,851,0,standing,not-looking,9994,1413,719,1456,851,0,standing,not-looking,9995,1417,718,1460,851,0,standing,not-looking,9996,1421,717,1464,851,0,standing,not-looking,9997,1425,716,1468,852,0,standing,not-looking,9998,1429,715,1473,852,0,standing,not-looking,9999,1433,715,1478,853,0,standing,not-looking,10000,1437,714,1483,853,0,standing,not-looking,10001,1441,713,1488,854,0,standing,not-looking,10002,1445,713,1493,855,0,standing,not-looking,10003,1451,712,1499,855,0,standing,not-looking,10004,1457,711,1505,856,0,standing,not-looking,10005,1463,709,1511,857,0,standing,not-looking,10006,1469,708,1517,857,0,standing,not-looking,10007,1475,707,1523,858,0,standing,not-looking,10008,1481,706,1529,859,0,standing,not-looking,10009,1486,706,1535,860,0,standing,not-looking,10010,1492,705,1541,861,0,standing,not-looking,10011,1498,704,1547,862,0,standing,not-looking,10012,1504,703,1553,862,0,standing,not-looking
3_2_301,11621,412,719,440,817,0,standing,not-looking,11622,409,718,435,817,0,standing,not-looking,11623,402,716,431,817,0,standing,not-looking,11624,395,715,428,817,0,standing,not-looking,11625,388,713,424,817,0,standing,not-looking,11626,381,711,421,816,0,standing,not-looking,11627,374,709,417,816,0,standing,not-looking,11628,367,709,412,817,0,standing,not-looking,11629,361,708,406,817,0,standing,not-looking,11630,354,707,401,818,0,standing,not-looking,11631,348,706,396,819,0,standing,not-looking,11632,341,706,391,819,0,standing,not-looking,11633,334,706,384,821,0,standing,not-looking,11634,328,707,377,823,0,standing,not-looking,11635,321,708,370,825,0,standing,not-looking,11636,314,709,363,827,0,standing,not-looking,11637,307,710,356,829,0,standing,not-looking,11638,300,709,348,830,0,standing,not-looking,11639,293,709,340,832,0,standing,not-looking,11640,287,708,331,833,0,standing,not-looking,11641,280,708,323,834,0,standing,not-looking,11642,273,707,314,836,0,standing,not-looking,11643,266,706,306,837,0,standing,not-looking,11644,259,704,298,838,0,standing,not-looking,11645,252,703,290,839,0,standing,not-looking,11646,245,701,282,840,0,standing,not-looking,11647,239,700,274,841,0,standing,not-looking,11648,227,699,267,843,0,standing,not-looking,11649,216,699,260,844,0,standing,not-looking,11650,205,698,252,846,0,standing,not-looking,11651,194,698,245,847,0,standing,not-looking,11652,183,697,238,849,0,standing,not-looking
3_2_275,3814,493,728,507,795,0,standing,not-looking,3815,489,727,502,794,0,standing,not-looking,3816,484,726,499,794,0,standing,not-looking,3817,480,726,495,794,0,standing,not-looking,3818,475,725,491,794,0,standing,not-looking,3819,471,724,488,794,0,standing,not-looking,3820,466,725,483,794,0,standing,not-looking,3821,461,725,479,795,0,standing,not-looking,3822,455,725,474,796,0,standing,not-looking,3823,450,725,470,796,0,standing,not-looking,3824,445,725,465,797,0,standing,not-looking,3825,440,725,460,798,0,standing,not-looking,3826,434,726,455,799,0,standing,not-looking,3827,428,726,450,800,0,standing,not-looking,3828,422,726,445,801,0,standing,not-looking,3829,417,727,440,802,0,standing,not-looking,3830,411,727,435,803,0,standing,not-looking,3831,405,726,429,804,0,standing,not-looking,3832,399,725,423,804,0,standing,not-looking,3833,392,724,416,805,0,standing,not-looking,3834,386,723,410,805,0,standing,not-looking,3835,380,722,404,806,0,standing,not-looking,3836,374,721,398,805,0,standing,not-looking,3837,367,719,392,804,0,standing,not-looking,3838,361,718,386,804,0,standing,not-looking,3839,355,716,380,803,0,standing,not-looking,3840,349,715,373,802,0,standing,not-looking,3841,342,714,367,803,0,standing,not-looking,3842,335,714,360,803,0,standing,not-looking,3843,329,713,353,803,0,standing,not-looking,3844,322,713,346,804,0,standing,not-looking,3845,315,712,340,804,0,standing,not-looking
3_3_313,8097,1358,707,1399,866,0,standing,not-looking,8098,1362,707,1404,867,0,standing,not-looking,8099,1366,706,1408,868,0,standing,not-looking,8100,1370,706,1412,869,0,standing,not-looking,8101,1374,705,1416,869,0,standing,not-looking,8102,1378,705,1420,870,0,standing,not-looking,8103,1382,704,1424,871,0,standing,not-looking,8104,1386,704,1428,871,0,standing,not-looking,8105,1390,703,1433,872,0,standing,not-looking,8106,1394,703,1437,873,0,standing,not-looking,8107,1398,702,1441,873,0,standing,not-looking,8108,1402,702,1445,874,0,standing,not-looking,8109,1407,701,1451,875,0,standing,not-looking,8110,1413,700,1456,876,0,standing,not-looking,8111,1418,700,1462,877,0,standing,not-looking,8112,1424,699,1467,878,0,standing,not-looking,8113,1429,698,1472,879,0,standing,not-looking,8114,1434,698,1478,880,0,standing,not-looking,8115,1440,697,1483,881,0,standing,not-looking,8116,1445,696,1489,882,0,standing,not-looking,8117,1451,696,1494,883,0,standing,not-looking,8118,1456,695,1500,884,0,standing,not-looking,8119,1463,694,1507,885,0,standing,not-looking,8120,1470,693,1515,887,0,standing,not-looking,8121,1477,692,1522,888,0,standing,not-looking,8122,1483,691,1530,890,0,standing,not-looking,8123,1490,690,1538,891,0,standing,not-looking,8124,1497,689,1545,892,0,standing,not-looking,8125,1504,688,1553,894,0,standing,not-looking,8126,1511,687,1560,895,0,standing,not-looking,8127,1517,686,1568,896,0,standing,not-looking,8128,1524,685,1575,898,0,standing,not-looking
3_3_316,10314,1396,733,1427,822,0,standing,looking,10315,1400,733,1431,823,0,standing,looking,10316,1404,733,1435,824,0,standing,looking,10317,1408,733,1439,824,0,standing,looking,10318,1412,732,1443,825,0,standing,looking,10319,1416,732,1447,825,0,standing,looking,10320,1419,731,1451,825,0,standing,looking,10321,1423,731,1455,825,0,standing,looking,10322,1426,730,1460,825,0,standing,looking,10323,1430,730,1464,825,0,standing,looking,10324,1435,728,1468,824,0,standing,looking,10325,1439,726,1473,824,0,standing,looking,10326,1444,725,1478,823,0,standing,looking,10327,1448,723,1483,823,0,standing,looking,10328,1453,722,1488,822,0,standing,looking,10329,1458,721,1493,822,0,standing,looking,10330,1463,720,1499,822,0,standing,looking,10331,1469,719,1505,822,0,standing,looking,10332,1474,718,1510,823,0,standing,looking,10333,1479,717,1516,823,0,standing,looking,10334,1485,716,1523,824,0,standing,looking,10335,1490,716,1529,825,0,standing,looking,10336,1496,716,1536,826,0,standing,looking,10337,1502,716,1542,827,0,standing,looking,10338,1507,715,1549,828,0,standing,looking,10339,1514,714,1556,828,0,standing,looking,10340,1521,712,1562,828,0,standing,looking,10341,1528,711,1569,828,0,standing,looking,10342,1535,710,1576,828,0,standing,looking,10343,1541,708,1583,828,0,standing,looking,10344,1548,706,1589,827,0,standing,looking,10345,1554,705,1596,827,0,standing,looking
3_3_314,8101,1279,713,1321,861,0,standing,not-looking,8102,1282,712,1325,862,0,standing,not-looking,8103,1286,712,1330,863,0,standing,not-looking,8104,1290,711,1334,863,0,standing,not-looking,8105,1293,711,1339,864,0,standing,not-looking,8106,1297,711,1344,865,0,standing,not-looking,8107,1301,710,1349,865,0,standing,not-looking,8108,1305,710,1355,867,0,standing,not-looking,8109,1309,710,1360,868,0,standing,not-looking,8110,1313,709,1365,869,0,standing,not-looking,8111,1317,709,1371,870,0,standing,not-looking,8112,1321,709,1376,871,0,standing,not-looking,8113,1326,708,1381,873,0,standing,not-looking,8114,1331,707,1386,874,0,standing,not-looking,8115,1336,706,1391,875,0,standing,not-looking,8116,1341,705,1396,877,0,standing,not-looking,8117,1346,704,1401,878,0,standing,not-looking,8118,1352,704,1407,879,0,standing,not-looking,8119,1358,704,1413,880,0,standing,not-looking,8120,1364,704,1419,881,0,standing,not-looking,8121,1370,704,1425,882,0,standing,not-looking,8122,1376,704,1431,883,0,standing,not-looking,8123,1383,703,1438,885,0,standing,not-looking,8124,1390,702,1445,886,0,standing,not-looking,8125,1396,702,1451,888,0,standing,not-looking,8126,1403,701,1458,889,0,standing,not-looking,8127,1410,700,1465,891,0,standing,not-looking,8128,1417,699,1472,892,0,standing,not-looking,8129,1424,698,1479,893,0,standing,not-looking,8130,1431,697,1486,894,0,standing,not-looking,8131,1438,696,1493,894,0,standing,not-looking,8132,1445,695,1500,895,0,standing,not-looking
3_3_333,18966,21,564,101,879,0,walking,not-looking,18967,22,564,104,883,0,walking,not-looking,18968,23,564,106,883,0,walking,not-looking,18969,24,564,107,883,0,walking,not-looking,18970,26,564,109,883,0,walking,not-looking,18971,27,564,111,884,0,walking,not-looking,18972,28,564,112,884,0,walking,not-looking,18973,29,565,114,884,0,walking,not-looking,18974,30,565,116,884,0,walking,not-looking,18975,31,565,117,884,0,walking,not-looking,18976,32,565,119,884,0,walking,not-looking,18977,34,565,121,884,0,walking,not-looking,18978,33,565,122,887,0,walking,not-looking,18979,33,564,123,890,0,walking,not-looking,18980,33,564,124,892,0,walking,not-looking,18981,32,563,125,895,0,walking,not-looking,18982,32,563,126,898,0,walking,not-looking,18983,32,562,128,900,0,walking,not-looking,18984,31,562,129,903,0,walking,not-looking,18985,31,562,130,906,0,walking,not-looking,18986,31,561,131,908,0,walking,not-looking,18987,30,561,132,911,0,walking,not-looking,18988,30,561,133,914,0,walking,not-looking,18989,30,561,134,918,0,walking,not-looking,18990,30,561,135,921,0,walking,not-looking,18991,30,561,136,924,0,walking,not-looking,18992,30,561,137,927,0,walking,not-looking,18993,30,561,138,931,0,walking,not-looking,18994,30,561,139,934,0,walking,not-looking,18995,30,561,139,937,0,walking,not-looking,18996,30,561,140,941,0,walking,not-looking,18997,30,561,141,944,0,walking,not-looking
3_3_317,11871,1109,735,1137,824,0,standing,looking,11872,1111,734,1139,824,0,standing,looking,11873,1114,733,1141,825,0,standing,looking,11874,1116,733,1144,825,0,standing,looking,11875,1118,733,1146,825,0,standing,looking,11876,1120,733,1148,825,0,standing,looking,11877,1122,733,1150,825,0,standing,looking,11878,1125,733,1153,825,0,standing,looking,11879,1127,731,1155,825,0,standing,looking,11880,1130,730,1158,826,0,standing,looking,11881,1133,729,1161,826,0,standing,looking,11882,1136,727,1164,827,0,standing,looking,11883,1139,726,1167,827,0,standing,looking,11884,1141,725,1169,828,0,standing,looking,11885,1143,725,1172,828,0,standing,looking,11886,1145,724,1174,829,0,standing,looking,11887,1147,724,1177,829,0,standing,looking,11888,1149,723,1179,830,0,standing,looking,11889,1152,723,1183,831,0,standing,looking,11890,1155,723,1186,833,0,standing,looking,11891,1157,722,1189,834,0,standing,looking,11892,1160,722,1192,836,0,standing,looking,11893,1163,722,1195,837,0,standing,looking,11894,1165,722,1198,838,0,standing,looking,11895,1168,723,1200,839,0,standing,looking,11896,1170,723,1203,840,0,standing,looking,11897,1173,723,1205,841,0,standing,looking,11898,1176,724,1208,842,0,standing,looking,11899,1178,723,1211,844,0,standing,looking,11900,1180,722,1214,845,0,standing,looking,11901,1183,722,1217,847,0,standing,looking,11902,1185,721,1220,848,0,standing,looking
3_4_370,14063,1067,705,1134,870,0,walking,not-looking,14064,1071,705,1137,872,0,walking,not-looking,14065,1074,704,1139,873,0,walking,not-looking,14066,1078,704,1142,875,0,walking,not-looking,14067,1081,704,1145,877,0,walking,not-looking,14068,1085,704,1148,878,0,walking,not-looking,14069,1089,704,1151,880,0,walking,not-looking,14070,1092,703,1153,882,0,walking,not-looking,14071,1096,703,1156,883,0,walking,not-looking,14072,1099,703,1159,885,0,walking,not-looking,14073,1103,703,1162,887,0,walking,not-looking,14074,1105,702,1164,888,0,walking,not-looking,14075,1106,701,1167,889,0,walking,not-looking,14076,1108,700,1170,890,0,walking,not-looking,14077,1110,699,1172,891,0,walking,not-looking,14078,1111,698,1175,892,0,walking,not-looking,14079,1113,697,1178,893,0,walking,not-looking,14080,1114,696,1180,894,0,walking,not-looking,14081,1116,695,1183,895,0,walking,not-looking,14082,1118,694,1185,896,0,walking,not-looking,14083,1119,693,1188,897,0,walking,not-looking,14084,1121,693,1192,900,0,walking,not-looking,14085,1122,693,1197,903,0,walking,not-looking,14086,1124,692,1201,906,0,walking,not-looking,14087,1126,692,1205,909,0,walking,not-looking,14088,1127,692,1209,912,0,walking,not-looking,14089,1129,692,1214,915,0,walking,not-looking,14090,1131,692,1218,918,0,walking,not-looking,14091,1132,692,1222,921,0,walking,not-looking,14092,1134,692,1226,924,0,walking,not-looking,14093,1135,692,1231,927,0,walking,not-looking,14094,1142,690,1236,929,0,walking,not-looking
3_4_360,11720,1210,704,1271,942,1,standing,not-looking,11721,1212,704,1274,946,1,standing,not-looking,11722,1215,703,1278,947,1,standing,not-looking,11723,1219,701,1283,949,1,standing,not-looking,11724,1223,699,1287,951,1,standing,not-looking,11725,1226,698,1292,952,1,standing,not-looking,11726,1230,696,1296,954,1,standing,not-looking,11727,1233,696,1301,957,1,standing,not-looking,11728,1237,696,1305,961,1,standing,not-looking,11729,1240,696,1309,964,1,standing,not-looking,11730,1244,697,1314,967,1,standing,not-looking,11731,1247,697,1318,971,1,standing,not-looking,11732,1252,697,1324,974,1,standing,not-looking,11733,1257,697,1330,978,1,standing,not-looking,11734,1263,698,1336,982,1,standing,not-looking,11735,1268,698,1342,986,1,standing,not-looking,11736,1273,698,1348,989,1,standing,not-looking,11737,1277,699,1351,994,1,standing,not-looking,11738,1280,699,1355,998,1,standing,not-looking,11739,1284,699,1359,1003,1,standing,not-looking,11740,1288,700,1363,1007,1,standing,not-looking,11741,1292,700,1367,1012,1,standing,not-looking,11742,1296,693,1374,1011,1,standing,not-looking,11743,1300,686,1382,1010,1,standing,not-looking,11744,1305,680,1390,1010,1,standing,not-looking,11745,1309,673,1398,1009,1,standing,not-looking,11746,1313,666,1405,1008,1,standing,not-looking,11747,1319,662,1412,1009,1,standing,not-looking,11748,1324,658,1419,1011,1,standing,not-looking,11749,1329,654,1426,1012,1,standing,not-looking,11750,1335,650,1433,1013,1,standing,not-looking,11751,1340,646,1440,1014,1,standing,not-looking
3_4_345,1624,547,737,560,790,0,standing,not-looking,1625,543,737,556,791,1,standing,not-looking,1626,539,738,552,792,1,standing,not-looking,1627,534,739,548,793,2,standing,not-looking,1628,530,739,544,792,2,standing,not-looking,1629,526,738,539,792,2,standing,not-looking,1630,521,738,535,791,2,standing,not-looking,1631,517,737,530,791,2,standing,not-looking,1632,512,737,526,791,2,standing,not-looking,1633,508,736,522,790,2,standing,not-looking,1634,504,736,517,790,2,standing,not-looking,1635,499,736,513,789,2,standing,not-looking,1636,493,734,507,790,1,standing,not-looking,1637,489,734,502,790,1,standing,not-looking,1638,483,734,497,789,1,standing,not-looking,1639,478,734,491,789,1,standing,not-looking,1640,473,734,487,789,2,standing,not-looking,1641,468,734,481,790,2,standing,not-looking,1642,462,734,476,790,2,standing,not-looking,1643,456,734,471,790,2,standing,not-looking,1644,451,734,465,791,2,standing,not-looking,1645,445,734,460,791,2,standing,not-looking,1646,439,733,453,790,2,standing,not-looking,1647,431,733,446,790,1,standing,not-looking,1648,424,731,440,796,1,standing,not-looking,1649,416,730,435,802,0,standing,not-looking,1650,410,730,429,801,0,standing,not-looking,1651,403,729,421,802,0,standing,not-looking,1652,395,728,414,802,0,standing,not-looking,1653,387,728,406,803,0,standing,not-looking,1654,380,727,399,804,0,standing,not-looking,1655,372,726,392,804,0,standing,not-looking
3_4_346,2451,1109,716,1162,860,0,standing,looking,2452,1101,716,1153,861,0,standing,looking,2453,1092,717,1144,861,0,standing,looking,2454,1083,718,1135,862,0,standing,looking,2455,1074,718,1127,863,0,standing,looking,2456,1066,719,1118,863,0,standing,looking,2457,1057,718,1109,864,0,standing,looking,2458,1049,718,1101,865,0,standing,looking,2459,1040,717,1092,866,0,standing,looking,2460,1032,717,1084,867,0,standing,looking,2461,1023,716,1075,868,0,standing,looking,2462,1012,716,1065,869,0,standing,looking,2463,1001,716,1054,871,0,standing,looking,2464,990,717,1043,873,0,standing,looking,2465,979,717,1032,874,0,standing,looking,2466,969,717,1021,876,0,standing,looking,2467,957,717,1011,877,0,standing,looking,2468,946,716,1000,878,0,standing,looking,2469,935,716,990,879,0,standing,looking,2470,924,716,980,879,0,standing,looking,2471,913,715,970,880,0,standing,looking,2472,899,715,956,880,0,standing,looking,2473,886,715,943,880,0,standing,looking,2474,872,716,929,881,0,standing,looking,2475,859,716,916,881,0,standing,looking,2476,845,716,902,881,0,standing,looking,2477,830,714,888,882,0,standing,looking,2478,815,712,874,884,0,standing,looking,2479,800,710,860,886,0,standing,looking,2480,785,709,846,888,0,standing,looking,2481,770,707,832,889,0,standing,looking,2482,753,706,815,889,0,standing,looking
3_4_344,1568,1070,729,1089,805,0,standing,looking,1569,1072,729,1091,806,0,standing,looking,1570,1074,729,1093,807,0,standing,looking,1571,1076,729,1096,809,0,standing,looking,1572,1079,728,1098,810,0,standing,looking,1573,1081,728,1101,812,0,standing,looking,1574,1084,728,1103,814,0,standing,looking,1575,1086,727,1106,814,0,standing,looking,1576,1088,726,1110,815,0,standing,looking,1577,1090,726,1113,816,0,standing,looking,1578,1092,725,1116,816,0,standing,looking,1579,1094,724,1119,817,0,standing,looking,1580,1097,724,1123,818,0,standing,looking,1581,1101,723,1126,819,0,standing,looking,1582,1104,723,1130,821,0,standing,looking,1583,1107,722,1133,822,0,standing,looking,1584,1111,722,1136,823,0,standing,looking,1585,1115,720,1141,824,0,standing,looking,1586,1119,719,1146,826,0,standing,looking,1587,1123,718,1151,827,0,standing,looking,1588,1127,717,1156,828,0,standing,looking,1589,1131,716,1161,830,0,standing,looking,1590,1136,716,1166,831,0,standing,looking,1591,1140,715,1171,833,0,standing,looking,1592,1145,715,1177,834,0,standing,looking,1593,1150,715,1182,836,0,standing,looking,1594,1154,714,1188,838,0,standing,looking,1595,1160,713,1194,839,0,standing,looking,1596,1166,711,1200,841,0,standing,looking,1597,1173,710,1206,843,0,standing,looking,1598,1179,708,1212,844,0,standing,looking,1599,1185,707,1218,846,0,standing,looking
3_4_372,14674,1202,739,1238,838,0,walking,not-looking,14675,1203,738,1238,837,0,walking,not-looking,14676,1202,737,1238,837,0,walking,not-looking,14677,1202,735,1238,836,0,walking,not-looking,14678,1202,734,1238,835,0,walking,not-looking,14679,1202,733,1239,835,0,walking,not-looking,14680,1201,732,1239,834,0,walking,not-looking,14681,1201,730,1239,833,0,walking,not-looking,14682,1201,729,1239,833,0,walking,not-looking,14683,1201,728,1239,832,0,walking,not-looking,14684,1200,727,1239,832,0,walking,not-looking,14685,1200,725,1240,831,0,walking,not-looking,14686,1201,724,1241,831,0,walking,not-looking,14687,1201,722,1242,832,0,walking,not-looking,14688,1202,721,1243,832,0,walking,not-looking,14689,1203,720,1244,832,0,walking,not-looking,14690,1203,718,1245,832,0,walking,not-looking,14691,1204,717,1246,833,0,walking,not-looking,14692,1205,715,1247,833,0,walking,not-looking,14693,1205,714,1248,833,0,walking,not-looking,14694,1206,712,1249,834,0,walking,not-looking,14695,1207,711,1250,834,0,walking,not-looking,14696,1207,711,1251,835,0,walking,not-looking,14697,1208,710,1253,836,0,walking,not-looking,14698,1209,710,1255,838,0,walking,not-looking,14699,1210,710,1257,839,0,walking,not-looking,14700,1211,710,1258,840,0,walking,not-looking,14701,1212,709,1260,841,0,walking,not-looking,14702,1212,709,1262,843,0,walking,not-looking,14703,1213,709,1263,844,0,walking,not-looking,14704,1214,709,1265,845,0,walking,not-looking,14705,1215,708,1267,846,0,walking,not-looking
3_4_366,13599,832,727,878,820,0,walking,not-looking,13600,831,727,878,821,0,walking,not-looking,13601,829,726,877,821,0,walking,not-looking,13602,828,726,876,822,0,walking,looking,13603,826,725,874,822,0,walking,looking,13604,824,724,873,822,0,walking,looking,13605,822,724,872,822,0,walking,looking,13606,821,723,871,823,0,walking,looking,13607,819,722,870,823,0,walking,looking,13608,817,722,868,823,0,walking,looking,13609,815,721,867,823,0,walking,looking,13610,814,720,866,824,0,walking,looking,13611,811,720,864,825,0,walking,looking,13612,809,720,863,826,0,walking,looking,13613,806,720,861,828,0,walking,looking,13614,804,720,860,829,0,walking,looking,13615,802,720,858,831,0,walking,looking,13616,799,720,857,832,0,walking,looking,13617,797,719,855,834,0,walking,looking,13618,795,719,853,835,0,walking,looking,13619,792,719,852,837,0,walking,looking,13620,790,719,850,838,0,walking,looking,13621,786,718,848,840,0,walking,looking,13622,783,718,845,842,0,walking,looking,13623,779,717,843,843,0,walking,looking,13624,776,716,841,845,0,walking,looking,13625,772,715,838,846,0,walking,looking,13626,769,715,836,848,0,walking,looking,13627,765,714,833,849,0,walking,looking,13628,762,713,831,851,0,walking,looking,13629,759,712,829,853,0,walking,looking,13630,755,712,826,854,0,walking,not-looking
3_4_371,13994,1175,745,1201,848,0,standing,not-looking,13995,1177,743,1203,848,0,standing,not-looking,13996,1179,742,1205,848,0,standing,not-looking,13997,1180,741,1207,847,0,standing,not-looking,13998,1182,740,1209,847,0,standing,not-looking,13999,1184,739,1211,847,0,standing,not-looking,14000,1186,737,1213,847,0,standing,not-looking,14001,1187,736,1215,846,0,standing,not-looking,14002,1189,735,1217,846,0,standing,not-looking,14003,1191,734,1219,846,0,standing,not-looking,14004,1193,733,1220,845,0,standing,not-looking,14005,1194,731,1222,845,0,standing,not-looking,14006,1195,730,1224,846,0,standing,not-looking,14007,1196,729,1226,846,0,standing,not-looking,14008,1197,728,1227,846,0,standing,not-looking,14009,1199,727,1229,847,0,standing,not-looking,14010,1200,726,1230,847,0,standing,not-looking,14011,1201,725,1232,848,0,standing,not-looking,14012,1202,724,1234,848,0,standing,not-looking,14013,1203,723,1235,848,0,standing,not-looking,14014,1204,722,1237,849,0,standing,not-looking,14015,1205,721,1239,849,0,standing,not-looking,14016,1206,720,1241,850,0,standing,not-looking,14017,1207,719,1243,850,0,standing,not-looking,14018,1208,718,1245,851,0,standing,not-looking,14019,1209,717,1247,852,0,standing,not-looking,14020,1210,716,1249,853,0,standing,not-looking,14021,1211,716,1251,853,0,standing,not-looking,14022,1212,715,1254,854,0,standing,not-looking,14023,1213,714,1256,855,0,standing,not-looking,14024,1214,713,1258,855,0,standing,not-looking,14025,1215,712,1260,856,0,standing,not-looking
3_4_364,13034,749,733,784,824,0,walking,not-looking,13035,747,733,783,825,0,walking,not-looking,13036,745,732,782,826,0,walking,not-looking,13037,743,730,780,827,0,walking,not-looking,13038,741,729,779,828,0,walking,not-looking,13039,739,728,777,829,0,walking,not-looking,13040,737,726,776,830,0,walking,not-looking,13041,734,727,775,831,0,walking,not-looking,13042,732,727,773,832,0,walking,not-looking,13043,730,728,772,833,0,walking,not-looking,13044,728,729,770,834,0,walking,not-looking,13045,726,729,769,834,0,walking,not-looking,13046,725,729,768,835,0,walking,not-looking,13047,725,728,767,836,0,walking,not-looking,13048,724,728,766,837,0,walking,not-looking,13049,723,727,766,838,0,walking,not-looking,13050,723,727,765,839,0,walking,not-looking,13051,721,726,764,840,0,walking,not-looking,13052,719,726,763,841,0,walking,not-looking,13053,717,726,762,842,0,walking,not-looking,13054,715,725,761,843,0,walking,not-looking,13055,713,725,760,844,0,walking,not-looking,13056,711,723,758,845,0,walking,not-looking,13057,709,722,756,846,0,walking,not-looking,13058,706,721,754,847,0,walking,not-looking,13059,704,720,752,847,0,walking,not-looking,13060,701,718,751,848,0,walking,not-looking,13061,699,717,749,849,0,walking,not-looking,13062,696,716,747,850,0,walking,not-looking,13063,694,715,745,851,0,walking,not-looking,13064,691,713,743,852,0,walking,not-looking,13065,689,712,741,853,0,walking,not-looking
3_5_428,17939,840,725,859,787,0,walking,looking,17940,838,725,858,788,0,walking,looking,17941,836,725,856,789,0,walking,looking,17942,833,725,854,790,0,walking,looking,17943,831,725,852,791,0,walking,looking,17944,829,725,850,792,0,walking,looking,17945,826,725,848,792,0,walking,looking,17946,824,723,846,792,0,walking,looking,17947,821,722,844,792,0,walking,looking,17948,819,721,842,792,0,walking,looking,17949,816,719,840,792,0,walking,looking,17950,814,718,838,792,0,walking,looking,17951,812,716,836,792,0,walking,looking,17952,808,715,833,793,0,walking,looking,17953,805,714,830,793,0,walking,looking,17954,802,712,827,793,0,walking,looking,17955,800,712,826,793,0,walking,looking,17956,798,712,824,793,0,walking,looking,17957,795,711,821,794,0,walking,looking,17958,792,710,818,795,0,walking,looking,17959,789,709,815,797,0,walking,looking,17960,784,709,811,798,0,walking,looking,17961,779,709,808,798,0,walking,looking,17962,774,708,805,799,0,walking,looking,17963,769,707,802,800,0,walking,looking,17964,765,706,799,801,0,walking,looking,17965,760,705,794,804,0,walking,looking,17966,756,703,790,807,0,walking,looking,17967,751,702,786,810,0,walking,looking,17968,747,700,782,810,0,walking,looking,17969,743,698,779,811,0,walking,looking,17970,737,696,773,812,0,walking,looking
3_5_427,17877,1166,734,1184,805,0,standing,not-looking,17878,1169,734,1188,806,0,standing,not-looking,17879,1172,734,1191,807,0,standing,not-looking,17880,1176,734,1195,808,0,standing,not-looking,17881,1179,733,1198,809,0,standing,not-looking,17882,1182,733,1202,810,0,standing,not-looking,17883,1185,733,1205,811,0,standing,not-looking,17884,1189,733,1209,812,0,standing,not-looking,17885,1192,733,1212,813,0,standing,not-looking,17886,1197,732,1217,814,0,standing,not-looking,17887,1201,731,1222,814,0,standing,not-looking,17888,1206,730,1227,815,0,standing,not-looking,17889,1210,729,1232,816,0,standing,not-looking,17890,1215,728,1238,816,0,standing,not-looking,17891,1219,727,1243,817,0,standing,not-looking,17892,1224,726,1248,818,0,standing,not-looking,17893,1229,725,1253,818,0,standing,not-looking,17894,1233,724,1258,819,0,standing,not-looking,17895,1238,723,1263,820,0,standing,not-looking,17896,1244,723,1270,821,0,standing,not-looking,17897,1250,724,1276,823,0,standing,not-looking,17898,1256,724,1283,825,0,standing,not-looking,17899,1262,725,1290,827,0,standing,not-looking,17900,1268,725,1296,828,0,standing,not-looking,17901,1275,725,1304,831,0,standing,not-looking,17902,1281,725,1311,833,0,standing,not-looking,17903,1288,725,1318,836,0,standing,not-looking,17904,1296,724,1327,836,0,standing,not-looking,17905,1305,722,1336,837,0,standing,not-looking,17906,1314,719,1347,837,0,standing,not-looking,17907,1324,717,1357,837,0,standing,not-looking,17908,1333,714,1368,837,0,standing,not-looking
3_5_414,11455,0,623,71,936,1,standing,not-looking,11456,0,625,78,936,1,standing,not-looking,11457,0,628,85,936,1,standing,not-looking,11458,0,626,88,936,1,standing,not-looking,11459,0,627,91,936,1,standing,not-looking,11460,0,628,94,936,0,standing,not-looking,11461,1,628,94,937,0,standing,not-looking,11462,1,628,94,937,0,standing,not-looking,11463,2,628,94,937,0,standing,not-looking,11464,2,629,94,938,0,standing,not-looking,11465,3,629,94,938,0,standing,not-looking,11466,5,629,93,939,0,standing,not-looking,11467,7,629,93,939,0,standing,not-looking,11468,9,629,93,940,0,standing,not-looking,11469,12,630,93,940,0,standing,not-looking,11470,14,630,93,941,0,standing,not-looking,11471,16,630,99,941,0,standing,not-looking,11472,18,631,105,942,0,standing,not-looking,11473,21,631,110,942,0,standing,not-looking,11474,23,632,116,942,0,standing,not-looking,11475,25,632,122,943,0,standing,not-looking,11476,25,632,124,943,0,standing,not-looking,11477,25,632,127,944,0,standing,not-looking,11478,25,632,130,944,0,standing,not-looking,11479,25,632,132,944,0,standing,not-looking,11480,25,632,135,945,0,standing,not-looking,11481,27,632,131,945,0,standing,not-looking,11482,29,632,128,945,0,standing,not-looking,11483,30,632,124,944,0,standing,not-looking,11484,32,632,121,944,0,standing,not-looking,11485,34,632,117,944,0,standing,not-looking,11486,35,632,113,944,0,standing,not-looking
3_5_393,2718,785,728,803,784,0,walking,looking,2719,784,728,802,784,0,walking,looking,2720,783,728,801,784,0,walking,looking,2721,782,728,800,785,0,walking,looking,2722,780,728,799,785,0,walking,looking,2723,779,727,797,786,0,walking,looking,2724,777,727,796,786,0,walking,looking,2725,775,727,794,787,0,walking,looking,2726,774,727,793,787,0,walking,looking,2727,772,727,791,788,0,walking,looking,2728,770,727,789,789,0,walking,looking,2729,768,727,787,790,0,walking,looking,2730,766,728,786,790,0,walking,looking,2731,764,728,784,791,0,walking,looking,2732,762,728,782,792,0,walking,looking,2733,760,728,780,793,0,walking,looking,2734,758,728,779,794,0,walking,looking,2735,757,728,777,794,0,walking,looking,2736,755,728,776,795,0,walking,looking,2737,753,728,774,796,0,walking,looking,2738,750,726,772,795,0,walking,looking,2739,747,725,769,795,0,walking,looking,2740,745,724,767,795,0,walking,looking,2741,742,723,764,794,0,walking,looking,2742,739,722,762,794,0,walking,looking,2743,736,722,759,794,0,walking,looking,2744,733,722,756,795,0,walking,looking,2745,730,721,754,796,0,walking,looking,2746,727,721,751,796,0,walking,looking,2747,724,721,748,797,0,walking,looking,2748,720,721,744,797,0,walking,looking,2749,716,720,741,798,0,walking,looking
3_5_389,2469,1058,727,1080,804,0,standing,not-looking,2470,1060,725,1083,805,0,standing,not-looking,2471,1063,726,1086,807,0,standing,not-looking,2472,1066,727,1090,808,0,standing,not-looking,2473,1070,728,1094,810,0,standing,not-looking,2474,1073,729,1098,812,0,standing,not-looking,2475,1076,729,1101,814,0,standing,not-looking,2476,1080,730,1105,816,0,standing,not-looking,2477,1083,731,1109,817,0,standing,not-looking,2478,1086,732,1112,819,0,standing,not-looking,2479,1089,733,1116,821,0,standing,not-looking,2480,1093,732,1120,821,0,standing,not-looking,2481,1097,732,1123,821,0,standing,not-looking,2482,1100,733,1127,823,0,standing,not-looking,2483,1104,733,1131,826,0,standing,not-looking,2484,1108,733,1135,828,0,standing,not-looking,2485,1111,734,1139,831,0,standing,not-looking,2486,1115,734,1143,833,0,standing,not-looking,2487,1119,735,1147,836,0,standing,not-looking,2488,1122,734,1152,837,0,standing,not-looking,2489,1126,733,1156,838,0,standing,not-looking,2490,1129,732,1161,839,0,standing,not-looking,2491,1132,732,1165,840,0,standing,not-looking,2492,1136,731,1170,841,0,standing,looking,2493,1140,730,1175,842,0,standing,looking,2494,1143,729,1180,843,0,standing,looking,2495,1147,728,1185,844,0,standing,looking,2496,1151,727,1190,845,0,standing,looking,2497,1155,726,1195,846,0,standing,looking,2498,1161,725,1201,848,0,standing,looking,2499,1167,724,1207,850,0,standing,looking,2500,1173,723,1213,851,0,standing,looking
3_5_406,9273,967,726,1003,859,0,standing,not-looking,9274,949,725,986,860,0,standing,not-looking,9275,932,725,969,861,0,standing,not-looking,9276,918,724,955,862,0,standing,not-looking,9277,903,723,941,863,0,standing,not-looking,9278,888,723,927,864,0,standing,not-looking,9279,873,722,914,864,0,standing,not-looking,9280,859,721,900,865,0,standing,not-looking,9281,845,721,886,867,0,standing,not-looking,9282,831,720,872,868,0,standing,not-looking,9283,818,720,859,869,0,standing,not-looking,9284,804,720,845,870,0,standing,not-looking,9285,790,719,831,872,0,standing,not-looking,9286,779,719,824,873,0,standing,not-looking,9287,768,719,817,875,0,standing,not-looking,9288,757,718,809,877,0,standing,not-looking,9289,746,718,802,879,0,standing,not-looking,9290,735,718,795,880,0,standing,not-looking,9291,727,718,787,883,0,standing,not-looking,9292,718,718,780,885,0,standing,not-looking,9293,710,718,772,888,0,standing,not-looking,9294,701,718,765,890,0,standing,not-looking,9295,692,718,757,893,0,standing,not-looking,9296,686,718,751,894,0,standing,not-looking,9297,679,717,746,896,0,standing,not-looking,9298,672,717,740,897,0,standing,not-looking,9299,665,716,734,899,0,standing,not-looking,9300,659,716,728,900,0,standing,not-looking,9301,653,713,724,901,0,standing,not-looking,9302,647,711,719,903,0,standing,not-looking,9303,641,708,714,904,0,standing,not-looking,9304,635,706,710,906,0,standing,not-looking
3_5_418,11815,695,717,733,850,1,standing,not-looking,11816,691,716,729,852,1,standing,not-looking,11817,687,715,726,853,1,standing,not-looking,11818,684,714,723,854,1,standing,not-looking,11819,680,714,720,855,1,standing,not-looking,11820,676,713,717,855,1,standing,not-looking,11821,673,712,714,856,0,standing,not-looking,11822,669,712,712,858,0,standing,not-looking,11823,666,711,710,861,0,standing,not-looking,11824,662,711,708,864,0,standing,not-looking,11825,659,710,705,866,0,standing,not-looking,11826,655,709,703,869,0,standing,not-looking,11827,651,709,701,871,0,standing,not-looking,11828,646,708,699,873,0,standing,not-looking,11829,642,708,698,875,0,standing,not-looking,11830,638,707,696,876,0,standing,not-looking,11831,633,706,694,878,0,standing,not-looking,11832,628,705,692,880,0,standing,not-looking,11833,624,704,690,882,0,standing,not-looking,11834,619,703,688,884,0,standing,not-looking,11835,615,702,686,886,0,standing,not-looking,11836,610,701,684,888,0,standing,not-looking,11837,602,699,680,890,0,standing,not-looking,11838,594,698,675,893,0,standing,not-looking,11839,586,696,670,896,0,standing,not-looking,11840,578,695,665,899,0,standing,not-looking,11841,570,693,660,902,0,standing,not-looking,11842,564,691,654,905,0,standing,not-looking,11843,558,690,648,908,0,standing,not-looking,11844,552,688,642,910,0,standing,not-looking,11845,546,686,636,913,0,standing,not-looking,11846,540,685,630,916,0,standing,not-looking
3_5_421,15359,1211,709,1272,870,0,standing,looking,15360,1214,708,1275,871,0,standing,looking,15361,1216,707,1278,872,0,standing,looking,15362,1219,706,1281,873,0,standing,looking,15363,1221,705,1284,874,0,standing,looking,15364,1224,704,1287,875,0,standing,looking,15365,1226,703,1290,876,0,standing,looking,15366,1229,703,1293,878,0,standing,looking,15367,1232,702,1297,879,0,standing,looking,15368,1235,701,1301,880,0,standing,looking,15369,1238,701,1304,882,0,standing,looking,15370,1241,700,1308,883,0,standing,looking,15371,1244,699,1312,884,0,standing,looking,15372,1247,698,1315,886,0,standing,looking,15373,1250,698,1319,887,0,standing,looking,15374,1253,697,1323,889,0,standing,looking,15375,1256,696,1326,890,0,standing,looking,15376,1261,695,1332,892,0,standing,looking,15377,1265,694,1338,893,0,standing,looking,15378,1269,693,1343,894,0,standing,looking,15379,1273,692,1349,896,0,standing,looking,15380,1277,691,1355,897,0,standing,looking,15381,1281,690,1360,898,0,standing,looking,15382,1286,689,1366,900,0,standing,looking,15383,1290,688,1371,901,0,standing,looking,15384,1294,687,1377,903,0,standing,looking,15385,1298,686,1383,904,0,standing,looking,15386,1304,685,1388,906,0,standing,looking,15387,1309,684,1394,909,0,standing,looking,15388,1315,683,1399,911,0,standing,looking,15389,1320,682,1405,913,0,standing,looking,15390,1326,680,1410,915,0,standing,looking
3_5_401,5853,173,606,242,886,0,standing,not-looking,5854,176,606,246,888,0,standing,not-looking,5855,180,606,250,890,0,standing,not-looking,5856,183,606,253,891,0,standing,not-looking,5857,186,606,257,893,0,standing,not-looking,5858,188,606,260,894,0,standing,not-looking,5859,191,606,264,896,0,standing,not-looking,5860,194,606,267,898,0,standing,not-looking,5861,197,606,271,899,0,standing,not-looking,5862,200,606,274,901,0,standing,not-looking,5863,203,605,278,902,0,standing,not-looking,5864,206,605,281,904,0,standing,not-looking,5865,209,605,285,905,0,standing,not-looking,5866,212,605,288,908,0,standing,not-looking,5867,214,604,291,910,0,standing,not-looking,5868,217,603,293,912,0,standing,not-looking,5869,220,603,296,914,0,standing,not-looking,5870,222,602,299,916,0,standing,not-looking,5871,225,601,302,919,0,standing,not-looking,5872,227,601,305,921,0,standing,not-looking,5873,230,600,308,923,0,standing,not-looking,5874,233,599,311,925,0,standing,not-looking,5875,235,599,314,928,0,standing,not-looking,5876,237,598,317,930,0,standing,not-looking,5877,239,598,320,931,0,standing,not-looking,5878,240,598,323,933,0,standing,looking,5879,242,598,326,935,0,standing,looking,5880,243,598,329,937,0,standing,looking,5881,245,598,332,939,0,standing,looking,5882,247,598,335,941,0,standing,looking,5883,248,598,338,943,0,standing,looking,5884,250,597,341,945,0,standing,looking
3_5_426,17871,1185,738,1207,799,0,standing,looking,17872,1189,738,1210,800,0,standing,looking,17873,1192,739,1214,801,0,standing,looking,17874,1196,739,1218,803,0,standing,looking,17875,1199,740,1221,804,0,standing,looking,17876,1202,740,1225,805,0,standing,looking,17877,1206,740,1228,806,0,standing,looking,17878,1209,741,1232,808,0,standing,not-looking,17879,1213,740,1237,808,0,standing,not-looking,17880,1217,740,1242,809,0,standing,not-looking,17881,1221,740,1247,810,0,standing,not-looking,17882,1225,739,1252,810,0,standing,not-looking,17883,1229,739,1258,811,0,standing,not-looking,17884,1234,738,1263,812,0,standing,not-looking,17885,1239,738,1269,813,0,standing,not-looking,17886,1245,738,1274,814,0,standing,not-looking,17887,1250,737,1280,815,0,standing,not-looking,17888,1255,737,1285,816,0,standing,not-looking,17889,1261,735,1291,817,0,standing,not-looking,17890,1267,734,1298,817,0,standing,not-looking,17891,1273,733,1304,817,0,standing,not-looking,17892,1279,731,1311,817,0,standing,not-looking,17893,1285,730,1317,818,0,standing,not-looking,17894,1292,730,1325,819,0,standing,not-looking,17895,1300,730,1333,821,0,standing,not-looking,17896,1307,730,1340,822,0,standing,not-looking,17897,1314,730,1348,824,0,standing,not-looking,17898,1322,730,1356,825,0,standing,not-looking,17899,1331,730,1366,827,0,standing,not-looking,17900,1340,730,1376,829,0,standing,not-looking,17901,1349,730,1386,832,0,standing,not-looking,17902,1358,730,1396,834,0,standing,not-looking
3_5_400,3950,1319,712,1376,882,0,walking,not-looking,3951,1321,712,1378,884,0,walking,not-looking,3952,1322,712,1379,885,0,walking,not-looking,3953,1323,712,1380,887,0,walking,not-looking,3954,1324,712,1382,889,0,walking,not-looking,3955,1325,712,1383,890,0,walking,not-looking,3956,1327,711,1386,891,0,walking,not-looking,3957,1329,710,1389,891,0,walking,not-looking,3958,1332,710,1392,891,0,walking,not-looking,3959,1334,709,1395,892,0,walking,not-looking,3960,1336,708,1398,892,0,walking,not-looking,3961,1339,708,1401,894,0,walking,not-looking,3962,1341,707,1404,897,0,walking,not-looking,3963,1343,706,1407,899,0,walking,not-looking,3964,1346,706,1410,901,0,walking,not-looking,3965,1348,705,1413,904,0,walking,not-looking,3966,1350,704,1415,906,0,walking,not-looking,3967,1353,704,1418,909,0,walking,not-looking,3968,1355,703,1421,911,0,walking,not-looking,3969,1357,702,1424,913,0,walking,not-looking,3970,1360,702,1427,916,0,walking,not-looking,3971,1364,700,1432,918,0,walking,not-looking,3972,1369,699,1437,920,0,walking,not-looking,3973,1374,698,1442,922,0,walking,not-looking,3974,1379,697,1447,924,0,walking,not-looking,3975,1384,695,1452,925,0,walking,not-looking,3976,1388,694,1457,927,0,walking,not-looking,3977,1393,693,1462,929,0,walking,not-looking,3978,1398,692,1467,931,0,walking,not-looking,3979,1403,690,1472,933,0,walking,not-looking,3980,1408,689,1477,935,0,walking,not-looking,3981,1413,688,1484,939,0,walking,not-looking
3_5_423,17423,518,704,547,785,0,standing,looking,17424,518,703,547,786,0,standing,looking,17425,517,703,546,786,0,standing,looking,17426,516,702,546,787,0,standing,looking,17427,515,702,545,788,0,standing,looking,17428,513,702,545,790,0,standing,looking,17429,511,703,544,791,0,standing,looking,17430,509,703,543,792,0,standing,looking,17431,508,703,543,793,0,standing,looking,17432,506,702,542,795,0,standing,looking,17433,504,702,541,796,0,standing,looking,17434,503,702,539,797,0,standing,looking,17435,501,702,538,799,0,standing,looking,17436,499,701,537,800,0,standing,looking,17437,496,701,535,801,0,standing,looking,17438,494,701,532,803,0,standing,looking,17439,491,701,529,804,0,standing,looking,17440,488,700,526,805,0,standing,looking,17441,485,700,523,807,0,standing,looking,17442,482,700,524,809,0,standing,looking,17443,478,699,520,811,0,standing,looking,17444,475,699,517,813,0,standing,looking,17445,471,698,513,815,0,standing,looking,17446,468,698,510,817,0,standing,looking,17447,463,696,505,818,0,standing,looking,17448,459,695,500,819,0,standing,looking,17449,454,693,495,820,0,standing,looking,17450,449,691,490,821,0,standing,looking,17451,445,690,485,822,0,standing,looking,17452,437,687,482,822,0,standing,looking,17453,430,685,475,823,0,standing,looking,17454,422,682,468,823,0,standing,looking
3_5_404,7093,623,729,667,889,2,walking,looking,7094,621,728,665,888,2,walking,looking,7095,619,726,663,887,2,walking,looking,7096,617,725,661,885,1,walking,looking,7097,613,724,659,889,1,walking,looking,7098,609,723,656,893,1,walking,looking,7099,605,722,654,897,1,walking,looking,7100,601,721,652,900,1,walking,looking,7101,596,720,650,904,1,walking,looking,7102,592,720,648,908,1,walking,looking,7103,587,719,643,911,1,walking,looking,7104,582,717,639,914,1,walking,looking,7105,576,716,634,918,1,walking,looking,7106,569,713,628,916,1,walking,looking,7107,562,710,622,914,1,walking,looking,7108,555,707,617,912,1,walking,looking,7109,547,708,613,921,1,walking,looking,7110,540,709,609,929,1,walking,looking,7111,537,709,609,929,1,walking,looking,7112,525,710,598,930,1,walking,looking,7113,507,702,593,936,1,walking,looking,7114,499,700,586,948,0,walking,looking,7115,485,699,576,954,0,walking,looking,7116,471,698,566,959,0,standing,looking,7117,458,697,556,965,0,standing,looking,7118,444,696,546,970,0,standing,looking,7119,430,695,537,975,0,standing,looking,7120,418,693,525,980,0,standing,looking,7121,406,691,513,984,0,standing,looking,7122,394,689,501,989,0,standing,looking,7123,383,687,489,993,0,standing,looking,7124,371,685,476,998,0,standing,not-looking
3_5_416,11633,1176,728,1208,833,0,walking,looking,11634,1177,726,1208,831,0,walking,looking,11635,1178,723,1208,830,0,walking,looking,11636,1179,721,1208,829,0,walking,looking,11637,1179,719,1210,827,0,walking,looking,11638,1179,716,1212,825,0,walking,looking,11639,1179,714,1214,824,0,walking,looking,11640,1179,714,1216,824,0,walking,looking,11641,1179,713,1218,825,0,walking,looking,11642,1179,713,1220,826,0,walking,looking,11643,1179,713,1222,826,0,walking,looking,11644,1179,713,1224,827,0,walking,looking,11645,1179,713,1226,827,0,walking,looking,11646,1179,712,1229,828,0,walking,looking,11647,1181,712,1231,829,0,walking,looking,11648,1183,712,1233,831,0,walking,looking,11649,1186,712,1235,833,0,walking,looking,11650,1188,712,1237,834,0,walking,looking,11651,1190,712,1240,836,0,walking,looking,11652,1192,712,1242,838,0,walking,looking,11653,1194,712,1244,839,0,walking,looking,11654,1197,712,1246,841,0,walking,looking,11655,1199,711,1248,843,0,walking,looking,11656,1201,711,1251,844,0,walking,looking,11657,1203,711,1252,846,0,walking,looking,11658,1204,710,1254,847,0,walking,looking,11659,1206,709,1256,849,0,walking,looking,11660,1207,708,1257,850,0,walking,looking,11661,1209,708,1259,852,0,walking,looking,11662,1211,707,1260,853,0,walking,looking,11663,1212,706,1262,855,0,walking,looking,11664,1214,705,1264,856,0,walking,looking
3_5_405,8760,1259,719,1332,891,0,standing,looking,8761,1261,719,1335,892,0,standing,looking,8762,1264,719,1339,894,0,standing,looking,8763,1267,718,1342,895,0,standing,looking,8764,1270,718,1345,896,0,standing,looking,8765,1272,717,1348,897,0,standing,looking,8766,1275,717,1352,899,0,standing,looking,8767,1278,717,1355,900,0,standing,looking,8768,1281,716,1358,901,0,standing,looking,8769,1284,716,1362,902,0,standing,looking,8770,1286,716,1365,904,0,standing,looking,8771,1289,715,1368,905,0,standing,not-looking,8772,1294,714,1373,907,0,standing,not-looking,8773,1298,712,1378,909,0,standing,not-looking,8774,1302,711,1383,912,0,standing,not-looking,8775,1306,709,1387,914,0,standing,not-looking,8776,1311,708,1392,916,0,standing,not-looking,8777,1315,706,1397,918,0,standing,not-looking,8778,1319,705,1402,920,0,standing,not-looking,8779,1324,703,1407,922,0,standing,not-looking,8780,1328,702,1412,925,0,standing,not-looking,8781,1332,700,1416,927,0,standing,not-looking,8782,1339,699,1423,928,0,standing,not-looking,8783,1345,698,1430,930,0,standing,not-looking,8784,1352,697,1437,931,0,standing,not-looking,8785,1358,697,1445,933,0,standing,not-looking,8786,1364,696,1452,934,0,standing,not-looking,8787,1371,695,1459,936,0,standing,not-looking,8788,1377,694,1466,938,0,standing,not-looking,8789,1384,693,1473,939,0,standing,not-looking,8790,1390,692,1480,941,0,standing,not-looking,8791,1396,692,1487,942,0,standing,not-looking
3_5_424,17423,534,709,556,785,1,standing,looking,17424,533,709,556,786,1,standing,looking,17425,533,709,556,787,1,standing,looking,17426,533,708,556,788,1,standing,looking,17427,532,709,556,789,1,standing,looking,17428,531,709,556,790,1,standing,looking,17429,530,710,556,791,1,standing,looking,17430,530,710,556,791,0,standing,looking,17431,528,709,555,793,0,standing,looking,17432,527,709,553,794,0,standing,looking,17433,526,709,552,796,0,standing,looking,17434,524,708,552,797,0,standing,looking,17435,523,708,551,798,0,standing,looking,17436,522,708,550,799,0,standing,looking,17437,521,708,549,800,0,standing,looking,17438,519,707,548,801,0,standing,looking,17439,517,706,546,802,0,standing,looking,17440,515,705,545,804,0,standing,looking,17441,513,704,544,805,0,standing,looking,17442,511,703,542,806,0,standing,looking,17443,508,704,540,808,0,standing,looking,17444,505,704,538,810,0,standing,looking,17445,501,704,535,811,0,standing,looking,17446,498,704,533,813,0,standing,looking,17447,495,704,531,815,0,standing,looking,17448,490,702,527,816,0,standing,looking,17449,485,701,523,817,0,standing,looking,17450,480,699,519,818,0,standing,looking,17451,475,698,515,819,0,standing,looking,17452,470,697,511,820,0,standing,looking,17453,463,694,505,821,0,standing,looking,17454,456,692,500,822,0,standing,looking
3_5_394,2641,1238,702,1283,830,2,standing,not-looking,2641,1238,702,1283,830,2,standing,not-looking,2641,1238,702,1283,830,2,standing,not-looking,2641,1238,702,1283,830,2,standing,not-looking,2641,1238,702,1283,830,2,standing,not-looking,2641,1238,702,1283,830,2,standing,not-looking,2641,1238,702,1283,830,2,standing,not-looking,2641,1238,702,1283,830,2,standing,not-looking,2641,1238,702,1283,830,2,standing,not-looking,2641,1238,702,1283,830,2,standing,not-looking,2641,1238,702,1283,830,2,standing,not-looking,2641,1238,702,1283,830,2,standing,not-looking,2641,1238,702,1283,830,2,standing,not-looking,2641,1238,702,1283,830,2,standing,not-looking,2642,1245,702,1290,832,2,standing,not-looking,2643,1252,702,1297,834,2,standing,not-looking,2644,1259,702,1304,835,2,standing,not-looking,2645,1266,702,1311,837,2,standing,not-looking,2646,1273,702,1318,838,2,standing,not-looking,2647,1281,700,1327,840,2,standing,not-looking,2648,1290,698,1336,843,1,standing,not-looking,2649,1298,696,1346,845,1,standing,not-looking,2650,1307,695,1355,847,1,standing,not-looking,2651,1315,693,1365,850,1,standing,not-looking,2652,1324,693,1376,852,1,standing,not-looking,2653,1333,692,1387,854,1,standing,not-looking,2654,1343,690,1400,856,1,standing,not-looking,2655,1353,687,1412,859,1,standing,not-looking,2656,1363,685,1425,862,1,standing,not-looking,2657,1374,682,1438,864,1,standing,not-looking,2658,1384,680,1451,867,1,standing,not-looking,2659,1399,678,1468,871,1,standing,not-looking
3_5_390,2469,1077,724,1099,807,0,standing,not-looking,2470,1080,724,1102,808,0,standing,not-looking,2471,1083,723,1106,810,0,standing,not-looking,2472,1087,723,1109,811,0,standing,not-looking,2473,1090,723,1112,812,0,standing,not-looking,2474,1093,723,1116,813,0,standing,not-looking,2475,1096,723,1119,815,0,standing,not-looking,2476,1099,723,1122,816,0,standing,not-looking,2477,1102,722,1126,817,0,standing,not-looking,2478,1105,722,1129,818,0,standing,not-looking,2479,1109,722,1132,820,0,standing,not-looking,2480,1112,722,1136,821,0,standing,not-looking,2481,1115,722,1139,822,0,standing,not-looking,2482,1118,722,1143,825,0,standing,not-looking,2483,1121,722,1147,827,0,standing,not-looking,2484,1124,723,1151,829,0,standing,not-looking,2485,1128,723,1155,832,0,standing,not-looking,2486,1131,723,1159,834,0,standing,not-looking,2487,1135,723,1165,836,0,standing,not-looking,2488,1139,722,1171,838,0,standing,not-looking,2489,1143,722,1176,840,0,standing,not-looking,2490,1147,721,1182,842,0,standing,not-looking,2491,1151,721,1188,845,0,standing,not-looking,2492,1156,719,1193,846,0,standing,not-looking,2493,1161,718,1198,848,0,standing,not-looking,2494,1166,717,1203,849,0,standing,not-looking,2495,1171,715,1208,851,0,standing,not-looking,2496,1177,714,1213,852,0,standing,not-looking,2497,1182,713,1220,854,0,standing,not-looking,2498,1188,711,1227,855,0,standing,not-looking,2499,1194,710,1234,856,0,standing,not-looking,2500,1200,709,1241,858,0,standing,not-looking
3_5_384,1590,1192,720,1226,826,0,standing,not-looking,1591,1193,719,1227,826,0,standing,not-looking,1592,1193,719,1227,826,0,standing,not-looking,1593,1194,720,1228,827,0,standing,not-looking,1594,1195,721,1229,828,0,standing,not-looking,1595,1196,721,1229,829,0,standing,not-looking,1596,1196,722,1230,831,0,standing,not-looking,1597,1197,722,1231,832,0,standing,not-looking,1598,1198,723,1232,833,0,standing,not-looking,1599,1198,724,1232,834,0,standing,not-looking,1600,1199,724,1233,835,0,standing,not-looking,1601,1200,725,1234,836,0,standing,not-looking,1602,1201,726,1235,837,0,standing,not-looking,1603,1202,724,1236,837,0,standing,not-looking,1604,1203,723,1237,836,0,standing,not-looking,1605,1204,722,1239,836,0,standing,not-looking,1606,1204,721,1240,836,0,standing,not-looking,1607,1205,720,1242,836,0,standing,not-looking,1608,1206,719,1243,835,0,standing,not-looking,1609,1207,717,1244,835,0,standing,not-looking,1610,1208,716,1246,835,0,standing,not-looking,1611,1209,715,1247,835,0,standing,not-looking,1612,1210,714,1249,835,0,standing,not-looking,1613,1212,713,1251,835,0,standing,not-looking,1614,1214,713,1253,835,0,standing,not-looking,1615,1216,712,1256,835,0,standing,not-looking,1616,1218,711,1258,835,0,standing,not-looking,1617,1220,710,1260,836,0,standing,not-looking,1618,1222,710,1263,836,0,standing,not-looking,1619,1224,709,1265,836,0,standing,not-looking,1620,1225,708,1267,836,0,standing,not-looking,1621,1227,708,1270,836,0,standing,not-looking
3_5_386,2464,1139,727,1164,803,0,standing,not-looking,2465,1142,726,1168,804,0,standing,not-looking,2466,1146,726,1171,805,0,standing,not-looking,2467,1150,726,1175,806,0,standing,not-looking,2468,1153,725,1179,807,0,standing,not-looking,2469,1157,725,1183,808,0,standing,not-looking,2470,1160,725,1187,809,0,standing,not-looking,2471,1164,724,1190,810,0,standing,not-looking,2472,1170,724,1197,811,0,standing,not-looking,2473,1176,724,1203,813,0,standing,not-looking,2474,1182,724,1209,814,0,standing,not-looking,2475,1188,724,1216,815,0,standing,not-looking,2476,1194,724,1222,817,0,standing,not-looking,2477,1200,724,1228,818,0,standing,not-looking,2478,1205,724,1235,819,0,standing,not-looking,2479,1211,724,1241,821,0,standing,not-looking,2480,1217,724,1247,822,0,standing,not-looking,2481,1223,724,1254,823,0,standing,not-looking,2482,1229,724,1260,826,0,standing,not-looking,2483,1235,724,1266,828,0,standing,not-looking,2484,1241,724,1272,831,0,standing,not-looking,2485,1247,725,1279,833,0,standing,not-looking,2486,1253,725,1285,835,0,standing,not-looking,2487,1260,725,1293,837,0,standing,not-looking,2488,1267,724,1300,839,0,standing,not-looking,2489,1275,724,1308,841,0,standing,not-looking,2490,1282,724,1315,842,0,standing,not-looking,2491,1289,723,1323,844,0,standing,not-looking,2492,1297,722,1333,845,0,standing,not-looking,2493,1304,721,1342,846,0,standing,not-looking,2494,1312,720,1351,848,0,standing,not-looking,2495,1319,718,1361,849,0,standing,not-looking
3_5_415,11592,1130,751,1166,864,0,walking,not-looking,11593,1133,751,1170,866,0,walking,not-looking,11594,1136,751,1175,867,0,walking,not-looking,11595,1139,752,1179,870,0,walking,not-looking,11596,1142,754,1184,872,0,walking,not-looking,11597,1145,755,1188,875,0,walking,not-looking,11598,1147,757,1192,878,0,walking,not-looking,11599,1150,759,1197,881,0,walking,not-looking,11600,1154,756,1201,880,0,walking,not-looking,11601,1158,753,1205,879,0,walking,not-looking,11602,1162,751,1209,878,0,walking,not-looking,11603,1166,748,1214,877,0,walking,not-looking,11604,1170,746,1218,876,0,walking,not-looking,11605,1174,745,1221,878,0,walking,not-looking,11606,1178,744,1225,880,0,walking,not-looking,11607,1181,744,1228,882,0,walking,not-looking,11608,1185,743,1232,883,0,walking,not-looking,11609,1189,742,1235,885,0,walking,not-looking,11610,1194,740,1241,884,0,walking,not-looking,11611,1200,737,1246,884,0,walking,not-looking,11612,1205,734,1252,883,0,walking,not-looking,11613,1211,732,1257,883,0,walking,not-looking,11614,1216,729,1263,882,0,walking,not-looking,11615,1222,729,1268,884,0,walking,not-looking,11616,1227,729,1274,886,0,walking,not-looking,11617,1233,729,1279,888,0,walking,not-looking,11618,1238,728,1285,890,0,walking,not-looking,11619,1244,728,1290,892,0,walking,not-looking,11620,1249,727,1296,895,0,walking,not-looking,11621,1254,727,1302,898,0,walking,not-looking,11622,1259,726,1307,901,0,walking,not-looking,11623,1264,725,1313,904,0,walking,not-looking
3_5_395,2716,1132,727,1153,783,2,standing,not-looking,2717,1134,727,1156,783,2,standing,not-looking,2718,1136,727,1158,784,2,standing,not-looking,2719,1138,727,1160,784,1,standing,not-looking,2720,1140,727,1162,784,1,standing,not-looking,2721,1140,727,1162,787,0,standing,not-looking,2722,1142,727,1165,787,0,standing,not-looking,2723,1144,727,1167,788,0,standing,not-looking,2724,1146,726,1169,789,0,standing,not-looking,2725,1147,726,1171,790,0,standing,not-looking,2726,1149,726,1174,791,0,standing,not-looking,2727,1151,726,1176,791,0,standing,not-looking,2728,1153,726,1178,792,0,standing,not-looking,2729,1155,726,1180,793,0,standing,not-looking,2730,1156,726,1182,794,0,standing,not-looking,2731,1158,727,1184,795,0,standing,not-looking,2732,1160,727,1186,796,0,standing,not-looking,2733,1162,727,1189,797,0,standing,not-looking,2734,1163,727,1191,797,0,standing,not-looking,2735,1165,727,1193,798,0,standing,not-looking,2736,1167,728,1195,799,0,standing,not-looking,2737,1169,727,1198,799,0,standing,not-looking,2738,1171,726,1200,799,0,standing,not-looking,2739,1173,726,1203,799,0,standing,not-looking,2740,1176,725,1205,799,0,standing,not-looking,2741,1178,725,1207,798,0,standing,not-looking,2742,1180,724,1210,798,0,standing,not-looking,2743,1182,723,1212,798,0,standing,not-looking,2744,1184,723,1215,798,0,standing,not-looking,2745,1187,722,1217,798,0,standing,not-looking,2746,1189,722,1220,798,0,standing,not-looking,2747,1191,722,1222,799,0,standing,not-looking
3_5_385,2462,1107,725,1134,799,0,standing,not-looking,2463,1110,724,1137,799,0,standing,not-looking,2464,1112,723,1140,799,0,standing,not-looking,2465,1115,722,1143,799,0,standing,not-looking,2466,1118,721,1146,799,0,standing,not-looking,2467,1120,720,1148,799,0,standing,not-looking,2468,1124,720,1153,801,0,standing,not-looking,2469,1128,720,1158,802,0,standing,not-looking,2470,1132,720,1162,804,0,standing,not-looking,2471,1136,720,1167,806,0,standing,not-looking,2472,1140,721,1171,808,0,standing,not-looking,2473,1144,721,1176,809,0,standing,not-looking,2474,1148,721,1180,811,0,standing,not-looking,2475,1152,721,1185,813,0,standing,not-looking,2476,1156,721,1190,815,0,standing,not-looking,2477,1160,721,1194,816,0,standing,not-looking,2478,1165,721,1200,818,0,standing,not-looking,2479,1170,721,1205,820,0,standing,not-looking,2480,1175,721,1211,822,0,standing,not-looking,2481,1181,722,1216,824,0,standing,not-looking,2482,1186,722,1222,826,0,standing,not-looking,2483,1191,722,1227,828,0,standing,not-looking,2484,1197,722,1233,830,0,standing,not-looking,2485,1202,722,1238,832,0,standing,not-looking,2486,1207,722,1244,834,0,standing,not-looking,2487,1213,722,1249,836,0,standing,not-looking,2488,1218,721,1256,838,0,standing,not-looking,2489,1224,720,1263,839,0,standing,not-looking,2490,1230,719,1269,840,0,standing,not-looking,2491,1236,718,1276,842,0,standing,not-looking,2492,1242,717,1283,843,0,standing,not-looking,2493,1248,716,1289,844,0,standing,not-looking
3_5_391,2569,1076,723,1113,822,0,standing,looking,2570,1078,727,1115,828,0,standing,looking,2571,1080,726,1118,828,0,standing,looking,2572,1082,725,1120,829,0,standing,looking,2573,1084,725,1123,829,0,standing,looking,2574,1086,724,1125,829,0,standing,looking,2575,1088,723,1128,829,0,standing,looking,2576,1091,723,1130,831,0,standing,looking,2577,1094,723,1133,833,0,standing,looking,2578,1097,723,1136,834,0,standing,looking,2579,1100,723,1139,836,0,standing,looking,2580,1102,723,1142,838,0,standing,looking,2581,1105,721,1145,838,0,standing,looking,2582,1108,719,1149,837,0,standing,looking,2583,1111,717,1153,837,0,standing,looking,2584,1114,715,1157,837,0,standing,looking,2585,1117,713,1160,837,0,standing,looking,2586,1120,711,1164,838,0,standing,looking,2587,1122,709,1169,839,0,standing,looking,2588,1124,707,1173,840,0,standing,looking,2589,1126,705,1177,841,0,standing,looking,2590,1129,703,1182,842,0,standing,looking,2591,1133,702,1186,845,0,standing,looking,2592,1138,701,1191,847,0,standing,looking,2593,1142,700,1196,849,0,standing,looking,2594,1147,699,1201,851,0,standing,looking,2595,1151,698,1206,853,0,standing,looking,2596,1156,698,1212,856,0,standing,looking,2597,1161,697,1218,859,0,standing,looking,2598,1166,697,1224,861,0,standing,looking,2599,1171,696,1230,864,0,standing,looking,2600,1175,695,1237,867,0,standing,looking
3_6_446,8603,1234,715,1262,802,0,standing,not-looking,8604,1238,715,1267,804,0,standing,not-looking,8605,1242,715,1271,806,0,standing,not-looking,8606,1246,716,1276,807,0,standing,not-looking,8607,1250,716,1281,809,0,standing,not-looking,8608,1254,716,1286,811,0,standing,not-looking,8609,1258,716,1290,813,0,standing,not-looking,8610,1264,715,1295,813,0,standing,not-looking,8611,1269,713,1300,813,0,standing,not-looking,8612,1275,712,1304,813,0,standing,not-looking,8613,1280,711,1309,814,0,standing,not-looking,8614,1286,709,1314,814,0,standing,not-looking,8615,1292,708,1321,815,0,standing,not-looking,8616,1298,708,1327,816,0,standing,not-looking,8617,1304,707,1334,817,0,standing,not-looking,8618,1310,706,1341,819,0,standing,not-looking,8619,1317,705,1347,820,0,standing,not-looking,8620,1324,704,1355,821,0,standing,not-looking,8621,1332,703,1362,823,0,standing,not-looking,8622,1339,702,1370,825,0,standing,not-looking,8623,1347,701,1377,826,0,standing,not-looking,8624,1354,700,1384,828,0,standing,not-looking,8625,1363,698,1394,830,0,standing,not-looking,8626,1372,697,1404,832,0,standing,not-looking,8627,1382,695,1414,834,0,standing,not-looking,8628,1391,694,1424,836,0,standing,not-looking,8629,1400,693,1433,838,0,standing,not-looking,8630,1410,692,1446,841,0,standing,not-looking,8631,1420,692,1458,844,0,standing,not-looking,8632,1430,691,1470,847,0,standing,not-looking,8633,1440,691,1482,850,0,standing,not-looking,8634,1450,690,1494,853,0,standing,not-looking
3_6_429,1967,684,726,702,802,2,standing,not-looking,1968,678,725,698,803,1,standing,not-looking,1969,674,725,694,808,1,standing,not-looking,1970,669,724,691,812,1,standing,not-looking,1971,663,723,685,810,1,standing,not-looking,1972,658,722,679,808,1,standing,not-looking,1973,653,721,674,808,0,standing,not-looking,1974,647,720,671,810,0,standing,not-looking,1975,642,719,667,812,0,standing,not-looking,1976,637,718,661,810,0,standing,not-looking,1977,631,717,655,809,0,standing,not-looking,1978,626,715,649,808,0,standing,not-looking,1979,618,714,643,810,0,standing,not-looking,1980,611,713,636,813,0,standing,not-looking,1981,603,712,629,815,0,standing,not-looking,1982,596,711,622,817,0,standing,not-looking,1983,589,711,615,820,0,standing,not-looking,1984,579,710,607,822,0,standing,not-looking,1985,570,709,600,823,0,standing,not-looking,1986,561,708,592,825,0,standing,not-looking,1987,552,707,584,827,0,standing,not-looking,1988,543,706,577,829,0,standing,not-looking,1989,532,705,566,831,0,standing,not-looking,1990,520,703,555,832,0,standing,not-looking,1991,509,702,545,834,0,standing,not-looking,1992,497,700,534,836,0,standing,not-looking,1993,485,699,523,837,0,standing,not-looking,1994,470,696,510,840,0,standing,not-looking,1995,455,694,497,843,0,standing,not-looking,1996,439,691,483,845,0,standing,not-looking,1997,424,689,470,848,0,standing,not-looking,1998,409,686,456,851,0,standing,not-looking
3_6_449,9293,398,717,424,796,0,standing,not-looking,9294,393,717,419,797,0,standing,not-looking,9295,388,716,414,798,0,standing,not-looking,9296,383,716,408,797,0,standing,not-looking,9297,377,715,403,797,0,standing,not-looking,9298,372,714,397,796,0,standing,not-looking,9299,366,713,391,796,0,standing,not-looking,9300,361,712,386,796,0,standing,not-looking,9301,355,711,380,796,0,standing,not-looking,9302,349,711,374,797,0,standing,not-looking,9303,343,710,368,797,0,standing,not-looking,9304,337,709,363,797,0,standing,not-looking,9305,331,709,357,798,0,standing,not-looking,9306,324,708,351,798,0,standing,not-looking,9307,317,707,344,798,0,standing,not-looking,9308,310,706,338,798,0,standing,not-looking,9309,304,705,331,798,0,standing,not-looking,9310,297,704,325,798,0,standing,not-looking,9311,289,703,318,798,0,standing,not-looking,9312,282,702,311,799,0,standing,not-looking,9313,275,701,305,799,0,standing,not-looking,9314,268,700,298,800,0,standing,not-looking,9315,260,699,291,800,0,standing,not-looking,9316,252,698,283,799,0,standing,not-looking,9317,244,696,276,798,0,standing,not-looking,9318,236,695,269,798,0,standing,not-looking,9319,228,693,261,797,0,standing,not-looking,9320,220,692,254,796,0,standing,not-looking,9321,211,690,245,796,0,standing,not-looking,9322,202,689,236,796,0,standing,not-looking,9323,193,687,227,796,0,standing,not-looking,9324,184,686,218,796,0,standing,not-looking
3_6_476,16682,1212,735,1230,790,2,walking,not-looking,16683,1214,735,1233,790,2,walking,not-looking,16684,1217,734,1236,791,2,walking,not-looking,16685,1220,734,1239,791,2,walking,not-looking,16686,1222,734,1242,791,2,walking,not-looking,16687,1225,733,1245,791,2,walking,not-looking,16688,1228,733,1248,792,2,walking,not-looking,16689,1230,732,1251,792,2,walking,not-looking,16690,1233,732,1254,792,2,walking,not-looking,16691,1236,732,1257,792,2,walking,not-looking,16692,1241,732,1262,792,2,walking,not-looking,16693,1246,732,1268,792,2,walking,not-looking,16694,1251,732,1274,793,1,walking,not-looking,16695,1256,733,1279,796,1,walking,not-looking,16696,1261,734,1283,799,1,walking,not-looking,16697,1266,735,1288,801,1,walking,not-looking,16698,1271,735,1293,804,1,walking,not-looking,16699,1275,736,1297,807,1,walking,not-looking,16700,1281,737,1303,808,1,walking,not-looking,16701,1286,738,1308,812,0,walking,not-looking,16702,1293,738,1316,813,0,walking,not-looking,16703,1299,738,1324,814,0,walking,not-looking,16704,1305,738,1332,816,0,walking,not-looking,16705,1311,738,1340,817,0,walking,not-looking,16706,1317,738,1348,819,0,walking,not-looking,16707,1325,736,1356,819,0,walking,not-looking,16708,1332,734,1363,819,0,walking,not-looking,16709,1339,732,1371,819,0,walking,not-looking,16710,1347,730,1379,819,0,walking,not-looking,16711,1354,729,1387,819,0,walking,not-looking,16712,1363,728,1397,820,0,walking,not-looking,16713,1371,727,1407,820,0,walking,not-looking
3_6_455,11558,1174,732,1192,798,0,standing,not-looking,11559,1176,731,1195,798,0,standing,not-looking,11560,1180,731,1199,799,0,standing,not-looking,11561,1183,731,1202,800,0,standing,not-looking,11562,1187,731,1206,801,0,standing,not-looking,11563,1190,732,1210,801,0,standing,not-looking,11564,1194,732,1213,802,0,standing,not-looking,11565,1198,730,1218,803,0,standing,not-looking,11566,1202,729,1222,803,0,standing,not-looking,11567,1205,727,1227,803,0,standing,not-looking,11568,1209,726,1231,804,0,standing,not-looking,11569,1213,724,1235,804,0,standing,not-looking,11570,1217,723,1240,805,0,standing,not-looking,11571,1221,723,1245,805,0,standing,not-looking,11572,1225,722,1249,806,0,standing,not-looking,11573,1229,721,1254,807,0,standing,not-looking,11574,1233,720,1259,807,0,standing,not-looking,11575,1239,720,1264,808,0,standing,not-looking,11576,1244,719,1270,809,0,standing,not-looking,11577,1249,718,1275,809,0,standing,not-looking,11578,1254,717,1280,810,0,standing,not-looking,11579,1261,717,1287,812,0,standing,not-looking,11580,1267,716,1293,813,0,standing,not-looking,11581,1274,716,1300,815,0,standing,not-looking,11582,1280,715,1308,816,0,standing,not-looking,11583,1287,715,1316,818,0,standing,not-looking,11584,1293,714,1324,819,0,standing,not-looking,11585,1300,713,1332,821,0,standing,not-looking,11586,1306,713,1340,823,0,standing,not-looking,11587,1313,712,1349,824,0,standing,not-looking,11588,1319,712,1357,826,0,standing,not-looking,11589,1327,711,1366,829,0,standing,not-looking
3_6_471,16674,546,724,564,790,0,standing,not-looking,16675,540,723,559,790,0,standing,not-looking,16676,535,722,553,790,0,standing,not-looking,16677,529,721,547,790,0,standing,not-looking,16678,524,720,542,790,0,standing,not-looking,16679,518,719,536,790,0,standing,not-looking,16680,512,718,530,790,0,standing,not-looking,16681,506,718,525,789,0,standing,not-looking,16682,500,717,519,789,0,standing,not-looking,16683,495,716,513,789,0,standing,not-looking,16684,489,715,508,789,0,standing,not-looking,16685,481,717,501,791,0,standing,not-looking,16686,475,715,494,791,0,standing,not-looking,16687,468,713,488,790,0,standing,not-looking,16688,461,711,481,790,0,standing,not-looking,16689,454,710,475,789,0,standing,not-looking,16690,447,708,468,789,0,standing,not-looking,16691,440,706,461,789,0,standing,not-looking,16692,432,705,454,788,0,standing,not-looking,16693,424,705,446,790,0,standing,not-looking,16694,416,705,438,791,0,standing,not-looking,16695,408,705,430,793,0,standing,not-looking,16696,399,705,422,794,0,standing,not-looking,16697,391,705,414,796,0,standing,not-looking,16698,383,705,406,797,0,standing,not-looking,16699,375,705,398,798,0,standing,not-looking,16700,365,703,389,798,0,standing,not-looking,16701,355,702,379,798,0,standing,not-looking,16702,345,700,370,798,0,standing,not-looking,16703,335,698,360,797,0,standing,not-looking,16704,326,696,351,797,0,standing,not-looking,16705,316,695,341,797,0,standing,not-looking
3_6_450,9288,357,737,389,787,0,walking,not-looking,9289,351,738,383,788,0,walking,not-looking,9290,345,738,378,788,0,walking,not-looking,9291,339,739,372,789,0,walking,not-looking,9292,334,739,366,790,0,walking,not-looking,9293,328,740,361,791,0,walking,not-looking,9294,322,739,355,791,0,walking,not-looking,9295,316,739,348,791,0,walking,not-looking,9296,310,739,342,791,0,walking,not-looking,9297,304,738,336,791,0,walking,not-looking,9298,297,738,330,791,0,walking,not-looking,9299,291,737,323,791,0,walking,not-looking,9300,285,737,317,791,0,walking,not-looking,9301,278,736,311,791,0,walking,not-looking,9302,272,735,305,792,0,walking,not-looking,9303,265,735,299,792,0,walking,not-looking,9304,259,734,293,792,0,walking,not-looking,9305,253,734,286,792,0,walking,not-looking,9306,246,733,280,792,0,walking,not-looking,9307,240,733,274,792,0,walking,not-looking,9308,232,732,268,793,0,walking,not-looking,9309,225,731,261,793,0,walking,not-looking,9310,218,730,254,794,0,walking,not-looking,9311,210,729,248,794,0,walking,not-looking,9312,203,728,241,794,0,walking,not-looking,9313,195,727,235,795,0,walking,not-looking,9314,187,726,227,795,0,walking,not-looking,9315,178,724,220,795,0,walking,not-looking,9316,170,723,212,796,0,walking,not-looking,9317,162,722,205,796,0,walking,not-looking,9318,153,721,196,795,0,walking,not-looking,9319,144,720,188,795,0,walking,not-looking
3_6_458,11564,1179,739,1200,803,0,standing,looking,11565,1183,739,1203,804,0,standing,looking,11566,1186,738,1207,805,0,standing,looking,11567,1190,737,1212,806,0,standing,looking,11568,1193,736,1216,807,0,standing,looking,11569,1196,735,1220,808,0,standing,looking,11570,1200,734,1224,809,0,standing,looking,11571,1204,733,1228,808,0,standing,looking,11572,1208,733,1233,808,0,standing,looking,11573,1212,732,1237,808,0,standing,looking,11574,1217,731,1241,807,0,standing,looking,11575,1221,730,1246,807,0,standing,looking,11576,1225,730,1251,808,0,standing,looking,11577,1229,730,1257,810,0,standing,looking,11578,1233,730,1262,811,0,standing,looking,11579,1237,729,1268,813,0,standing,looking,11580,1242,729,1273,814,0,standing,looking,11581,1247,728,1279,815,0,standing,looking,11582,1253,727,1285,816,0,standing,looking,11583,1259,726,1292,817,0,standing,looking,11584,1265,725,1298,818,0,standing,looking,11585,1271,724,1304,819,0,standing,looking,11586,1278,724,1312,821,0,standing,looking,11587,1286,724,1321,822,0,standing,looking,11588,1294,724,1329,824,0,standing,looking,11589,1301,724,1337,826,0,standing,looking,11590,1309,724,1346,828,0,standing,looking,11591,1317,723,1356,830,0,standing,looking,11592,1326,722,1367,832,0,standing,looking,11593,1335,721,1377,834,0,standing,looking,11594,1343,720,1388,836,0,standing,looking,11595,1352,719,1398,837,0,standing,looking
3_6_445,8619,1126,726,1158,817,0,standing,looking,8620,1128,725,1161,818,0,standing,looking,8621,1131,725,1164,818,0,standing,looking,8622,1134,724,1168,819,0,standing,looking,8623,1136,724,1172,820,0,standing,looking,8624,1139,723,1175,821,0,standing,looking,8625,1142,722,1179,822,0,standing,looking,8626,1145,722,1183,824,0,standing,looking,8627,1148,722,1188,826,0,standing,looking,8628,1152,721,1192,827,0,standing,looking,8629,1155,721,1196,829,0,standing,looking,8630,1158,720,1201,831,0,standing,looking,8631,1163,720,1206,833,0,standing,looking,8632,1167,720,1211,836,0,standing,looking,8633,1172,720,1216,838,0,standing,looking,8634,1176,720,1221,840,0,standing,looking,8635,1181,719,1226,842,0,standing,looking,8636,1186,719,1232,845,0,standing,looking,8637,1191,719,1238,847,0,standing,looking,8638,1196,718,1244,850,0,standing,looking,8639,1202,718,1250,852,0,standing,looking,8640,1207,717,1257,855,0,standing,looking,8641,1213,716,1264,856,0,standing,looking,8642,1219,715,1272,858,0,standing,looking,8643,1225,714,1279,859,0,standing,looking,8644,1231,713,1286,861,0,standing,looking,8645,1237,712,1294,862,0,standing,looking,8646,1246,712,1304,866,0,standing,looking,8647,1254,712,1313,870,0,standing,looking,8648,1263,711,1323,875,0,standing,looking,8649,1271,711,1333,879,0,standing,looking,8650,1280,710,1342,883,0,standing,looking
3_6_472,16676,548,731,563,787,0,standing,not-looking,16677,543,730,558,787,0,standing,not-looking,16678,537,729,553,787,0,standing,not-looking,16679,532,728,548,787,0,standing,not-looking,16680,526,727,543,786,0,standing,not-looking,16681,520,726,538,786,0,standing,not-looking,16682,515,725,532,787,0,standing,not-looking,16683,509,725,526,787,0,standing,not-looking,16684,503,725,521,788,0,standing,not-looking,16685,497,724,515,789,0,standing,not-looking,16686,491,724,509,790,0,standing,not-looking,16687,485,722,503,789,0,standing,not-looking,16688,478,720,497,788,0,standing,not-looking,16689,472,719,491,787,0,standing,not-looking,16690,465,717,484,786,0,standing,not-looking,16691,459,715,478,785,0,standing,not-looking,16692,452,715,471,786,0,standing,not-looking,16693,444,715,464,787,0,standing,not-looking,16694,437,715,457,788,0,standing,not-looking,16695,430,715,450,789,0,standing,not-looking,16696,422,715,443,790,0,standing,not-looking,16697,414,715,436,791,0,standing,not-looking,16698,406,715,428,792,0,standing,not-looking,16699,398,715,420,793,0,standing,not-looking,16700,390,715,413,794,0,standing,not-looking,16701,381,715,405,794,0,standing,not-looking,16702,372,713,396,794,0,standing,not-looking,16703,363,712,387,794,0,standing,not-looking,16704,354,710,378,794,0,standing,not-looking,16705,345,708,369,795,0,standing,not-looking,16706,335,707,360,795,0,standing,not-looking,16707,325,704,350,794,0,standing,not-looking
3_6_463,16475,534,737,557,826,0,standing,not-looking,16476,544,738,566,827,0,standing,not-looking,16477,553,739,575,829,0,standing,not-looking,16478,563,741,585,830,0,standing,not-looking,16479,575,742,597,832,0,standing,not-looking,16480,587,743,609,833,0,standing,not-looking,16481,599,744,621,834,0,standing,not-looking,16482,612,745,634,836,0,standing,not-looking,16483,624,747,646,837,0,standing,not-looking,16484,640,747,662,838,0,standing,not-looking,16485,656,748,678,839,0,standing,not-looking,16486,672,748,694,840,0,standing,not-looking,16487,689,749,711,841,0,standing,not-looking,16488,705,750,727,843,0,standing,not-looking,16489,724,751,746,844,0,standing,not-looking,16490,743,751,765,845,0,standing,not-looking,16491,762,752,784,847,0,standing,not-looking,16492,781,753,803,848,0,standing,not-looking,16493,800,754,822,849,0,standing,not-looking,16494,820,754,843,850,0,standing,not-looking,16495,841,755,864,852,0,standing,not-looking,16496,861,756,885,853,0,standing,not-looking,16497,881,757,906,854,0,standing,not-looking,16498,902,757,927,855,0,standing,not-looking,16499,923,757,948,856,0,standing,not-looking,16500,945,757,970,857,0,standing,not-looking,16501,967,758,992,857,0,standing,not-looking,16502,988,758,1013,858,0,standing,not-looking,16503,1010,758,1035,859,0,standing,not-looking,16504,1032,757,1058,859,0,standing,not-looking,16505,1055,757,1081,860,0,standing,not-looking,16506,1077,756,1103,860,0,standing,not-looking
3_6_464,16471,480,735,501,818,0,standing,looking,16472,489,735,509,819,0,standing,looking,16473,497,736,517,820,0,standing,looking,16474,505,737,525,821,0,standing,looking,16475,513,737,533,822,0,standing,looking,16476,521,738,541,823,0,standing,looking,16477,532,740,552,825,0,standing,looking,16478,543,742,563,828,0,standing,looking,16479,555,743,574,829,0,standing,looking,16480,566,744,586,830,0,standing,looking,16481,578,745,598,831,0,standing,looking,16482,589,746,609,832,0,standing,looking,16483,601,747,621,833,0,standing,looking,16484,617,748,637,834,0,standing,looking,16485,633,748,654,836,0,standing,looking,16486,649,749,670,837,0,standing,looking,16487,665,750,686,839,0,standing,looking,16488,681,750,702,840,0,standing,not-looking,16489,700,751,722,842,0,standing,not-looking,16490,719,752,741,843,0,standing,not-looking,16491,739,754,761,844,0,standing,not-looking,16492,758,755,780,846,0,standing,not-looking,16493,777,756,799,847,0,standing,not-looking,16494,797,757,819,848,0,standing,not-looking,16495,817,757,839,849,0,standing,not-looking,16496,836,758,859,850,0,standing,not-looking,16497,856,759,879,852,0,standing,not-looking,16498,876,760,899,853,0,standing,not-looking,16499,897,760,921,853,0,standing,not-looking,16500,918,760,943,854,0,standing,not-looking,16501,940,760,965,854,0,standing,not-looking,16502,961,760,987,855,0,standing,not-looking
3_6_466,16479,454,719,475,814,1,standing,not-looking,16480,462,720,484,815,1,standing,not-looking,16481,477,721,499,816,1,standing,not-looking,16482,492,722,513,817,1,standing,not-looking,16483,507,723,528,818,1,standing,not-looking,16484,522,724,543,819,1,standing,not-looking,16485,537,725,558,820,1,standing,not-looking,16486,552,726,573,821,1,standing,not-looking,16487,567,727,588,822,1,standing,not-looking,16488,582,728,603,823,1,standing,not-looking,16489,597,729,618,824,1,standing,not-looking,16490,612,730,633,825,1,standing,not-looking,16491,630,731,652,828,1,standing,not-looking,16492,649,732,672,830,1,standing,not-looking,16493,668,733,691,833,1,standing,not-looking,16494,687,734,711,835,1,standing,not-looking,16495,706,735,730,838,1,standing,not-looking,16496,726,736,751,839,1,standing,not-looking,16497,746,737,771,840,1,standing,not-looking,16498,765,738,792,841,1,standing,not-looking,16499,785,739,813,843,1,standing,not-looking,16500,805,740,833,844,1,standing,not-looking,16501,826,741,854,844,1,standing,not-looking,16502,847,741,876,845,1,standing,not-looking,16503,868,741,897,845,1,standing,not-looking,16504,889,742,918,845,1,standing,not-looking,16505,910,742,939,846,1,standing,not-looking,16506,932,742,961,847,1,standing,not-looking,16507,954,741,983,848,1,standing,not-looking,16508,975,740,1005,849,1,standing,not-looking,16509,997,740,1027,850,1,standing,not-looking,16510,1018,739,1049,852,1,standing,not-looking
3_6_474,16688,1283,728,1300,799,1,standing,not-looking,16688,1283,728,1300,799,1,standing,not-looking,16688,1283,728,1300,799,1,standing,not-looking,16688,1283,728,1300,799,1,standing,not-looking,16688,1283,728,1300,799,1,standing,not-looking,16688,1283,728,1300,799,1,standing,not-looking,16688,1283,728,1300,799,1,standing,not-looking,16688,1283,728,1300,799,1,standing,not-looking,16688,1283,728,1300,799,1,standing,not-looking,16688,1283,728,1300,799,1,standing,not-looking,16688,1283,728,1300,799,1,standing,not-looking,16688,1283,728,1300,799,1,standing,not-looking,16688,1283,728,1300,799,1,standing,not-looking,16688,1283,728,1300,799,1,standing,not-looking,16688,1283,728,1300,799,1,standing,not-looking,16688,1283,728,1300,799,1,standing,not-looking,16688,1283,728,1300,799,1,standing,not-looking,16689,1289,726,1305,798,1,standing,not-looking,16690,1294,725,1310,797,1,standing,not-looking,16691,1301,724,1318,798,0,standing,not-looking,16692,1307,723,1325,798,0,standing,not-looking,16693,1314,723,1332,800,0,standing,not-looking,16694,1320,723,1339,802,0,standing,not-looking,16695,1326,724,1346,804,0,standing,not-looking,16696,1333,725,1353,807,0,standing,not-looking,16697,1340,726,1361,809,0,standing,not-looking,16698,1347,727,1368,812,0,standing,not-looking,16699,1354,728,1376,815,0,standing,not-looking,16700,1361,729,1383,817,0,standing,looking,16701,1370,728,1392,818,0,standing,looking,16702,1378,727,1401,820,0,standing,looking,16703,1386,726,1410,821,0,standing,looking
3_6_432,2021,1103,723,1130,805,0,standing,looking,2022,1106,723,1133,806,0,standing,looking,2023,1108,724,1136,808,0,standing,looking,2024,1111,725,1138,810,0,standing,looking,2025,1113,725,1141,812,0,standing,looking,2026,1115,726,1144,814,0,standing,looking,2027,1117,727,1147,816,0,standing,looking,2028,1120,728,1150,819,0,standing,looking,2029,1122,728,1154,822,0,standing,looking,2030,1125,729,1157,825,0,standing,looking,2031,1128,730,1160,827,0,standing,looking,2032,1131,730,1164,830,0,standing,looking,2033,1135,729,1168,831,0,standing,looking,2034,1138,728,1173,832,0,standing,looking,2035,1142,727,1178,833,0,standing,looking,2036,1146,725,1182,834,0,standing,looking,2037,1150,724,1187,834,0,standing,looking,2038,1155,724,1192,836,0,standing,looking,2039,1159,724,1198,838,0,standing,looking,2040,1164,723,1203,841,0,standing,looking,2041,1169,723,1208,843,0,standing,looking,2042,1173,723,1214,845,0,standing,looking,2043,1180,723,1221,848,0,standing,looking,2044,1186,723,1228,851,0,standing,looking,2045,1192,723,1235,855,0,standing,looking,2046,1199,723,1242,858,0,standing,looking,2047,1205,723,1249,862,0,standing,not-looking,2048,1213,719,1258,863,0,standing,not-looking,2049,1221,716,1267,863,0,standing,not-looking,2050,1229,712,1277,864,0,standing,not-looking,2051,1237,709,1286,865,0,standing,not-looking,2052,1245,705,1295,866,0,standing,not-looking
3_6_457,11559,1201,735,1218,794,0,standing,not-looking,11560,1204,735,1222,794,0,standing,not-looking,11561,1208,735,1226,795,0,standing,not-looking,11562,1211,736,1230,796,0,standing,not-looking,11563,1214,736,1234,797,0,standing,not-looking,11564,1219,735,1238,798,0,standing,not-looking,11565,1223,734,1243,798,0,standing,not-looking,11566,1227,733,1247,798,0,standing,not-looking,11567,1232,733,1251,798,0,standing,not-looking,11568,1236,732,1256,799,0,standing,not-looking,11569,1241,731,1261,799,0,standing,not-looking,11570,1245,730,1266,799,0,standing,not-looking,11571,1250,730,1271,800,0,standing,not-looking,11572,1254,729,1276,800,0,standing,not-looking,11573,1259,728,1280,801,0,standing,not-looking,11574,1265,728,1287,801,0,standing,not-looking,11575,1271,727,1293,802,0,standing,not-looking,11576,1277,726,1300,803,0,standing,not-looking,11577,1283,725,1306,803,0,standing,not-looking,11578,1289,724,1312,804,0,standing,not-looking,11579,1295,723,1319,805,0,standing,not-looking,11580,1301,723,1325,805,0,standing,not-looking,11581,1307,722,1332,806,0,standing,not-looking,11582,1312,721,1338,807,0,standing,not-looking,11583,1318,720,1344,807,0,standing,not-looking,11584,1326,719,1353,809,0,standing,not-looking,11585,1334,718,1362,810,0,standing,not-looking,11586,1342,717,1370,811,0,standing,not-looking,11587,1350,716,1379,812,0,standing,not-looking,11588,1358,715,1387,813,0,standing,not-looking,11589,1369,714,1399,815,0,standing,not-looking,11590,1380,712,1411,816,0,standing,not-looking
3_6_454,9764,1241,736,1271,827,0,standing,looking,9765,1248,731,1279,824,0,standing,looking,9766,1256,726,1286,820,0,standing,looking,9767,1263,722,1295,818,0,standing,looking,9768,1270,720,1302,818,0,standing,looking,9769,1276,717,1310,818,0,standing,looking,9770,1283,717,1317,820,0,standing,looking,9771,1289,717,1324,821,0,standing,looking,9772,1296,718,1332,825,0,standing,looking,9773,1303,720,1339,829,0,standing,looking,9774,1309,722,1347,833,0,standing,looking,9775,1316,723,1354,837,0,standing,looking,9776,1323,725,1362,840,0,standing,looking,9777,1330,723,1370,841,0,standing,looking,9778,1336,721,1378,841,0,standing,looking,9779,1343,720,1386,841,0,standing,looking,9780,1350,718,1394,842,0,standing,looking,9781,1357,716,1402,842,0,standing,looking,9782,1364,715,1409,843,0,standing,looking,9783,1370,713,1416,845,0,standing,looking,9784,1376,712,1424,846,0,standing,looking,9785,1383,711,1431,847,0,standing,looking,9786,1389,709,1439,848,0,standing,looking,9787,1396,710,1447,851,0,standing,looking,9788,1404,710,1456,855,0,standing,looking,9789,1411,710,1465,858,0,standing,looking,9790,1418,710,1473,861,0,standing,looking,9791,1426,710,1482,864,0,standing,looking,9792,1436,711,1494,870,0,standing,looking,9793,1446,712,1505,875,0,standing,looking,9794,1457,713,1516,881,0,standing,looking,9795,1467,717,1528,889,0,standing,looking
3_6_470,16670,495,726,511,785,0,standing,not-looking,16671,488,725,506,786,0,standing,not-looking,16672,482,725,500,786,0,standing,not-looking,16673,477,724,494,786,0,standing,not-looking,16674,471,723,489,786,0,standing,not-looking,16675,465,722,483,785,0,standing,not-looking,16676,459,721,477,785,0,standing,not-looking,16677,452,720,471,785,0,standing,not-looking,16678,445,719,464,784,0,standing,not-looking,16679,438,717,457,784,0,standing,not-looking,16680,431,716,451,783,0,standing,not-looking,16681,424,715,444,783,0,standing,not-looking,16682,418,715,437,783,0,standing,not-looking,16683,411,714,430,783,0,standing,not-looking,16684,404,713,423,784,0,standing,not-looking,16685,397,713,416,784,0,standing,not-looking,16686,390,712,409,785,0,standing,not-looking,16687,381,710,401,784,0,standing,not-looking,16688,373,708,393,783,0,standing,not-looking,16689,365,706,385,782,0,standing,not-looking,16690,357,704,377,781,0,standing,not-looking,16691,349,702,369,780,0,standing,not-looking,16692,340,702,360,781,0,standing,not-looking,16693,331,701,352,782,0,standing,not-looking,16694,323,701,343,782,0,standing,not-looking,16695,314,700,334,783,0,standing,not-looking,16696,305,700,326,784,0,standing,not-looking,16697,295,699,316,785,0,standing,not-looking,16698,285,699,306,785,0,standing,not-looking,16699,275,698,296,785,0,standing,not-looking,16700,265,697,287,786,0,standing,not-looking,16701,254,696,277,786,0,standing,not-looking
3_6_461,16474,397,716,421,810,0,standing,not-looking,16475,404,717,428,811,0,standing,not-looking,16476,414,718,438,812,0,standing,not-looking,16477,423,719,448,814,0,standing,not-looking,16478,432,720,457,815,0,standing,not-looking,16479,442,721,467,817,0,standing,not-looking,16480,451,722,477,818,0,standing,not-looking,16481,464,723,490,820,0,standing,not-looking,16482,477,724,503,822,0,standing,not-looking,16483,491,725,517,824,0,standing,not-looking,16484,504,727,530,826,0,standing,not-looking,16485,517,728,544,828,0,standing,not-looking,16486,533,729,560,829,0,standing,not-looking,16487,550,730,577,830,0,standing,not-looking,16488,566,732,593,831,0,standing,not-looking,16489,583,733,610,833,0,standing,not-looking,16490,599,734,626,834,0,standing,not-looking,16491,618,735,645,835,0,standing,not-looking,16492,637,736,664,837,0,standing,not-looking,16493,655,738,682,838,0,standing,not-looking,16494,674,739,701,840,0,standing,not-looking,16495,693,740,720,841,0,standing,not-looking,16496,713,741,740,843,0,standing,not-looking,16497,733,741,760,844,0,standing,not-looking,16498,753,742,780,846,0,standing,not-looking,16499,774,743,800,847,0,standing,not-looking,16500,794,744,821,849,0,standing,not-looking,16501,815,744,842,850,0,standing,not-looking,16502,836,744,863,852,0,walking,not-looking,16503,857,745,884,853,0,walking,not-looking,16504,878,745,905,855,0,walking,not-looking,16505,899,745,926,856,0,walking,not-looking
3_6_465,16475,486,734,513,822,0,standing,not-looking,16476,494,735,522,824,0,standing,not-looking,16477,503,736,531,825,0,standing,not-looking,16478,514,737,542,826,0,standing,not-looking,16479,525,738,553,828,0,standing,not-looking,16480,536,739,564,829,0,standing,not-looking,16481,548,740,576,830,0,standing,not-looking,16482,559,741,587,832,0,standing,not-looking,16483,574,742,602,833,0,standing,not-looking,16484,589,743,617,834,0,standing,not-looking,16485,604,744,632,835,0,standing,not-looking,16486,619,745,647,837,0,standing,not-looking,16487,634,746,662,838,0,standing,not-looking,16488,652,746,680,839,0,standing,not-looking,16489,670,747,699,840,0,standing,not-looking,16490,688,748,717,842,0,standing,not-looking,16491,706,749,735,843,0,standing,not-looking,16492,725,750,754,844,0,standing,not-looking,16493,744,750,773,846,0,standing,not-looking,16494,764,751,793,847,0,standing,not-looking,16495,783,752,813,849,0,standing,not-looking,16496,802,752,833,850,0,standing,not-looking,16497,822,753,853,852,0,standing,not-looking,16498,843,753,875,852,0,standing,not-looking,16499,864,754,896,853,0,standing,not-looking,16500,886,754,918,854,0,standing,not-looking,16501,907,755,940,855,0,standing,not-looking,16502,928,755,962,855,0,standing,not-looking,16503,949,756,984,856,0,standing,not-looking,16504,971,756,1006,857,0,standing,not-looking,16505,992,757,1028,858,0,standing,not-looking,16506,1013,757,1050,859,0,standing,not-looking
3_6_447,8605,1222,713,1249,806,0,standing,not-looking,8606,1226,715,1252,807,0,standing,not-looking,8607,1230,714,1257,809,0,standing,not-looking,8608,1234,713,1262,810,0,standing,not-looking,8609,1238,712,1266,811,0,standing,not-looking,8610,1242,711,1271,812,0,standing,not-looking,8611,1247,710,1277,812,0,standing,not-looking,8612,1252,708,1282,812,0,standing,not-looking,8613,1258,707,1288,812,0,standing,not-looking,8614,1263,706,1293,812,0,standing,not-looking,8615,1268,704,1298,812,0,standing,not-looking,8616,1273,703,1304,811,0,standing,not-looking,8617,1278,701,1309,811,0,standing,not-looking,8618,1285,700,1316,813,0,standing,not-looking,8619,1292,699,1323,814,0,standing,not-looking,8620,1299,698,1330,815,0,standing,not-looking,8621,1306,696,1336,817,0,standing,not-looking,8622,1313,695,1345,818,0,standing,not-looking,8623,1320,694,1353,819,0,standing,not-looking,8624,1327,693,1361,820,0,standing,not-looking,8625,1335,692,1369,821,0,standing,not-looking,8626,1342,691,1378,822,0,standing,not-looking,8627,1352,691,1389,825,0,standing,not-looking,8628,1362,690,1400,827,0,standing,not-looking,8629,1372,689,1411,829,0,standing,not-looking,8630,1382,688,1422,832,0,standing,not-looking,8631,1392,687,1433,834,0,standing,not-looking,8632,1402,687,1444,836,0,standing,not-looking,8633,1412,686,1455,839,0,standing,not-looking,8634,1422,685,1466,841,0,standing,not-looking,8635,1432,684,1477,843,0,standing,not-looking,8636,1442,683,1488,845,0,standing,not-looking
3_6_431,2012,1117,739,1138,813,0,standing,looking,2013,1120,739,1141,814,0,standing,looking,2014,1122,739,1143,816,0,standing,not-looking,2015,1125,738,1147,815,0,standing,not-looking,2016,1128,736,1150,815,0,standing,not-looking,2017,1131,734,1154,814,0,standing,not-looking,2018,1134,732,1157,813,0,standing,not-looking,2019,1137,730,1161,813,0,standing,not-looking,2020,1140,730,1164,815,0,standing,not-looking,2021,1144,731,1168,817,0,standing,not-looking,2022,1147,732,1171,819,0,standing,not-looking,2023,1150,732,1175,821,0,standing,not-looking,2024,1153,733,1178,823,0,standing,not-looking,2025,1157,733,1183,826,0,standing,not-looking,2026,1161,734,1187,828,0,standing,not-looking,2027,1165,734,1192,831,0,standing,not-looking,2028,1169,735,1196,833,0,standing,not-looking,2029,1172,735,1201,836,0,standing,not-looking,2030,1178,736,1207,838,0,standing,not-looking,2031,1183,736,1213,841,0,standing,not-looking,2032,1188,736,1218,843,0,standing,not-looking,2033,1193,737,1224,846,0,standing,not-looking,2034,1198,737,1230,848,0,standing,not-looking,2035,1205,736,1237,850,0,standing,not-looking,2036,1211,734,1244,851,0,standing,not-looking,2037,1218,732,1252,853,0,standing,not-looking,2038,1224,731,1259,855,0,standing,not-looking,2039,1231,729,1266,856,0,standing,not-looking,2040,1239,730,1275,860,0,standing,not-looking,2041,1247,731,1285,865,0,standing,not-looking,2042,1255,732,1294,869,0,standing,not-looking,2043,1264,732,1303,873,0,standing,not-looking
3_6_442,8524,462,735,484,803,0,standing,not-looking,8525,458,736,480,804,0,standing,not-looking,8526,453,736,476,804,0,standing,not-looking,8527,449,736,472,805,0,standing,not-looking,8528,445,736,468,805,0,standing,not-looking,8529,440,736,464,806,0,standing,not-looking,8530,436,736,460,807,0,standing,not-looking,8531,432,736,456,807,0,standing,not-looking,8532,427,735,451,808,0,standing,not-looking,8533,422,735,446,808,0,standing,not-looking,8534,417,734,441,808,0,standing,not-looking,8535,412,733,436,808,0,standing,not-looking,8536,407,732,431,809,0,standing,not-looking,8537,400,731,425,808,0,standing,not-looking,8538,393,729,418,807,0,standing,not-looking,8539,387,727,412,807,0,standing,not-looking,8540,380,726,406,806,0,standing,not-looking,8541,374,724,399,806,0,standing,not-looking,8542,367,724,392,806,0,standing,not-looking,8543,360,723,385,806,0,standing,not-looking,8544,353,722,379,806,0,standing,not-looking,8545,346,722,372,807,0,standing,not-looking,8546,339,721,365,807,0,standing,not-looking,8547,330,721,357,808,0,standing,not-looking,8548,322,720,349,809,0,standing,not-looking,8549,313,719,342,809,0,standing,not-looking,8550,305,719,334,810,0,standing,not-looking,8551,296,718,326,811,0,standing,not-looking,8552,287,717,318,812,0,standing,not-looking,8553,278,716,309,812,0,standing,not-looking,8554,268,715,300,812,0,standing,not-looking,8555,259,714,292,813,0,standing,not-looking
3_6_430,1967,1136,730,1158,808,0,walking,not-looking,1968,1140,730,1162,809,0,walking,not-looking,1969,1143,730,1165,810,0,walking,not-looking,1970,1147,731,1169,810,0,walking,not-looking,1971,1150,731,1173,811,0,walking,not-looking,1972,1154,730,1177,812,0,walking,not-looking,1973,1158,730,1181,812,0,walking,not-looking,1974,1162,729,1185,813,0,walking,not-looking,1975,1167,727,1190,810,1,walking,not-looking,1976,1171,726,1194,810,1,walking,not-looking,1977,1175,725,1199,810,1,walking,not-looking,1978,1180,724,1203,810,1,walking,not-looking,1979,1186,724,1209,810,1,walking,not-looking,1980,1192,724,1215,811,1,walking,not-looking,1981,1197,723,1221,810,1,walking,not-looking,1982,1202,724,1226,812,2,walking,not-looking,1983,1208,723,1234,815,2,walking,not-looking,1984,1214,722,1242,818,2,walking,not-looking,1985,1221,721,1250,820,2,walking,not-looking,1986,1227,719,1258,823,2,walking,not-looking,1987,1233,718,1266,826,2,walking,not-looking,1988,1239,717,1274,828,2,walking,not-looking,1989,1245,716,1282,831,2,walking,not-looking,1990,1252,714,1290,834,2,walking,not-looking,1991,1258,713,1299,836,2,walking,not-looking,1992,1264,712,1307,839,2,walking,not-looking,1993,1270,710,1315,842,2,walking,not-looking,1994,1276,709,1323,844,2,walking,not-looking,1995,1283,708,1331,847,2,walking,not-looking,1996,1289,707,1339,850,2,walking,not-looking,1997,1295,705,1347,852,1,walking,not-looking,1998,1310,705,1362,856,1,walking,not-looking
3_6_444,8592,1263,708,1293,810,0,standing,not-looking,8593,1268,707,1299,810,0,standing,not-looking,8594,1273,705,1304,810,0,standing,not-looking,8595,1278,703,1309,810,0,standing,not-looking,8596,1284,701,1316,809,0,standing,not-looking,8597,1290,700,1323,808,0,standing,not-looking,8598,1297,698,1329,808,0,standing,not-looking,8599,1303,696,1336,807,0,standing,not-looking,8600,1309,694,1343,807,0,standing,not-looking,8601,1315,694,1350,810,0,standing,not-looking,8602,1320,695,1358,813,0,standing,not-looking,8603,1326,695,1365,816,0,standing,not-looking,8604,1332,695,1372,819,0,standing,not-looking,8605,1340,695,1381,820,0,standing,not-looking,8606,1348,694,1389,820,0,standing,not-looking,8607,1356,693,1397,821,0,standing,not-looking,8608,1365,693,1405,822,0,standing,not-looking,8609,1373,692,1414,823,0,standing,not-looking,8610,1382,690,1423,824,0,standing,not-looking,8611,1391,688,1433,826,0,standing,not-looking,8612,1399,685,1443,827,0,standing,not-looking,8613,1408,683,1453,828,0,standing,not-looking,8614,1417,681,1463,830,0,standing,not-looking,8615,1427,679,1476,831,0,standing,not-looking,8616,1436,677,1488,833,0,standing,not-looking,8617,1446,675,1501,835,0,standing,not-looking,8618,1455,672,1513,836,0,standing,not-looking,8619,1464,670,1526,838,0,standing,not-looking,8620,1479,668,1541,839,0,standing,not-looking,8621,1494,665,1556,841,0,standing,not-looking,8622,1509,663,1570,842,0,standing,not-looking,8623,1524,660,1585,844,0,standing,not-looking
3_6_473,16678,1186,734,1201,798,0,standing,not-looking,16679,1189,733,1204,798,0,standing,not-looking,16680,1194,733,1209,799,0,standing,not-looking,16681,1198,732,1213,799,0,standing,not-looking,16682,1202,732,1217,800,0,standing,not-looking,16683,1206,731,1221,800,0,standing,not-looking,16684,1210,730,1226,801,0,standing,not-looking,16685,1214,730,1230,801,0,standing,not-looking,16686,1219,729,1234,801,0,standing,not-looking,16687,1223,728,1239,802,0,standing,not-looking,16688,1227,728,1243,802,0,standing,not-looking,16689,1232,727,1248,803,0,standing,not-looking,16690,1236,726,1254,804,0,standing,not-looking,16691,1241,725,1259,804,0,standing,not-looking,16692,1245,724,1265,805,0,standing,not-looking,16693,1250,723,1270,805,0,standing,not-looking,16694,1257,723,1277,807,0,standing,not-looking,16695,1262,725,1284,809,0,standing,not-looking,16696,1268,726,1290,812,0,standing,not-looking,16697,1274,728,1297,814,0,standing,not-looking,16698,1280,730,1303,817,0,standing,not-looking,16699,1287,730,1311,819,0,standing,not-looking,16700,1295,730,1319,821,0,standing,not-looking,16701,1302,730,1327,823,0,standing,not-looking,16702,1309,730,1335,825,0,standing,not-looking,16703,1316,730,1342,827,0,standing,not-looking,16704,1324,729,1351,828,0,standing,not-looking,16705,1332,728,1361,830,0,standing,not-looking,16706,1340,727,1370,831,0,standing,not-looking,16707,1348,726,1379,833,0,standing,not-looking,16708,1356,725,1388,834,0,standing,not-looking,16709,1366,723,1399,835,0,standing,not-looking
3_6_475,16695,1332,726,1359,805,2,standing,not-looking,16695,1332,726,1359,805,2,standing,not-looking,16695,1332,726,1359,805,2,standing,not-looking,16695,1332,726,1359,805,2,standing,not-looking,16695,1332,726,1359,805,2,standing,not-looking,16695,1332,726,1359,805,2,standing,not-looking,16695,1332,726,1359,805,2,standing,not-looking,16695,1332,726,1359,805,2,standing,not-looking,16695,1332,726,1359,805,2,standing,not-looking,16695,1332,726,1359,805,2,standing,not-looking,16695,1332,726,1359,805,2,standing,not-looking,16695,1332,726,1359,805,2,standing,not-looking,16695,1332,726,1359,805,2,standing,not-looking,16695,1332,726,1359,805,2,standing,not-looking,16695,1332,726,1359,805,2,standing,not-looking,16695,1332,726,1359,805,2,standing,not-looking,16695,1332,726,1359,805,2,standing,not-looking,16695,1332,726,1359,805,2,standing,not-looking,16696,1338,726,1365,808,1,standing,not-looking,16697,1344,725,1372,810,1,standing,not-looking,16698,1352,727,1379,812,0,standing,not-looking,16699,1361,726,1388,814,0,standing,not-looking,16700,1369,726,1396,816,0,standing,not-looking,16701,1377,725,1405,819,0,standing,not-looking,16702,1385,724,1414,821,0,standing,not-looking,16703,1393,724,1423,823,0,standing,not-looking,16704,1403,723,1433,824,0,standing,not-looking,16705,1412,722,1444,826,0,standing,not-looking,16706,1422,721,1454,827,0,standing,not-looking,16707,1431,720,1464,828,0,standing,not-looking,16708,1440,719,1475,830,0,standing,not-looking,16709,1452,717,1488,830,0,standing,not-looking
3_6_451,9300,1284,721,1306,817,0,standing,not-looking,9301,1288,720,1310,818,0,standing,not-looking,9302,1294,720,1316,819,0,standing,not-looking,9303,1299,720,1321,820,0,standing,not-looking,9304,1304,719,1327,820,0,standing,not-looking,9305,1310,719,1333,821,0,standing,not-looking,9306,1315,718,1338,822,0,standing,not-looking,9307,1320,718,1344,823,0,standing,not-looking,9308,1326,718,1349,824,0,standing,not-looking,9309,1331,717,1355,825,0,standing,not-looking,9310,1336,717,1361,826,0,standing,not-looking,9311,1342,717,1366,827,0,standing,not-looking,9312,1348,716,1374,828,0,standing,not-looking,9313,1355,715,1381,829,0,standing,not-looking,9314,1362,714,1388,831,0,standing,not-looking,9315,1368,713,1396,832,0,standing,not-looking,9316,1375,712,1403,833,0,standing,not-looking,9317,1383,712,1411,835,0,standing,not-looking,9318,1391,711,1420,837,0,standing,not-looking,9319,1398,710,1428,838,0,standing,not-looking,9320,1406,710,1436,840,0,standing,not-looking,9321,1414,709,1445,842,0,standing,not-looking,9322,1423,708,1455,843,0,standing,not-looking,9323,1432,707,1464,844,0,standing,not-looking,9324,1442,705,1474,845,0,standing,not-looking,9325,1451,704,1484,847,0,standing,not-looking,9326,1460,703,1494,848,0,standing,not-looking,9327,1471,701,1506,850,0,standing,not-looking,9328,1482,699,1518,852,0,standing,not-looking,9329,1493,697,1529,854,0,standing,not-looking,9330,1504,694,1541,856,0,standing,not-looking,9331,1516,692,1553,858,0,standing,not-looking
3_6_452,9300,1269,719,1294,816,0,standing,not-looking,9301,1273,718,1298,816,0,standing,not-looking,9302,1277,717,1302,816,0,standing,not-looking,9303,1281,716,1307,816,0,standing,not-looking,9304,1285,715,1311,816,0,standing,not-looking,9305,1290,714,1315,816,0,standing,not-looking,9306,1295,714,1322,817,0,standing,not-looking,9307,1300,713,1328,818,0,standing,not-looking,9308,1305,713,1334,820,0,standing,not-looking,9309,1310,712,1340,821,0,standing,not-looking,9310,1315,712,1347,823,0,standing,not-looking,9311,1320,711,1353,824,0,standing,not-looking,9312,1325,711,1359,825,0,standing,not-looking,9313,1330,710,1365,827,0,standing,not-looking,9314,1335,710,1372,828,0,standing,not-looking,9315,1340,709,1378,830,0,standing,not-looking,9316,1347,708,1386,831,0,standing,not-looking,9317,1355,708,1394,832,0,standing,not-looking,9318,1362,707,1402,834,0,standing,not-looking,9319,1369,707,1410,835,0,standing,not-looking,9320,1377,706,1418,837,0,standing,not-looking,9321,1384,706,1426,838,0,standing,not-looking,9322,1391,705,1434,839,0,standing,not-looking,9323,1399,704,1442,841,0,standing,not-looking,9324,1406,704,1450,842,0,standing,not-looking,9325,1415,702,1461,844,0,standing,not-looking,9326,1424,700,1471,846,0,standing,not-looking,9327,1433,699,1481,849,0,standing,not-looking,9328,1442,697,1491,851,0,standing,not-looking,9329,1451,696,1502,853,0,standing,not-looking,9330,1463,693,1514,854,0,standing,not-looking,9331,1474,691,1527,856,0,standing,not-looking
3_6_456,11551,1187,745,1206,797,0,standing,not-looking,11552,1191,744,1210,797,0,standing,not-looking,11553,1194,743,1213,797,0,standing,not-looking,11554,1197,742,1217,797,0,standing,not-looking,11555,1200,741,1220,797,0,standing,not-looking,11556,1204,740,1223,797,0,standing,not-looking,11557,1207,739,1227,796,0,standing,not-looking,11558,1211,738,1231,795,0,standing,not-looking,11559,1214,737,1234,795,0,standing,not-looking,11560,1218,737,1238,796,0,standing,not-looking,11561,1222,738,1243,797,0,standing,not-looking,11562,1227,737,1247,798,0,standing,not-looking,11563,1231,737,1252,799,0,standing,not-looking,11564,1235,737,1257,800,0,standing,not-looking,11565,1240,737,1262,801,0,standing,not-looking,11566,1244,736,1266,802,0,standing,not-looking,11567,1249,735,1272,802,0,standing,not-looking,11568,1255,734,1278,802,0,standing,not-looking,11569,1260,733,1284,802,0,standing,not-looking,11570,1265,732,1290,802,0,standing,not-looking,11571,1270,731,1296,802,0,standing,not-looking,11572,1276,731,1302,803,0,standing,not-looking,11573,1282,730,1308,803,0,standing,not-looking,11574,1288,729,1315,804,0,standing,not-looking,11575,1293,728,1321,804,0,standing,not-looking,11576,1299,728,1327,804,0,standing,not-looking,11577,1306,727,1335,806,0,standing,not-looking,11578,1313,726,1344,807,0,standing,not-looking,11579,1320,725,1352,809,0,standing,not-looking,11580,1327,724,1360,810,0,standing,not-looking,11581,1334,723,1368,812,0,standing,not-looking,11582,1343,722,1377,813,0,standing,not-looking
3_6_453,9752,1195,716,1243,809,0,standing,looking,9753,1201,719,1250,813,0,standing,looking,9754,1208,723,1256,818,0,standing,looking,9755,1214,726,1263,823,0,standing,looking,9756,1220,733,1270,831,0,standing,looking,9757,1227,737,1276,838,0,standing,looking,9758,1234,739,1285,841,0,standing,looking,9759,1241,740,1294,843,0,standing,looking,9760,1248,742,1303,846,0,standing,looking,9761,1257,740,1313,845,0,standing,looking,9762,1264,734,1322,842,0,standing,looking,9763,1272,729,1331,839,0,standing,looking,9764,1280,724,1340,836,0,standing,looking,9765,1289,720,1349,832,0,standing,looking,9766,1297,715,1358,829,0,standing,not-looking,9767,1320,707,1366,826,0,standing,not-looking,9768,1324,706,1376,826,0,standing,not-looking,9769,1328,705,1386,826,0,standing,not-looking,9770,1332,704,1396,826,0,standing,not-looking,9771,1336,703,1406,827,0,standing,not-looking,9772,1348,704,1415,831,0,standing,not-looking,9773,1356,705,1424,835,0,standing,not-looking,9774,1364,706,1434,838,0,standing,not-looking,9775,1372,707,1444,841,0,standing,not-looking,9776,1380,708,1454,844,0,standing,not-looking,9777,1388,709,1463,847,0,standing,not-looking,9778,1397,706,1474,848,0,standing,not-looking,9779,1406,703,1484,849,0,standing,not-looking,9780,1415,700,1494,850,0,standing,not-looking,9781,1423,697,1505,851,0,standing,not-looking,9782,1432,695,1515,852,0,standing,not-looking,9783,1442,693,1526,854,0,standing,not-looking
3_7_523,16534,710,721,750,830,0,standing,looking,16535,708,721,748,831,0,standing,looking,16536,705,722,746,833,0,standing,looking,16537,702,721,743,834,0,standing,looking,16538,698,720,740,834,0,standing,looking,16539,695,719,738,835,0,standing,looking,16540,691,719,735,836,0,standing,looking,16541,688,718,732,837,0,standing,looking,16542,684,717,729,838,0,standing,looking,16543,681,716,726,839,0,standing,looking,16544,677,716,723,840,0,standing,looking,16545,674,715,721,841,0,standing,looking,16546,670,714,718,842,0,standing,looking,16547,665,713,714,843,0,standing,looking,16548,661,713,710,844,0,standing,looking,16549,656,712,706,845,0,standing,looking,16550,651,712,702,845,0,standing,looking,16551,647,711,698,846,0,standing,looking,16552,642,709,694,847,0,standing,looking,16553,638,708,689,847,0,standing,looking,16554,633,706,685,848,0,standing,looking,16555,628,704,680,848,0,standing,looking,16556,624,703,676,849,0,standing,looking,16557,618,701,671,850,0,standing,looking,16558,612,699,667,851,0,standing,looking,16559,606,698,662,852,0,standing,looking,16560,600,696,657,853,0,standing,looking,16561,594,694,652,854,0,standing,looking,16562,588,692,648,855,0,standing,looking,16563,582,691,643,856,0,standing,looking,16564,577,689,638,857,0,standing,looking,16565,571,687,633,858,0,standing,looking
3_7_491,7222,396,717,416,794,0,standing,not-looking,7223,388,716,408,794,0,standing,not-looking,7224,380,716,401,794,0,standing,not-looking,7225,372,715,393,795,0,standing,not-looking,7226,364,714,385,795,0,standing,not-looking,7227,356,714,377,795,0,standing,not-looking,7228,347,713,369,796,0,standing,not-looking,7229,339,713,360,796,0,standing,not-looking,7230,330,712,352,796,0,standing,not-looking,7231,322,712,344,797,0,standing,not-looking,7232,313,711,336,797,0,standing,not-looking,7233,305,711,327,798,0,standing,not-looking,7234,296,711,319,798,0,standing,not-looking,7235,288,710,311,799,0,standing,not-looking,7236,279,710,303,799,0,standing,not-looking,7237,271,709,295,799,0,standing,not-looking,7238,264,709,287,799,0,standing,not-looking,7239,256,708,279,800,0,standing,not-looking,7240,248,708,271,800,0,standing,not-looking,7241,240,707,264,800,0,standing,not-looking,7242,232,706,256,799,0,standing,not-looking,7243,224,704,248,799,0,standing,not-looking,7244,216,703,239,798,0,standing,not-looking,7245,208,701,231,798,0,standing,not-looking,7246,200,699,223,797,0,standing,not-looking,7247,192,698,215,797,0,standing,not-looking,7248,184,696,207,796,0,standing,not-looking,7249,176,695,199,796,0,standing,not-looking,7250,168,693,191,795,0,standing,not-looking,7251,160,691,183,794,0,standing,not-looking,7252,153,691,177,795,0,standing,not-looking,7253,145,690,171,796,0,standing,not-looking
3_7_498,8034,1198,725,1237,834,0,standing,not-looking,8035,1202,724,1243,835,0,standing,not-looking,8036,1208,724,1249,837,0,standing,not-looking,8037,1213,723,1255,839,0,standing,not-looking,8038,1219,723,1261,842,0,standing,not-looking,8039,1225,722,1267,844,0,standing,not-looking,8040,1230,722,1273,846,0,standing,not-looking,8041,1237,720,1280,847,0,standing,not-looking,8042,1244,719,1287,848,0,standing,not-looking,8043,1251,718,1294,849,0,standing,not-looking,8044,1258,717,1302,850,0,standing,not-looking,8045,1264,716,1309,851,0,standing,not-looking,8046,1272,714,1319,854,0,standing,not-looking,8047,1280,713,1329,857,0,standing,not-looking,8048,1288,712,1339,860,0,standing,not-looking,8049,1295,711,1348,862,0,standing,not-looking,8050,1303,710,1358,865,0,standing,not-looking,8051,1313,706,1369,865,0,standing,not-looking,8052,1323,702,1379,865,0,standing,not-looking,8053,1333,698,1390,865,0,standing,not-looking,8054,1343,694,1400,865,0,standing,not-looking,8055,1353,690,1411,865,0,standing,not-looking,8056,1365,689,1423,870,0,standing,not-looking,8057,1377,689,1436,874,0,standing,not-looking,8058,1388,689,1448,879,0,standing,not-looking,8059,1400,688,1460,883,0,standing,not-looking,8060,1412,688,1473,888,0,standing,not-looking,8061,1428,686,1489,891,0,standing,not-looking,8062,1444,684,1505,895,0,standing,not-looking,8063,1459,682,1521,898,0,standing,not-looking,8064,1475,679,1538,902,0,standing,not-looking,8065,1491,677,1554,906,0,standing,not-looking
3_7_488,5408,493,723,528,824,0,walking,not-looking,5409,486,721,522,823,0,walking,not-looking,5410,480,719,516,823,0,walking,not-looking,5411,473,719,510,824,0,walking,not-looking,5412,467,720,504,825,0,walking,not-looking,5413,460,720,497,826,0,walking,not-looking,5414,453,720,491,827,0,walking,not-looking,5415,447,721,485,829,0,walking,not-looking,5416,439,720,476,829,0,walking,not-looking,5417,432,719,468,830,0,walking,not-looking,5418,424,719,460,831,0,walking,not-looking,5419,416,718,452,832,0,walking,not-looking,5420,409,717,444,832,0,walking,not-looking,5421,399,716,435,833,0,walking,not-looking,5422,389,715,427,834,0,walking,not-looking,5423,379,714,419,835,1,walking,not-looking,5424,369,713,411,836,1,walking,not-looking,5425,359,713,402,837,1,walking,not-looking,5426,346,713,394,838,1,walking,not-looking,5427,334,714,387,838,1,walking,not-looking,5428,324,715,377,840,1,walking,not-looking,5429,315,717,367,841,1,walking,not-looking,5430,305,717,357,841,1,walking,not-looking,5431,295,717,347,841,1,walking,not-looking,5432,282,718,335,842,1,walking,not-looking,5433,270,718,323,842,2,walking,not-looking,5434,260,717,312,844,2,walking,not-looking,5435,250,716,302,845,2,walking,not-looking,5436,239,715,291,846,2,walking,not-looking,5437,229,715,281,847,2,walking,not-looking,5438,219,714,270,848,2,walking,not-looking,5439,209,710,259,849,1,walking,not-looking
3_7_501,11138,1398,706,1448,821,0,standing,not-looking,11139,1402,705,1454,821,1,standing,not-looking,11140,1408,704,1461,822,1,standing,not-looking,11141,1415,702,1468,822,1,standing,not-looking,11142,1422,701,1475,823,1,standing,not-looking,11143,1428,700,1483,824,1,standing,not-looking,11144,1435,698,1490,825,1,standing,not-looking,11145,1443,698,1499,826,1,standing,not-looking,11146,1450,698,1507,827,1,standing,not-looking,11147,1458,697,1516,828,1,standing,not-looking,11148,1466,697,1524,829,1,standing,not-looking,11149,1473,697,1533,830,1,standing,not-looking,11150,1482,696,1543,831,1,standing,not-looking,11151,1491,695,1553,833,1,standing,not-looking,11152,1500,695,1563,834,1,standing,not-looking,11153,1509,694,1573,835,1,standing,not-looking,11154,1518,693,1583,837,1,standing,not-looking,11155,1529,691,1595,838,1,standing,not-looking,11156,1540,689,1607,839,1,standing,not-looking,11157,1550,687,1619,841,1,standing,not-looking,11158,1561,684,1631,842,1,standing,not-looking,11159,1572,682,1643,843,1,standing,not-looking,11160,1583,680,1656,844,1,standing,not-looking,11161,1594,678,1668,846,1,standing,not-looking,11162,1604,676,1680,847,1,standing,not-looking,11163,1615,673,1692,848,1,standing,not-looking,11164,1626,671,1704,849,1,standing,not-looking,11165,1640,670,1717,850,1,standing,not-looking,11166,1653,669,1731,851,1,standing,not-looking,11167,1667,668,1744,852,1,standing,not-looking,11168,1681,665,1759,853,1,standing,not-looking,11169,1694,662,1774,855,1,standing,not-looking
3_7_478,3251,1246,718,1299,853,0,walking,not-looking,3252,1248,717,1303,855,0,walking,not-looking,3253,1252,716,1307,856,0,walking,not-looking,3254,1256,715,1312,858,0,walking,not-looking,3255,1261,714,1316,860,0,walking,not-looking,3256,1265,713,1321,861,0,walking,not-looking,3257,1269,712,1325,863,0,walking,not-looking,3258,1273,711,1330,865,0,walking,looking,3259,1278,710,1335,867,0,walking,looking,3260,1282,709,1339,868,0,walking,looking,3261,1286,707,1344,870,0,walking,looking,3262,1290,706,1348,872,0,walking,looking,3263,1293,706,1354,874,0,walking,looking,3264,1296,705,1360,877,0,walking,looking,3265,1299,704,1365,879,0,walking,looking,3266,1302,703,1371,881,0,walking,looking,3267,1305,702,1377,884,0,walking,looking,3268,1308,701,1382,886,0,walking,looking,3269,1311,701,1388,889,0,walking,looking,3270,1314,700,1394,891,0,walking,looking,3271,1317,699,1399,893,0,walking,looking,3272,1320,698,1405,896,0,walking,looking,3273,1330,696,1414,900,0,walking,looking,3274,1339,695,1424,904,0,walking,looking,3275,1349,693,1433,908,0,walking,looking,3276,1358,691,1443,912,0,walking,looking,3277,1368,689,1452,915,0,walking,looking,3278,1377,687,1462,919,0,walking,looking,3279,1387,686,1471,923,0,walking,looking,3280,1396,684,1481,927,0,walking,looking,3281,1406,682,1490,931,0,walking,looking,3282,1416,680,1500,935,0,walking,looking
3_7_495,7226,1091,728,1120,810,0,standing,not-looking,7227,1091,728,1121,811,0,standing,not-looking,7228,1092,727,1122,812,0,standing,not-looking,7229,1092,727,1124,812,0,standing,not-looking,7230,1093,726,1125,813,0,standing,not-looking,7231,1094,725,1126,814,0,standing,not-looking,7232,1094,725,1128,815,0,standing,not-looking,7233,1095,724,1129,815,0,standing,not-looking,7234,1095,724,1130,816,0,standing,not-looking,7235,1096,723,1132,817,0,standing,not-looking,7236,1096,723,1133,817,0,standing,not-looking,7237,1097,722,1134,818,0,standing,not-looking,7238,1098,722,1136,819,0,standing,not-looking,7239,1098,721,1137,820,0,standing,not-looking,7240,1099,721,1138,820,0,standing,not-looking,7241,1102,720,1142,821,0,standing,not-looking,7242,1105,720,1145,822,0,standing,not-looking,7243,1109,720,1149,823,0,standing,not-looking,7244,1112,719,1151,823,0,standing,not-looking,7245,1114,718,1154,824,0,standing,not-looking,7246,1117,717,1158,824,0,standing,not-looking,7247,1120,716,1161,825,0,standing,not-looking,7248,1123,715,1165,826,0,standing,not-looking,7249,1126,713,1168,827,0,standing,not-looking,7250,1130,711,1171,828,1,standing,not-looking,7251,1134,710,1177,830,1,standing,not-looking,7252,1139,709,1183,831,1,standing,not-looking,7253,1144,709,1188,833,1,standing,not-looking,7254,1149,708,1194,835,1,standing,not-looking,7255,1154,707,1200,836,1,standing,not-looking,7256,1159,706,1205,838,1,standing,not-looking,7257,1164,705,1211,840,1,standing,not-looking
3_7_484,4828,521,736,547,810,1,standing,not-looking,4829,518,734,544,808,2,standing,not-looking,4830,513,733,539,808,2,standing,not-looking,4831,508,732,534,809,2,standing,not-looking,4832,502,731,529,810,2,standing,not-looking,4833,497,731,524,811,2,standing,not-looking,4834,491,730,519,811,2,standing,not-looking,4835,486,729,514,812,2,standing,not-looking,4836,481,728,509,813,2,standing,not-looking,4837,475,727,504,813,2,standing,not-looking,4838,470,726,499,814,2,standing,not-looking,4839,465,726,494,815,2,standing,not-looking,4840,459,725,488,815,2,standing,not-looking,4841,454,724,483,816,2,standing,not-looking,4842,449,723,478,817,2,standing,not-looking,4843,439,723,472,821,1,standing,not-looking,4844,433,723,466,825,1,standing,not-looking,4845,427,724,460,824,1,standing,not-looking,4846,420,725,454,828,0,standing,not-looking,4847,413,724,447,829,0,standing,not-looking,4848,406,724,439,830,0,standing,not-looking,4849,399,724,432,832,0,standing,not-looking,4850,391,723,425,833,0,standing,not-looking,4851,383,722,417,833,0,standing,not-looking,4852,375,721,410,834,0,standing,not-looking,4853,367,720,402,835,0,standing,not-looking,4854,359,720,395,835,0,standing,not-looking,4855,350,718,387,836,0,standing,not-looking,4856,341,717,378,837,0,standing,not-looking,4857,332,715,370,838,0,standing,not-looking,4858,324,714,362,839,0,standing,not-looking,4859,315,712,353,840,0,standing,not-looking
3_7_489,5461,321,711,352,813,0,standing,not-looking,5462,315,710,346,812,0,standing,not-looking,5463,308,709,340,812,0,standing,not-looking,5464,301,707,333,812,0,standing,not-looking,5465,295,706,327,811,0,standing,not-looking,5466,288,704,320,811,0,standing,not-looking,5467,281,703,314,810,0,standing,not-looking,5468,275,702,307,810,0,standing,not-looking,5469,268,700,301,809,0,standing,not-looking,5470,261,699,294,809,0,standing,not-looking,5471,255,698,288,809,0,standing,not-looking,5472,248,696,281,808,0,standing,not-looking,5473,241,695,274,807,0,standing,not-looking,5474,234,693,267,807,0,standing,not-looking,5475,227,691,260,806,0,standing,not-looking,5476,220,689,253,805,0,standing,not-looking,5477,213,688,246,804,0,standing,not-looking,5478,205,688,239,806,0,standing,not-looking,5479,197,688,231,807,0,standing,not-looking,5480,189,687,224,808,0,standing,not-looking,5481,181,687,216,809,0,standing,not-looking,5482,174,687,208,810,0,standing,not-looking,5483,166,686,201,811,0,standing,not-looking,5484,158,686,193,811,0,standing,not-looking,5485,150,685,185,812,0,standing,not-looking,5486,142,684,178,812,0,standing,not-looking,5487,134,683,170,813,0,standing,not-looking,5488,126,683,162,813,0,standing,not-looking,5489,118,682,155,813,0,standing,not-looking,5490,110,681,147,814,0,standing,not-looking,5491,102,680,139,814,0,standing,not-looking,5492,94,680,132,815,0,standing,not-looking
3_7_522,15813,1166,733,1226,872,2,standing,looking,15814,1169,731,1229,874,1,standing,looking,15815,1173,729,1234,877,1,standing,looking,15816,1177,728,1239,880,1,standing,looking,15817,1180,726,1245,883,1,standing,looking,15818,1184,724,1250,886,1,standing,looking,15819,1188,723,1255,889,1,standing,looking,15820,1192,721,1260,892,1,standing,looking,15821,1195,720,1265,895,1,standing,looking,15822,1199,718,1270,898,1,standing,looking,15823,1203,716,1275,902,1,standing,looking,15824,1206,715,1280,905,1,standing,looking,15825,1214,714,1288,907,1,standing,looking,15826,1221,713,1296,910,1,standing,looking,15827,1229,712,1304,912,1,standing,looking,15828,1236,711,1311,915,1,standing,looking,15829,1244,710,1319,917,1,standing,looking,15830,1250,709,1327,921,1,standing,looking,15831,1256,707,1334,925,1,standing,looking,15832,1261,705,1341,929,1,standing,looking,15833,1267,703,1348,933,1,standing,looking,15834,1273,701,1355,937,0,standing,looking,15835,1282,698,1366,944,0,standing,looking,15836,1291,695,1377,952,0,standing,looking,15837,1300,692,1388,959,0,standing,looking,15838,1309,689,1399,966,0,standing,looking,15839,1317,686,1409,974,0,standing,looking,15840,1326,683,1420,981,0,standing,looking,15841,1335,680,1431,989,0,standing,looking,15842,1344,677,1442,996,0,standing,looking,15843,1353,673,1453,1003,0,standing,looking,15844,1362,670,1463,1011,0,standing,looking
3_7_512,13413,460,699,575,893,0,standing,not-looking,13414,459,698,572,894,0,standing,not-looking,13415,459,698,569,896,0,standing,not-looking,13416,458,698,567,898,0,standing,not-looking,13417,458,697,564,899,0,standing,not-looking,13418,457,697,561,901,0,standing,not-looking,13419,456,697,559,902,0,standing,not-looking,13420,456,696,556,904,0,standing,not-looking,13421,455,696,553,905,0,standing,not-looking,13422,455,696,551,907,0,standing,not-looking,13423,454,696,548,908,0,standing,not-looking,13424,453,696,546,912,0,standing,not-looking,13425,451,697,544,916,0,standing,not-looking,13426,450,697,541,920,0,standing,not-looking,13427,449,698,539,925,0,standing,not-looking,13428,448,699,537,929,0,standing,not-looking,13429,445,698,534,930,0,standing,not-looking,13430,443,698,531,932,0,standing,not-looking,13431,440,697,529,934,0,standing,not-looking,13432,437,697,526,936,0,standing,not-looking,13433,435,696,523,938,0,standing,not-looking,13434,431,691,519,936,0,standing,not-looking,13435,427,686,515,934,0,standing,not-looking,13436,424,681,511,933,0,standing,not-looking,13437,420,676,507,931,0,standing,not-looking,13438,416,671,503,930,0,standing,not-looking,13439,409,669,499,932,0,standing,not-looking,13440,402,668,495,935,0,standing,not-looking,13441,395,666,490,937,0,standing,not-looking,13442,388,665,486,940,0,standing,not-looking,13443,381,664,482,942,0,standing,not-looking,13444,374,662,474,945,0,standing,not-looking
3_7_492,7216,414,717,435,790,2,standing,not-looking,7217,406,716,427,790,2,standing,not-looking,7218,398,715,419,790,2,standing,not-looking,7219,390,714,411,791,2,standing,not-looking,7220,382,713,403,791,1,standing,not-looking,7221,373,713,394,792,1,standing,not-looking,7222,365,713,385,790,0,standing,not-looking,7223,355,713,376,790,0,standing,not-looking,7224,349,713,367,792,0,standing,not-looking,7225,338,712,358,792,0,standing,not-looking,7226,328,711,349,792,0,standing,not-looking,7227,319,710,341,792,0,standing,not-looking,7228,311,710,332,793,0,standing,not-looking,7229,302,709,324,793,0,standing,not-looking,7230,291,708,315,793,0,standing,not-looking,7231,282,707,306,793,0,standing,not-looking,7232,273,706,297,794,0,standing,not-looking,7233,264,705,288,794,0,standing,not-looking,7234,255,704,279,794,0,standing,not-looking,7235,246,704,270,794,0,standing,not-looking,7236,237,703,262,795,0,standing,not-looking,7237,228,702,253,795,0,standing,not-looking,7238,219,701,244,795,0,standing,not-looking,7239,210,700,235,796,0,standing,not-looking,7240,201,699,226,796,0,standing,not-looking,7241,191,698,217,796,0,standing,not-looking,7242,182,697,208,796,0,standing,not-looking,7243,173,695,199,795,0,standing,not-looking,7244,163,694,191,795,0,standing,not-looking,7245,154,692,182,795,0,standing,not-looking,7246,145,691,173,795,0,standing,not-looking,7247,136,690,164,794,0,standing,not-looking
3_7_481,4801,1154,741,1175,809,0,standing,not-looking,4802,1157,741,1178,810,0,standing,not-looking,4803,1159,741,1180,810,0,standing,not-looking,4804,1161,741,1182,811,0,standing,not-looking,4805,1163,741,1184,812,0,standing,not-looking,4806,1165,741,1187,812,0,standing,not-looking,4807,1167,741,1189,813,0,standing,not-looking,4808,1169,741,1191,813,0,standing,not-looking,4809,1171,741,1193,814,0,standing,not-looking,4810,1173,741,1195,815,0,standing,not-looking,4811,1175,741,1198,815,0,standing,not-looking,4812,1177,741,1200,816,0,standing,not-looking,4813,1180,741,1203,817,0,standing,not-looking,4814,1182,742,1206,818,0,standing,not-looking,4815,1185,742,1209,820,0,standing,not-looking,4816,1188,743,1212,821,0,standing,not-looking,4817,1190,743,1215,822,0,standing,not-looking,4818,1193,744,1217,823,0,standing,not-looking,4819,1195,745,1220,825,0,standing,not-looking,4820,1197,745,1222,826,0,standing,not-looking,4821,1200,746,1225,827,0,standing,not-looking,4822,1202,747,1227,829,0,standing,not-looking,4823,1205,746,1230,829,0,standing,not-looking,4824,1209,745,1233,829,0,standing,not-looking,4825,1212,744,1236,829,0,standing,not-looking,4826,1215,742,1239,829,0,standing,not-looking,4827,1218,741,1242,829,0,standing,not-looking,4828,1222,741,1246,829,0,standing,not-looking,4829,1226,740,1251,829,0,standing,not-looking,4830,1230,740,1255,829,0,standing,not-looking,4831,1234,739,1259,829,0,standing,not-looking,4832,1238,738,1263,829,0,standing,not-looking
3_7_479,4709,1217,740,1245,819,0,standing,not-looking,4710,1219,740,1248,819,0,standing,not-looking,4711,1222,740,1250,819,0,standing,not-looking,4712,1224,740,1253,820,0,standing,not-looking,4713,1226,739,1255,820,0,standing,not-looking,4714,1228,740,1258,821,0,standing,not-looking,4715,1230,740,1261,822,1,standing,not-looking,4716,1231,740,1264,823,1,standing,not-looking,4717,1233,740,1267,824,1,standing,not-looking,4718,1236,740,1270,823,1,standing,not-looking,4719,1240,739,1272,823,1,standing,not-looking,4720,1243,739,1275,823,1,standing,not-looking,4721,1247,739,1278,823,1,standing,not-looking,4722,1250,739,1280,823,1,standing,not-looking,4723,1253,739,1283,823,0,standing,not-looking,4724,1257,738,1286,827,0,standing,not-looking,4725,1260,738,1290,827,0,standing,not-looking,4726,1263,737,1293,828,0,standing,not-looking,4727,1266,736,1296,828,0,standing,not-looking,4728,1269,736,1300,829,0,standing,not-looking,4729,1272,735,1303,829,0,standing,not-looking,4730,1275,734,1307,830,0,standing,not-looking,4731,1278,734,1310,830,0,standing,not-looking,4732,1281,733,1313,830,0,standing,not-looking,4733,1284,732,1317,831,0,standing,not-looking,4734,1287,732,1320,831,0,standing,not-looking,4735,1291,731,1325,832,0,standing,not-looking,4736,1296,731,1329,832,0,standing,not-looking,4737,1300,730,1334,833,0,standing,not-looking,4738,1304,730,1339,833,0,standing,not-looking,4739,1308,729,1344,834,0,standing,not-looking,4740,1312,730,1348,834,0,standing,not-looking
3_7_494,7226,1051,721,1079,816,0,standing,not-looking,7227,1051,720,1079,816,0,standing,not-looking,7228,1051,719,1080,818,0,standing,not-looking,7229,1051,718,1080,819,0,standing,not-looking,7230,1051,717,1081,820,0,standing,not-looking,7231,1051,716,1082,822,0,standing,not-looking,7232,1052,714,1082,823,0,standing,not-looking,7233,1052,714,1084,824,0,standing,not-looking,7234,1053,714,1085,824,0,standing,not-looking,7235,1054,713,1086,825,0,standing,not-looking,7236,1055,713,1087,826,0,standing,not-looking,7237,1056,712,1088,826,0,standing,not-looking,7238,1057,712,1090,828,0,standing,not-looking,7239,1058,711,1092,829,0,standing,not-looking,7240,1059,711,1094,831,0,standing,not-looking,7241,1061,710,1096,832,0,standing,not-looking,7242,1062,710,1098,833,0,standing,not-looking,7243,1064,708,1101,834,0,standing,not-looking,7244,1066,707,1103,835,0,standing,not-looking,7245,1067,705,1106,836,0,standing,not-looking,7246,1069,704,1109,837,0,standing,not-looking,7247,1071,702,1112,838,0,standing,not-looking,7248,1075,701,1116,840,0,standing,not-looking,7249,1079,700,1120,841,0,standing,not-looking,7250,1083,699,1124,843,0,standing,not-looking,7251,1087,698,1128,844,0,standing,not-looking,7252,1090,697,1132,846,0,standing,not-looking,7253,1094,696,1136,847,0,standing,not-looking,7254,1098,694,1140,849,0,standing,not-looking,7255,1102,693,1145,850,0,standing,not-looking,7256,1107,692,1151,853,0,standing,not-looking,7257,1112,691,1157,856,0,standing,not-looking
3_7_511,12453,785,701,863,871,1,standing,looking,12454,784,701,862,873,1,standing,looking,12455,783,701,861,874,1,standing,looking,12456,782,702,860,874,1,standing,looking,12457,781,702,859,875,1,standing,looking,12458,780,703,858,875,1,standing,looking,12459,779,703,857,876,1,walking,looking,12460,778,702,856,875,1,walking,looking,12461,777,701,855,875,1,walking,looking,12462,776,700,854,874,1,walking,looking,12463,775,699,853,874,1,walking,looking,12464,774,698,852,874,1,walking,not-looking,12465,774,698,852,874,0,walking,not-looking,12466,772,697,850,875,0,walking,not-looking,12467,770,697,848,877,0,walking,not-looking,12468,768,697,846,878,0,walking,not-looking,12469,766,696,844,880,0,walking,not-looking,12470,764,696,842,882,0,walking,not-looking,12471,761,696,842,883,0,walking,not-looking,12472,757,696,842,883,0,walking,not-looking,12473,754,696,842,884,0,walking,not-looking,12474,750,696,842,885,0,walking,not-looking,12475,747,696,842,886,0,walking,not-looking,12476,747,695,842,886,0,walking,not-looking,12477,747,694,842,886,0,walking,not-looking,12478,747,692,842,886,0,walking,not-looking,12479,747,691,842,886,0,walking,not-looking,12480,747,690,842,886,0,walking,not-looking,12481,747,690,842,887,0,walking,not-looking,12482,747,690,842,887,0,walking,not-looking,12483,747,690,842,888,0,walking,not-looking,12484,747,690,842,888,0,walking,not-looking
3_7_502,11127,1372,715,1400,815,2,standing,not-looking,11128,1377,715,1406,816,2,standing,not-looking,11129,1381,714,1411,816,1,standing,not-looking,11130,1388,713,1417,816,1,standing,not-looking,11131,1394,713,1423,816,1,standing,not-looking,11132,1400,713,1430,816,0,standing,not-looking,11133,1406,714,1439,817,0,standing,not-looking,11134,1412,712,1447,817,0,standing,not-looking,11135,1419,711,1454,818,0,standing,not-looking,11136,1426,709,1461,818,0,standing,not-looking,11137,1433,708,1469,819,0,standing,not-looking,11138,1440,706,1476,819,0,standing,not-looking,11139,1447,705,1484,820,0,standing,not-looking,11140,1454,703,1491,820,0,standing,not-looking,11141,1460,702,1499,821,0,standing,not-looking,11142,1467,700,1506,821,0,standing,not-looking,11143,1474,699,1514,822,0,standing,not-looking,11144,1484,698,1524,823,0,standing,not-looking,11145,1494,697,1534,824,0,standing,not-looking,11146,1504,696,1544,825,0,standing,not-looking,11147,1513,695,1554,825,0,standing,not-looking,11148,1523,694,1565,826,0,standing,not-looking,11149,1533,693,1575,827,0,standing,not-looking,11150,1543,691,1585,828,0,standing,not-looking,11151,1552,690,1595,829,0,standing,not-looking,11152,1562,689,1606,830,0,standing,not-looking,11153,1572,688,1616,831,0,standing,not-looking,11154,1582,687,1626,831,0,standing,not-looking,11155,1591,686,1636,832,0,standing,not-looking,11156,1601,685,1647,833,0,standing,not-looking,11157,1611,684,1657,834,0,standing,not-looking,11158,1621,683,1667,835,0,standing,not-looking
3_7_496,7257,1152,694,1190,842,2,standing,not-looking,7258,1155,694,1194,845,2,standing,not-looking,7259,1158,694,1198,847,2,standing,not-looking,7260,1163,694,1203,850,2,standing,not-looking,7261,1168,695,1208,853,2,standing,not-looking,7262,1173,695,1214,856,2,standing,not-looking,7263,1179,695,1219,859,2,standing,not-looking,7264,1184,696,1224,862,2,standing,not-looking,7265,1192,694,1234,865,2,standing,not-looking,7266,1201,692,1244,867,2,standing,not-looking,7267,1210,690,1254,869,2,standing,not-looking,7268,1219,688,1263,871,2,standing,not-looking,7269,1227,686,1273,873,2,standing,not-looking,7270,1236,684,1283,876,2,standing,not-looking,7271,1245,682,1292,878,2,standing,not-looking,7272,1253,680,1302,880,2,standing,not-looking,7273,1262,678,1312,882,2,standing,not-looking,7274,1271,676,1322,884,2,standing,not-looking,7275,1280,675,1331,886,2,standing,not-looking,7276,1288,673,1341,889,2,standing,not-looking,7277,1297,671,1351,891,2,standing,not-looking,7278,1306,669,1361,893,2,standing,not-looking,7279,1314,667,1370,895,2,standing,not-looking,7280,1323,665,1380,897,2,standing,not-looking,7281,1332,663,1390,899,2,standing,not-looking,7282,1341,661,1399,902,2,standing,not-looking,7283,1349,659,1409,904,2,standing,not-looking,7284,1358,657,1419,906,2,standing,not-looking,7285,1370,653,1431,902,2,standing,not-looking,7286,1381,648,1442,897,1,standing,not-looking,7287,1393,645,1454,899,1,standing,not-looking,7288,1405,642,1465,900,1,standing,not-looking
3_7_499,8440,525,699,579,821,0,walking,not-looking,8441,519,698,576,821,0,walking,not-looking,8442,514,697,572,822,0,walking,not-looking,8443,511,696,569,823,0,walking,not-looking,8444,508,695,566,824,0,walking,not-looking,8445,505,695,562,825,0,walking,not-looking,8446,502,694,559,825,0,walking,not-looking,8447,498,693,556,826,0,walking,not-looking,8448,492,692,552,829,0,walking,not-looking,8449,486,690,549,831,0,walking,not-looking,8450,479,689,545,834,0,walking,not-looking,8451,473,688,542,836,0,walking,not-looking,8452,467,687,538,838,0,walking,not-looking,8453,460,685,535,841,0,walking,not-looking,8454,454,684,531,843,0,walking,not-looking,8455,448,683,528,846,0,walking,looking,8456,441,682,524,848,0,walking,looking,8457,435,681,521,851,0,walking,looking,8458,425,678,510,853,0,walking,looking,8459,415,675,500,855,0,walking,looking,8460,406,672,490,858,0,walking,looking,8461,396,669,480,860,0,walking,looking,8462,386,667,470,862,0,walking,looking,8463,376,664,460,865,0,walking,looking,8464,366,661,450,867,0,walking,looking,8465,357,658,440,869,0,walking,looking,8466,347,655,429,871,0,walking,looking,8467,337,653,419,874,0,walking,looking,8468,323,651,408,879,0,walking,looking,8469,310,648,397,885,0,walking,looking,8470,297,646,385,891,0,walking,looking,8471,283,644,374,897,0,walking,looking
3_7_500,9307,1070,753,1099,821,0,walking,not-looking,9308,1074,752,1104,822,0,walking,not-looking,9309,1078,751,1108,822,0,walking,not-looking,9310,1082,751,1112,823,0,walking,not-looking,9311,1086,751,1117,824,0,walking,not-looking,9312,1090,751,1122,825,0,walking,not-looking,9313,1095,751,1126,826,0,walking,not-looking,9314,1099,751,1131,827,0,walking,not-looking,9315,1104,751,1136,829,0,walking,looking,9316,1109,751,1142,830,0,walking,looking,9317,1114,750,1147,832,0,walking,looking,9318,1119,750,1152,833,0,walking,looking,9319,1124,750,1158,835,0,walking,looking,9320,1130,750,1164,836,0,walking,looking,9321,1136,749,1171,837,0,walking,looking,9322,1142,749,1177,838,0,walking,looking,9323,1149,749,1184,838,0,walking,looking,9324,1155,748,1190,839,0,walking,not-looking,9325,1163,747,1201,841,0,walking,not-looking,9326,1172,746,1211,842,0,walking,not-looking,9327,1180,744,1221,844,0,walking,not-looking,9328,1188,743,1232,846,0,walking,not-looking,9329,1197,743,1242,847,0,walking,not-looking,9330,1205,744,1252,849,0,walking,not-looking,9331,1214,744,1263,851,0,walking,not-looking,9332,1222,745,1273,852,0,walking,not-looking,9333,1231,745,1283,854,0,walking,not-looking,9334,1241,743,1295,857,0,walking,not-looking,9335,1252,741,1306,860,0,walking,not-looking,9336,1263,739,1318,863,0,walking,not-looking,9337,1274,737,1329,866,0,walking,not-looking,9338,1284,735,1341,869,0,walking,not-looking
3_7_517,15162,1109,709,1152,859,1,standing,not-looking,15163,1113,708,1156,861,1,standing,not-looking,15164,1117,708,1160,863,1,standing,not-looking,15165,1121,708,1164,865,1,standing,not-looking,15166,1125,708,1169,867,1,standing,not-looking,15167,1129,708,1173,869,1,standing,not-looking,15168,1133,707,1178,872,1,standing,not-looking,15169,1137,706,1183,875,1,standing,not-looking,15170,1141,705,1188,877,0,standing,not-looking,15171,1145,704,1192,878,0,standing,not-looking,15172,1149,703,1196,879,0,standing,not-looking,15173,1152,702,1200,881,0,standing,not-looking,15174,1156,701,1204,882,0,standing,not-looking,15175,1163,698,1213,884,0,standing,not-looking,15176,1169,696,1221,887,0,standing,not-looking,15177,1176,693,1229,889,0,standing,not-looking,15178,1182,690,1238,891,0,standing,not-looking,15179,1188,687,1246,894,0,standing,not-looking,15180,1195,684,1254,896,0,standing,not-looking,15181,1201,681,1263,898,0,standing,not-looking,15182,1208,679,1271,900,0,standing,not-looking,15183,1214,676,1279,903,0,standing,not-looking,15184,1222,674,1293,907,0,standing,not-looking,15185,1230,672,1306,911,0,standing,not-looking,15186,1239,671,1319,915,0,standing,not-looking,15187,1247,669,1333,919,0,standing,not-looking,15188,1255,667,1346,922,0,standing,not-looking,15189,1266,666,1360,929,0,standing,not-looking,15190,1277,665,1373,936,0,standing,not-looking,15191,1289,663,1387,942,0,standing,not-looking,15192,1300,662,1400,949,0,standing,not-looking,15193,1311,661,1414,956,0,standing,not-looking
3_7_515,14597,662,718,695,827,1,standing,not-looking,14598,660,717,693,828,1,standing,not-looking,14599,659,717,692,829,0,standing,not-looking,14600,657,716,690,830,0,standing,not-looking,14601,655,716,689,831,0,standing,not-looking,14602,653,716,687,832,0,standing,not-looking,14603,650,716,684,832,0,standing,not-looking,14604,647,716,681,833,0,standing,not-looking,14605,644,716,679,834,0,standing,not-looking,14606,641,715,676,834,0,standing,not-looking,14607,638,714,673,835,0,standing,not-looking,14608,635,713,671,836,0,standing,not-looking,14609,632,712,668,836,0,standing,not-looking,14610,629,711,665,837,0,standing,not-looking,14611,626,710,662,838,0,standing,not-looking,14612,624,709,660,839,0,standing,not-looking,14613,621,708,657,839,0,standing,not-looking,14614,618,708,654,840,0,standing,not-looking,14615,615,706,652,840,0,standing,not-looking,14616,612,705,649,841,0,standing,not-looking,14617,609,703,646,841,0,standing,not-looking,14618,606,702,644,841,0,standing,not-looking,14619,603,701,641,841,0,standing,not-looking,14620,600,699,639,842,0,standing,not-looking,14621,598,697,638,843,0,standing,not-looking,14622,595,696,636,844,0,standing,not-looking,14623,592,694,634,845,0,standing,not-looking,14624,590,692,633,846,0,standing,not-looking,14625,587,692,631,849,0,standing,not-looking,14626,584,692,629,852,0,standing,not-looking,14627,581,692,627,855,0,standing,not-looking,14628,579,692,625,857,0,standing,not-looking
3_7_483,4825,497,743,517,809,2,standing,not-looking,4826,493,743,513,808,1,standing,not-looking,4827,487,741,508,814,1,standing,not-looking,4828,482,739,504,813,1,standing,not-looking,4829,477,738,499,812,1,standing,not-looking,4830,472,738,494,812,1,standing,not-looking,4831,468,737,490,811,2,standing,not-looking,4832,461,737,484,813,2,standing,not-looking,4833,454,736,478,814,2,standing,not-looking,4834,448,735,471,815,2,standing,not-looking,4835,441,735,465,816,2,standing,not-looking,4836,435,734,459,817,2,standing,not-looking,4837,428,734,453,818,2,standing,not-looking,4838,421,733,447,819,2,standing,not-looking,4839,415,732,441,820,2,standing,not-looking,4840,408,732,435,821,2,standing,not-looking,4841,401,731,429,823,2,standing,not-looking,4842,395,731,423,824,2,standing,not-looking,4843,388,730,417,825,2,standing,not-looking,4844,382,729,411,826,2,standing,not-looking,4845,375,729,405,827,1,standing,not-looking,4846,368,728,398,828,1,standing,not-looking,4847,359,730,389,830,0,standing,not-looking,4848,351,730,382,831,0,standing,not-looking,4849,342,729,374,831,0,standing,not-looking,4850,334,729,367,832,0,standing,not-looking,4851,326,729,360,833,0,standing,not-looking,4852,318,728,352,834,0,standing,not-looking,4853,309,728,343,834,0,standing,not-looking,4854,299,727,334,835,0,standing,not-looking,4855,290,727,325,835,0,standing,not-looking,4856,281,727,315,836,0,standing,not-looking
3_7_505,11213,336,715,357,789,0,standing,looking,11214,330,715,352,789,0,standing,looking,11215,324,714,347,789,0,standing,looking,11216,318,714,342,789,0,standing,looking,11217,312,712,336,789,0,standing,looking,11218,306,711,330,789,0,standing,looking,11219,299,709,324,789,0,standing,looking,11220,293,708,319,789,0,standing,looking,11221,287,706,313,789,0,standing,looking,11222,280,705,306,788,0,standing,looking,11223,273,704,300,787,0,standing,looking,11224,267,702,293,786,0,standing,looking,11225,260,701,287,785,0,standing,looking,11226,254,699,280,784,0,standing,looking,11227,247,698,273,784,0,standing,looking,11228,240,697,266,783,0,standing,looking,11229,233,696,259,782,0,standing,looking,11230,226,695,252,782,0,standing,looking,11231,219,694,245,781,0,standing,looking,11232,212,691,238,779,0,standing,looking,11233,205,688,231,777,0,standing,looking,11234,198,685,224,776,0,standing,looking,11235,191,678,217,770,0,standing,looking,11236,183,671,210,764,0,standing,looking,11237,176,670,202,764,0,standing,looking,11238,169,669,195,764,0,standing,looking,11239,162,671,188,768,0,standing,looking,11240,154,673,181,771,0,standing,looking,11241,147,675,174,774,0,standing,looking,11242,139,676,165,776,0,standing,looking,11243,130,677,157,778,0,standing,looking,11244,121,678,148,780,0,standing,looking
3_7_521,15745,575,696,617,858,0,standing,looking,15746,569,695,612,861,0,standing,looking,15747,564,694,607,863,0,standing,looking,15748,559,694,603,865,0,standing,looking,15749,553,693,598,867,0,standing,looking,15750,548,692,593,870,0,standing,looking,15751,543,691,588,872,0,standing,looking,15752,537,690,583,874,0,standing,looking,15753,530,689,576,876,0,standing,looking,15754,523,688,570,878,0,standing,looking,15755,516,687,563,880,0,standing,looking,15756,509,686,556,883,0,standing,looking,15757,501,685,549,885,0,standing,looking,15758,492,683,542,888,0,standing,looking,15759,483,680,535,891,0,standing,looking,15760,474,678,527,894,0,standing,looking,15761,465,676,520,897,0,standing,looking,15762,456,673,513,901,0,standing,looking,15763,444,671,503,903,0,standing,looking,15764,433,668,494,906,0,standing,looking,15765,422,665,484,909,0,standing,looking,15766,410,662,475,911,0,standing,looking,15767,399,660,465,914,0,standing,looking,15768,385,657,453,917,0,standing,looking,15769,371,655,441,920,0,standing,looking,15770,357,653,428,923,0,standing,looking,15771,343,650,416,926,0,standing,looking,15772,329,648,404,929,0,standing,looking,15773,310,643,386,935,0,standing,looking,15774,292,637,369,941,0,standing,looking,15775,273,632,351,946,0,standing,looking,15776,254,626,334,952,0,standing,looking
3_7_487,5204,1017,728,1047,801,0,walking,not-looking,5205,1017,730,1047,805,0,walking,not-looking,5206,1017,733,1047,808,0,walking,not-looking,5207,1018,733,1048,809,0,walking,not-looking,5208,1019,733,1050,811,0,walking,not-looking,5209,1020,733,1051,812,0,walking,not-looking,5210,1022,731,1053,811,0,walking,not-looking,5211,1023,729,1055,809,0,walking,not-looking,5212,1025,726,1057,808,0,walking,not-looking,5213,1026,724,1059,806,0,walking,not-looking,5214,1027,722,1061,805,0,walking,not-looking,5215,1028,718,1061,802,0,walking,not-looking,5216,1028,715,1062,799,0,walking,not-looking,5217,1030,717,1064,802,0,walking,not-looking,5218,1032,718,1067,804,0,walking,not-looking,5219,1034,719,1070,807,0,walking,not-looking,5220,1036,721,1073,809,0,walking,not-looking,5221,1038,722,1076,812,0,walking,not-looking,5222,1040,722,1079,814,0,walking,not-looking,5223,1042,722,1082,815,0,walking,not-looking,5224,1044,722,1085,816,0,walking,not-looking,5225,1046,722,1088,818,0,walking,not-looking,5226,1049,722,1091,819,0,walking,not-looking,5227,1051,722,1094,820,0,walking,not-looking,5228,1054,721,1096,821,0,walking,not-looking,5229,1057,721,1099,822,0,walking,not-looking,5230,1060,720,1102,822,0,walking,not-looking,5231,1063,720,1105,823,0,walking,not-looking,5232,1066,719,1109,825,0,walking,not-looking,5233,1069,719,1112,826,0,walking,not-looking,5234,1072,718,1115,827,0,walking,not-looking,5235,1075,718,1119,828,0,walking,not-looking
3_7_525,16646,1217,730,1248,810,0,standing,not-looking,16647,1218,729,1249,810,0,standing,not-looking,16648,1219,729,1250,810,0,standing,not-looking,16649,1220,728,1251,811,0,standing,not-looking,16650,1221,727,1253,811,0,standing,not-looking,16651,1222,727,1254,811,0,standing,not-looking,16652,1223,727,1255,812,0,standing,not-looking,16653,1223,727,1256,813,0,standing,looking,16654,1224,727,1257,814,0,standing,looking,16655,1225,727,1259,815,0,standing,looking,16656,1226,728,1260,816,0,standing,looking,16657,1227,728,1261,817,0,standing,looking,16658,1228,728,1262,818,0,standing,looking,16659,1229,727,1264,818,0,standing,looking,16660,1231,726,1266,818,0,standing,looking,16661,1233,726,1268,818,0,standing,looking,16662,1234,726,1269,819,0,standing,looking,16663,1235,725,1271,820,0,standing,looking,16664,1236,725,1272,821,0,standing,looking,16665,1238,725,1274,821,0,standing,looking,16666,1239,725,1276,822,0,standing,looking,16667,1240,725,1277,823,0,standing,looking,16668,1241,725,1279,824,0,standing,looking,16669,1243,725,1280,824,0,standing,looking,16670,1244,725,1282,825,0,standing,looking,16671,1245,724,1283,826,0,standing,looking,16672,1247,724,1285,826,0,standing,looking,16673,1248,724,1286,827,0,standing,looking,16674,1249,723,1289,828,0,standing,looking,16675,1251,723,1291,829,0,standing,looking,16676,1253,722,1293,830,0,standing,looking,16677,1254,721,1295,830,0,standing,looking
3_7_508,11900,622,706,654,824,0,standing,not-looking,11901,618,706,650,824,0,standing,not-looking,11902,614,706,646,825,0,standing,not-looking,11903,609,704,642,826,0,standing,not-looking,11904,604,703,638,826,0,standing,not-looking,11905,599,702,634,827,0,standing,not-looking,11906,595,701,629,827,0,standing,not-looking,11907,590,700,625,828,0,standing,not-looking,11908,585,699,621,828,0,standing,not-looking,11909,580,698,617,829,0,standing,not-looking,11910,576,697,612,829,0,standing,not-looking,11911,571,696,608,830,0,standing,not-looking,11912,566,695,604,830,0,standing,not-looking,11913,562,695,600,832,0,standing,not-looking,11914,558,694,596,833,0,standing,not-looking,11915,553,693,591,834,0,standing,not-looking,11916,547,692,586,835,0,standing,not-looking,11917,542,691,581,836,0,standing,not-looking,11918,537,690,576,837,0,standing,not-looking,11919,532,689,572,837,0,standing,not-looking,11920,527,688,567,838,0,standing,not-looking,11921,521,687,562,839,0,standing,not-looking,11922,516,686,558,840,0,standing,not-looking,11923,510,684,551,840,0,standing,not-looking,11924,504,682,544,841,0,standing,not-looking,11925,496,680,540,839,1,standing,not-looking,11926,490,679,534,841,1,standing,not-looking,11927,483,678,528,844,1,standing,not-looking,11928,476,677,523,846,1,standing,not-looking,11929,469,676,517,848,1,standing,not-looking,11930,463,677,512,848,1,standing,not-looking,11931,455,673,504,853,0,standing,not-looking
3_7_503,11138,1370,705,1400,818,0,standing,not-looking,11139,1375,704,1406,818,0,standing,not-looking,11140,1382,703,1412,819,0,standing,not-looking,11141,1388,702,1419,819,0,standing,not-looking,11142,1394,701,1426,819,0,standing,not-looking,11143,1401,700,1432,820,0,standing,not-looking,11144,1407,698,1439,820,0,standing,not-looking,11145,1413,698,1445,821,0,standing,not-looking,11146,1420,698,1452,822,0,standing,not-looking,11147,1426,698,1458,823,0,standing,not-looking,11148,1432,697,1464,824,0,standing,not-looking,11149,1439,697,1471,825,0,standing,not-looking,11150,1447,696,1479,826,0,standing,not-looking,11151,1456,695,1488,827,0,standing,not-looking,11152,1464,694,1496,829,0,standing,not-looking,11153,1472,693,1504,830,0,standing,not-looking,11154,1481,692,1513,831,0,standing,not-looking,11155,1489,691,1522,832,0,standing,not-looking,11156,1496,690,1531,833,0,standing,not-looking,11157,1504,689,1541,834,0,standing,not-looking,11158,1512,688,1550,836,0,standing,not-looking,11159,1520,687,1559,837,0,standing,not-looking,11160,1530,686,1570,838,0,standing,not-looking,11161,1540,685,1580,840,0,standing,not-looking,11162,1550,684,1591,842,0,standing,not-looking,11163,1560,683,1601,843,0,standing,not-looking,11164,1571,682,1611,845,0,standing,not-looking,11165,1582,680,1623,846,0,standing,not-looking,11166,1593,678,1635,848,0,standing,not-looking,11167,1604,676,1647,849,0,standing,not-looking,11168,1616,674,1659,850,0,standing,not-looking,11169,1627,672,1672,852,0,standing,not-looking
3_7_520,15745,615,692,662,870,0,standing,looking,15746,610,691,658,872,0,standing,looking,15747,605,690,654,874,0,standing,looking,15748,600,689,649,877,0,standing,looking,15749,595,688,645,879,0,standing,looking,15750,590,687,641,881,0,standing,looking,15751,585,686,637,883,0,standing,looking,15752,579,685,632,885,0,standing,looking,15753,573,683,627,887,0,standing,looking,15754,567,682,622,889,0,standing,looking,15755,561,681,617,891,0,standing,looking,15756,555,680,612,893,0,standing,looking,15757,547,677,604,896,0,standing,looking,15758,539,674,597,898,0,standing,looking,15759,531,671,589,901,0,standing,looking,15760,523,669,584,905,0,standing,looking,15761,515,667,578,909,0,standing,looking,15762,505,665,570,913,0,standing,looking,15763,494,664,562,917,0,standing,looking,15764,484,662,554,920,0,standing,looking,15765,474,660,546,924,0,standing,looking,15766,463,658,538,928,0,standing,looking,15767,451,656,528,932,0,standing,looking,15768,439,654,519,936,0,standing,looking,15769,427,652,509,940,0,standing,looking,15770,411,647,496,944,0,standing,looking,15771,395,643,483,948,0,standing,looking,15772,379,638,470,952,0,standing,looking,15773,363,633,457,956,0,standing,looking,15774,347,628,444,960,0,standing,looking,15775,331,624,431,963,0,standing,looking,15776,315,619,418,967,0,standing,looking
3_7_524,16561,1038,737,1074,833,0,standing,not-looking,16562,1039,736,1075,833,0,standing,not-looking,16563,1040,736,1076,834,0,standing,not-looking,16564,1040,735,1077,834,0,standing,not-looking,16565,1041,735,1078,835,0,standing,not-looking,16566,1042,734,1079,835,0,standing,not-looking,16567,1042,734,1081,835,0,standing,not-looking,16568,1043,733,1082,836,0,standing,not-looking,16569,1043,733,1083,836,0,standing,not-looking,16570,1045,732,1084,837,0,standing,not-looking,16571,1046,732,1085,838,0,standing,not-looking,16572,1048,731,1087,839,0,standing,not-looking,16573,1049,731,1088,841,0,standing,not-looking,16574,1050,730,1089,842,0,standing,not-looking,16575,1052,730,1090,843,0,standing,not-looking,16576,1053,729,1092,844,0,standing,not-looking,16577,1055,729,1093,845,0,standing,not-looking,16578,1056,728,1094,846,0,standing,not-looking,16579,1057,728,1096,847,0,standing,not-looking,16580,1059,727,1097,848,0,standing,not-looking,16581,1060,727,1098,849,0,standing,not-looking,16582,1061,726,1099,850,0,standing,not-looking,16583,1063,726,1101,851,0,standing,not-looking,16584,1064,725,1102,852,0,standing,not-looking,16585,1067,725,1104,854,0,standing,not-looking,16586,1069,724,1107,855,0,standing,not-looking,16587,1072,723,1109,856,0,standing,not-looking,16588,1074,723,1111,857,0,standing,not-looking,16589,1077,722,1114,858,0,standing,not-looking,16590,1078,722,1117,860,0,standing,not-looking,16591,1080,721,1121,862,0,standing,not-looking,16592,1082,721,1124,864,0,standing,not-looking
3_7_497,7266,1236,701,1271,840,1,standing,not-looking,7267,1243,700,1279,842,1,standing,not-looking,7268,1250,699,1286,844,1,standing,not-looking,7269,1258,699,1293,846,2,standing,not-looking,7270,1266,697,1304,847,2,standing,not-looking,7271,1275,695,1314,849,2,standing,not-looking,7272,1284,694,1324,851,2,standing,not-looking,7273,1293,692,1334,852,2,standing,not-looking,7274,1301,690,1345,854,2,standing,not-looking,7275,1310,689,1355,856,2,standing,not-looking,7276,1319,687,1365,857,2,standing,not-looking,7277,1327,686,1376,859,2,standing,not-looking,7278,1336,684,1386,861,2,standing,not-looking,7279,1345,682,1396,862,2,standing,not-looking,7280,1356,681,1409,864,2,standing,not-looking,7281,1367,679,1421,866,2,standing,not-looking,7282,1377,677,1433,867,2,standing,not-looking,7283,1388,676,1446,869,2,standing,not-looking,7284,1399,674,1458,871,2,standing,not-looking,7285,1410,673,1471,872,2,standing,not-looking,7286,1421,671,1483,874,2,standing,not-looking,7287,1432,669,1495,876,2,standing,not-looking,7288,1442,668,1508,877,2,standing,not-looking,7289,1453,666,1520,879,2,standing,not-looking,7290,1464,664,1533,881,2,standing,not-looking,7291,1475,663,1545,882,2,standing,not-looking,7292,1486,661,1557,884,2,standing,not-looking,7293,1497,659,1570,886,2,standing,not-looking,7294,1507,658,1582,887,2,standing,not-looking,7295,1520,654,1593,893,2,standing,not-looking,7296,1532,650,1604,898,2,standing,not-looking,7297,1545,645,1615,903,2,standing,not-looking
3_7_504,11118,256,699,277,781,0,standing,not-looking,11119,251,698,272,781,0,standing,not-looking,11120,246,697,266,780,0,standing,not-looking,11121,241,697,261,780,0,standing,not-looking,11122,235,696,256,780,0,standing,not-looking,11123,230,695,251,780,0,standing,not-looking,11124,224,694,244,780,0,standing,not-looking,11125,218,693,238,779,0,standing,not-looking,11126,212,692,232,779,0,standing,not-looking,11127,206,690,226,779,0,standing,not-looking,11128,200,689,220,778,0,standing,not-looking,11129,194,688,214,778,0,standing,not-looking,11130,188,687,208,777,0,standing,not-looking,11131,182,686,202,777,0,standing,not-looking,11132,176,685,196,777,0,standing,not-looking,11133,170,684,190,776,0,standing,not-looking,11134,164,683,184,776,0,standing,not-looking,11135,157,682,177,776,0,standing,not-looking,11136,151,681,171,776,0,standing,not-looking,11137,144,681,165,776,0,standing,not-looking,11138,138,680,158,776,0,standing,not-looking,11139,131,679,152,776,0,standing,not-looking,11140,125,678,145,776,0,standing,not-looking,11141,118,677,139,775,0,standing,not-looking,11142,111,676,132,775,0,standing,not-looking,11143,103,675,124,775,0,standing,not-looking,11144,97,674,118,775,0,standing,not-looking,11145,90,674,111,775,0,standing,not-looking,11146,83,673,104,775,0,standing,not-looking,11147,77,672,98,775,0,standing,not-looking,11148,70,671,91,775,0,standing,not-looking,11149,63,669,84,774,0,standing,not-looking
3_7_480,4700,1298,732,1328,813,0,walking,not-looking,4701,1300,731,1330,813,0,walking,not-looking,4702,1303,730,1332,813,0,walking,not-looking,4703,1305,729,1333,813,0,walking,not-looking,4704,1308,728,1335,813,0,walking,not-looking,4705,1311,727,1337,813,0,walking,not-looking,4706,1313,726,1339,813,0,walking,not-looking,4707,1316,726,1341,813,0,walking,not-looking,4708,1318,726,1344,813,0,walking,not-looking,4709,1321,726,1346,813,0,walking,not-looking,4710,1323,725,1349,813,0,walking,not-looking,4711,1325,725,1351,813,0,walking,not-looking,4712,1327,724,1354,814,0,walking,not-looking,4713,1329,724,1357,814,0,walking,not-looking,4714,1331,723,1360,814,0,walking,not-looking,4715,1333,722,1363,815,0,walking,not-looking,4716,1335,721,1366,815,0,walking,not-looking,4717,1336,721,1370,816,0,walking,not-looking,4718,1337,720,1373,816,0,walking,not-looking,4719,1338,720,1376,816,0,walking,not-looking,4720,1339,720,1379,817,0,walking,not-looking,4721,1340,719,1382,817,0,walking,not-looking,4722,1344,719,1385,818,0,walking,not-looking,4723,1347,719,1388,819,0,walking,not-looking,4724,1350,720,1392,820,0,walking,not-looking,4725,1354,720,1395,822,0,walking,not-looking,4726,1357,720,1399,823,0,walking,not-looking,4727,1361,719,1403,823,0,walking,not-looking,4728,1364,718,1406,822,0,walking,not-looking,4729,1368,717,1410,822,0,walking,not-looking,4730,1371,716,1414,822,0,walking,not-looking,4731,1375,715,1418,822,0,walking,not-looking
3_7_493,7219,388,715,409,789,2,walking,not-looking,7220,381,714,402,790,2,standing,not-looking,7221,374,713,394,790,2,standing,not-looking,7222,366,712,387,790,2,standing,not-looking,7223,359,711,379,790,2,standing,not-looking,7224,351,710,372,790,2,standing,not-looking,7225,344,710,366,791,2,standing,not-looking,7226,337,710,360,791,2,standing,not-looking,7227,330,709,351,792,2,standing,not-looking,7228,322,707,342,792,1,standing,not-looking,7229,313,707,334,792,1,standing,not-looking,7230,305,706,326,793,1,standing,not-looking,7231,297,706,318,793,1,standing,not-looking,7232,288,706,310,794,1,standing,not-looking,7233,280,705,302,794,1,standing,not-looking,7234,272,705,294,794,1,standing,not-looking,7235,264,705,286,794,1,standing,not-looking,7236,257,705,278,794,0,standing,not-looking,7237,248,704,271,794,0,standing,not-looking,7238,240,703,263,795,0,standing,not-looking,7239,232,701,255,795,0,standing,not-looking,7240,224,700,247,796,0,standing,not-looking,7241,216,699,239,796,0,standing,not-looking,7242,207,698,231,795,0,standing,not-looking,7243,199,696,223,795,0,standing,not-looking,7244,190,695,215,794,0,standing,not-looking,7245,182,694,207,794,0,standing,not-looking,7246,173,692,199,793,0,standing,not-looking,7247,166,691,191,793,0,standing,not-looking,7248,158,689,184,793,0,standing,not-looking,7249,150,687,176,793,0,standing,not-looking,7250,142,686,169,792,0,standing,not-looking
3_7_485,4831,487,729,510,809,2,standing,not-looking,4832,482,728,505,809,2,standing,not-looking,4833,476,728,499,810,2,standing,not-looking,4834,470,727,494,811,2,standing,not-looking,4835,465,726,489,811,2,standing,not-looking,4836,459,726,483,812,2,standing,not-looking,4837,453,725,478,813,2,standing,not-looking,4838,447,724,473,813,2,standing,not-looking,4839,442,724,467,814,2,standing,not-looking,4840,436,723,462,815,2,standing,not-looking,4841,430,723,457,815,2,standing,not-looking,4842,425,722,451,816,2,standing,not-looking,4843,419,721,446,817,2,standing,not-looking,4844,413,721,441,817,1,standing,not-looking,4845,406,721,433,820,1,standing,not-looking,4846,398,721,426,822,0,standing,not-looking,4847,396,721,424,822,0,standing,not-looking,4848,387,720,416,823,0,standing,not-looking,4849,378,719,408,824,0,standing,not-looking,4850,369,719,401,825,0,standing,not-looking,4851,360,718,393,827,0,standing,not-looking,4852,351,717,385,828,0,standing,not-looking,4853,342,715,376,828,0,standing,not-looking,4854,334,714,368,827,0,standing,not-looking,4855,325,712,359,827,0,standing,not-looking,4856,316,710,351,827,0,standing,not-looking,4857,307,709,342,827,0,standing,not-looking,4858,298,707,334,826,0,standing,not-looking,4859,290,705,325,826,0,standing,not-looking,4860,281,703,316,826,0,standing,not-looking,4861,272,702,308,826,0,standing,not-looking,4862,263,700,299,825,0,standing,not-looking
3_7_516,14594,649,715,683,824,1,standing,not-looking,14595,646,715,680,826,1,standing,not-looking,14596,644,716,677,826,2,standing,not-looking,14597,641,715,675,827,2,standing,not-looking,14598,638,715,673,829,2,standing,not-looking,14599,635,714,671,831,2,standing,not-looking,14600,633,713,670,832,1,standing,not-looking,14601,630,713,668,834,1,standing,not-looking,14602,628,713,666,835,1,standing,not-looking,14603,626,712,664,836,1,standing,not-looking,14604,620,711,661,835,1,standing,not-looking,14605,615,709,659,835,1,standing,not-looking,14606,612,709,656,835,1,standing,not-looking,14607,607,707,653,836,1,standing,not-looking,14608,603,706,650,836,0,standing,not-looking,14609,600,706,647,839,0,standing,not-looking,14610,597,706,645,841,0,standing,not-looking,14611,594,706,642,843,0,standing,not-looking,14612,591,706,639,845,0,standing,not-looking,14613,588,706,636,847,0,standing,not-looking,14614,584,704,633,847,0,standing,not-looking,14615,581,702,630,847,0,standing,not-looking,14616,577,700,627,848,0,standing,not-looking,14617,573,699,624,848,0,standing,not-looking,14618,570,697,621,848,0,standing,not-looking,14619,566,695,618,848,0,standing,not-looking,14620,563,694,614,849,0,standing,not-looking,14621,559,692,611,849,0,standing,not-looking,14622,555,690,608,849,0,standing,not-looking,14623,552,689,605,849,0,standing,not-looking,14624,549,687,602,851,0,standing,not-looking,14625,545,685,600,852,0,standing,not-looking
3_8_546,12824,400,663,466,880,0,standing,not-looking,12825,396,662,462,881,0,standing,not-looking,12826,392,661,459,882,0,standing,not-looking,12827,388,660,456,882,0,standing,not-looking,12828,384,659,453,883,0,standing,not-looking,12829,380,658,449,884,0,standing,not-looking,12830,376,657,446,885,0,standing,not-looking,12831,370,656,441,887,0,standing,not-looking,12832,365,654,435,888,0,standing,not-looking,12833,360,653,430,889,0,standing,not-looking,12834,354,651,424,891,0,standing,not-looking,12835,349,649,419,892,0,standing,not-looking,12836,343,648,413,893,0,standing,not-looking,12837,338,646,408,894,0,standing,not-looking,12838,333,645,403,896,0,standing,not-looking,12839,327,643,397,897,0,standing,not-looking,12840,322,642,392,898,0,standing,not-looking,12841,317,642,392,898,0,standing,not-looking,12842,313,642,392,898,1,standing,not-looking,12843,305,639,384,900,1,standing,not-looking,12844,298,637,376,901,1,standing,not-looking,12845,290,635,369,903,1,standing,not-looking,12846,283,633,361,904,1,standing,not-looking,12847,275,630,353,905,2,standing,not-looking,12848,268,628,346,907,2,standing,not-looking,12849,260,626,338,908,2,standing,not-looking,12850,252,624,330,910,2,standing,not-looking,12851,243,619,325,913,2,standing,not-looking,12852,234,615,319,917,2,standing,not-looking,12853,234,615,319,917,1,standing,not-looking,12854,221,612,304,920,1,standing,not-looking,12855,208,609,288,922,1,standing,looking
3_8_549,12829,464,695,511,856,0,walking,not-looking,12830,460,695,508,860,0,walking,not-looking,12831,455,695,504,864,0,walking,not-looking,12832,453,694,502,865,0,walking,not-looking,12833,450,693,500,866,0,walking,not-looking,12834,447,692,497,867,0,walking,not-looking,12835,444,691,495,868,0,walking,not-looking,12836,442,690,493,868,0,walking,not-looking,12837,439,689,491,869,0,walking,not-looking,12838,436,688,488,870,0,walking,not-looking,12839,433,687,486,871,0,walking,not-looking,12840,431,686,484,872,0,walking,not-looking,12841,428,685,481,873,0,walking,not-looking,12842,424,684,478,874,0,walking,not-looking,12843,420,683,475,876,0,walking,not-looking,12844,415,682,472,877,0,walking,not-looking,12845,411,681,468,878,0,walking,not-looking,12846,407,681,465,879,0,walking,not-looking,12847,403,680,462,880,0,walking,not-looking,12848,399,679,459,882,0,walking,not-looking,12849,395,678,455,883,0,walking,not-looking,12850,391,677,452,884,0,walking,not-looking,12851,387,677,449,885,0,walking,not-looking,12852,381,675,448,886,0,walking,not-looking,12853,376,674,446,887,0,walking,not-looking,12854,371,673,445,887,0,walking,not-looking,12855,366,672,444,888,0,walking,not-looking,12856,361,670,442,889,0,walking,not-looking,12857,355,669,437,892,0,walking,not-looking,12858,349,667,431,894,0,walking,not-looking,12859,342,665,425,896,0,walking,not-looking,12860,336,664,419,899,0,walking,not-looking
3_8_556,15523,1159,705,1200,859,2,standing,not-looking,15523,1159,705,1200,859,2,standing,not-looking,15524,1163,706,1204,860,2,standing,not-looking,15525,1167,707,1209,861,1,standing,not-looking,15526,1172,708,1213,862,1,standing,not-looking,15527,1176,709,1217,863,1,standing,not-looking,15528,1180,710,1222,865,1,standing,not-looking,15529,1183,710,1224,864,1,standing,not-looking,15530,1190,707,1232,866,1,standing,not-looking,15531,1194,707,1235,866,0,standing,looking,15532,1200,706,1243,869,0,standing,looking,15533,1206,704,1252,872,0,standing,looking,15534,1212,703,1260,874,0,standing,looking,15535,1218,701,1268,877,0,standing,looking,15536,1224,700,1276,879,0,standing,looking,15537,1231,698,1285,882,0,standing,looking,15538,1237,697,1293,885,0,standing,looking,15539,1243,695,1301,887,0,standing,looking,15540,1249,694,1309,890,0,standing,looking,15541,1255,692,1318,893,0,standing,looking,15542,1263,690,1328,895,0,standing,looking,15543,1271,688,1338,897,0,standing,looking,15544,1279,686,1348,899,0,standing,looking,15545,1286,684,1358,901,0,standing,looking,15546,1294,682,1368,904,0,standing,looking,15547,1302,681,1379,908,0,standing,looking,15548,1310,680,1390,913,0,standing,looking,15549,1317,678,1402,918,0,standing,looking,15550,1325,677,1413,922,0,standing,looking,15551,1333,675,1424,927,0,standing,looking,15552,1346,674,1440,933,0,standing,looking,15553,1359,673,1455,938,0,standing,looking
3_8_541,10156,1217,766,1263,835,0,standing,not-looking,10157,1222,764,1267,835,0,standing,not-looking,10158,1226,762,1272,836,0,standing,not-looking,10159,1231,760,1277,836,0,standing,not-looking,10160,1236,758,1281,837,0,standing,not-looking,10161,1241,757,1286,837,0,standing,not-looking,10162,1245,755,1291,838,0,standing,not-looking,10163,1250,753,1295,838,0,standing,not-looking,10164,1255,751,1300,839,0,standing,not-looking,10165,1260,749,1305,839,0,standing,not-looking,10166,1264,749,1310,841,0,standing,not-looking,10167,1269,749,1316,843,0,standing,not-looking,10168,1274,749,1321,845,0,standing,not-looking,10169,1279,749,1327,848,0,standing,not-looking,10170,1283,749,1333,850,0,standing,not-looking,10171,1288,750,1338,852,0,standing,not-looking,10172,1294,752,1343,855,0,standing,not-looking,10173,1299,754,1349,858,0,standing,not-looking,10174,1304,755,1354,861,0,standing,not-looking,10175,1309,757,1360,864,0,standing,not-looking,10176,1315,756,1367,866,0,standing,not-looking,10177,1321,756,1374,868,0,standing,not-looking,10178,1326,756,1381,870,0,standing,not-looking,10179,1332,756,1388,873,0,standing,not-looking,10180,1338,756,1395,875,0,standing,not-looking,10181,1345,754,1403,876,0,standing,not-looking,10182,1352,752,1411,876,0,standing,not-looking,10183,1359,751,1419,877,0,standing,not-looking,10184,1366,749,1427,878,0,standing,not-looking,10185,1373,748,1435,879,0,standing,not-looking,10186,1382,742,1445,876,0,standing,not-looking,10187,1390,736,1454,873,0,standing,not-looking
3_8_559,16211,514,721,546,817,2,standing,looking,16212,509,720,542,819,2,standing,looking,16213,504,720,538,820,2,standing,looking,16214,498,719,534,822,2,standing,looking,16215,491,719,525,821,1,standing,looking,16216,487,718,524,821,1,standing,looking,16217,480,719,518,830,0,standing,looking,16218,473,718,511,832,0,standing,looking,16219,466,717,505,834,0,standing,looking,16220,459,716,499,836,0,standing,looking,16221,452,716,493,838,0,standing,looking,16222,444,715,486,839,0,standing,looking,16223,436,714,479,841,0,standing,looking,16224,428,714,472,843,0,standing,looking,16225,420,713,465,845,0,standing,looking,16226,412,712,458,846,0,standing,looking,16227,404,712,450,848,0,standing,not-looking,16228,394,709,441,849,0,standing,not-looking,16229,385,707,432,850,0,standing,not-looking,16230,375,705,423,852,0,standing,not-looking,16231,366,703,413,853,0,standing,not-looking,16232,356,701,404,854,0,standing,not-looking,16233,346,700,394,855,0,standing,not-looking,16234,335,698,384,857,0,standing,not-looking,16235,324,696,374,858,0,standing,not-looking,16236,314,695,364,860,0,standing,not-looking,16237,303,693,354,862,0,standing,not-looking,16238,290,692,342,863,0,standing,not-looking,16239,277,690,330,864,0,standing,not-looking,16240,264,689,317,866,0,standing,not-looking,16241,251,687,305,867,0,standing,not-looking,16242,238,686,293,868,0,standing,not-looking
3_8_561,17051,1126,727,1152,819,0,standing,looking,17052,1127,728,1154,821,0,standing,looking,17053,1128,729,1155,824,0,standing,looking,17054,1129,731,1156,826,0,standing,looking,17055,1130,732,1158,829,0,standing,looking,17056,1131,733,1159,831,0,standing,looking,17057,1132,735,1161,833,0,standing,looking,17058,1135,734,1164,834,0,standing,looking,17059,1137,733,1167,834,0,standing,looking,17060,1139,732,1170,834,0,standing,looking,17061,1142,731,1173,835,0,standing,looking,17062,1144,730,1176,835,0,standing,looking,17063,1147,728,1179,834,0,standing,looking,17064,1149,726,1182,834,0,standing,looking,17065,1152,724,1185,833,0,standing,looking,17066,1154,722,1188,833,0,standing,looking,17067,1157,720,1191,832,0,standing,looking,17068,1160,719,1194,833,0,standing,looking,17069,1163,718,1198,835,0,standing,looking,17070,1166,717,1202,836,0,standing,looking,17071,1169,716,1205,838,0,standing,looking,17072,1172,715,1208,839,0,standing,looking,17073,1176,714,1213,840,0,standing,looking,17074,1180,713,1218,842,0,standing,looking,17075,1184,712,1223,843,0,standing,looking,17076,1188,711,1228,845,0,standing,looking,17077,1192,710,1233,846,0,standing,looking,17078,1197,709,1238,848,0,standing,looking,17079,1201,707,1244,849,0,standing,looking,17080,1206,706,1249,851,0,standing,looking,17081,1211,705,1255,852,0,standing,looking,17082,1216,703,1261,854,0,standing,looking
3_8_537,8303,592,728,636,854,2,standing,not-looking,8304,591,728,635,855,2,standing,not-looking,8305,589,728,633,855,2,standing,not-looking,8306,588,728,632,856,2,standing,not-looking,8307,586,728,631,856,2,standing,not-looking,8308,585,728,630,857,2,standing,not-looking,8309,584,728,629,858,2,standing,not-looking,8310,582,728,628,858,2,standing,not-looking,8311,581,728,627,859,2,standing,not-looking,8312,579,727,626,860,2,standing,not-looking,8313,578,727,625,860,2,standing,not-looking,8314,577,727,624,861,2,standing,not-looking,8315,575,727,622,861,2,standing,not-looking,8316,574,727,621,862,2,standing,not-looking,8317,572,727,620,863,2,standing,not-looking,8318,571,727,619,863,2,walking,not-looking,8319,569,727,618,864,2,walking,not-looking,8320,568,727,617,865,2,walking,not-looking,8321,567,727,616,865,2,walking,not-looking,8322,565,726,615,866,2,walking,not-looking,8323,564,726,614,866,2,walking,not-looking,8324,562,726,613,867,2,walking,not-looking,8325,561,726,611,868,2,walking,not-looking,8326,559,726,610,868,2,walking,not-looking,8327,558,726,609,869,2,walking,not-looking,8328,557,726,608,870,2,walking,not-looking,8329,555,726,607,870,2,walking,not-looking,8330,554,726,606,871,2,walking,not-looking,8331,552,726,605,871,2,walking,not-looking,8332,551,726,604,872,2,walking,not-looking,8333,549,725,603,873,2,walking,not-looking,8334,547,725,601,873,1,walking,not-looking
3_8_540,10156,1355,736,1394,832,0,walking,not-looking,10157,1358,737,1398,834,0,walking,not-looking,10158,1363,736,1402,834,0,walking,not-looking,10159,1368,735,1406,835,0,walking,not-looking,10160,1373,734,1410,835,0,walking,not-looking,10161,1378,733,1415,836,0,walking,not-looking,10162,1383,732,1419,837,0,walking,not-looking,10163,1388,731,1423,837,0,walking,not-looking,10164,1393,730,1427,838,0,walking,not-looking,10165,1398,729,1432,839,0,walking,not-looking,10166,1403,728,1436,839,0,walking,not-looking,10167,1408,727,1440,840,0,walking,not-looking,10168,1410,728,1447,842,0,walking,not-looking,10169,1413,729,1454,845,0,walking,not-looking,10170,1415,731,1461,847,0,walking,not-looking,10171,1417,732,1468,850,0,walking,not-looking,10172,1420,733,1475,852,0,walking,not-looking,10173,1426,734,1482,855,0,walking,not-looking,10174,1433,736,1490,858,0,walking,not-looking,10175,1439,737,1498,861,0,walking,not-looking,10176,1446,738,1505,864,0,walking,not-looking,10177,1452,740,1513,866,0,walking,not-looking,10178,1460,739,1519,868,0,walking,not-looking,10179,1468,738,1524,870,0,walking,not-looking,10180,1476,737,1530,871,0,walking,not-looking,10181,1484,737,1536,873,0,walking,not-looking,10182,1492,736,1542,874,0,walking,not-looking,10183,1500,733,1549,874,0,walking,not-looking,10184,1508,730,1556,874,0,walking,not-looking,10185,1516,727,1562,874,0,walking,not-looking,10186,1524,724,1569,873,0,walking,not-looking,10187,1532,721,1576,873,0,walking,not-looking
3_8_557,16090,1169,727,1207,844,0,walking,looking,16091,1170,726,1210,845,0,walking,looking,16092,1172,724,1213,846,0,walking,looking,16093,1176,724,1218,848,0,walking,looking,16094,1180,724,1223,849,0,walking,looking,16095,1184,724,1228,851,0,walking,looking,16096,1188,723,1233,853,0,walking,looking,16097,1192,723,1238,855,0,walking,not-looking,16098,1197,723,1244,858,0,walking,not-looking,16099,1202,724,1250,861,0,walking,not-looking,16100,1208,724,1255,865,0,walking,not-looking,16101,1213,724,1261,868,0,walking,not-looking,16102,1218,724,1267,871,0,walking,not-looking,16103,1224,723,1273,873,0,walking,not-looking,16104,1230,722,1280,876,0,walking,not-looking,16105,1237,720,1287,878,0,walking,not-looking,16106,1243,719,1294,880,0,walking,not-looking,16107,1250,718,1301,883,0,walking,not-looking,16108,1255,717,1306,885,0,walking,not-looking,16109,1261,716,1312,888,0,walking,not-looking,16110,1267,715,1318,891,0,walking,not-looking,16111,1272,715,1324,894,0,walking,not-looking,16112,1278,714,1330,897,0,walking,not-looking,16113,1286,712,1340,902,0,walking,not-looking,16114,1293,710,1350,906,0,walking,not-looking,16115,1301,708,1361,911,0,standing,not-looking,16116,1309,707,1371,916,0,standing,not-looking,16117,1316,705,1382,920,0,standing,not-looking,16118,1328,701,1394,924,0,standing,not-looking,16119,1339,698,1407,927,0,standing,not-looking,16120,1351,695,1419,931,0,standing,not-looking,16121,1362,691,1432,934,0,standing,not-looking
3_8_558,16179,616,733,633,802,0,standing,not-looking,16180,612,733,630,802,0,standing,not-looking,16181,608,732,626,803,0,standing,not-looking,16182,605,732,623,803,0,standing,not-looking,16183,601,732,619,803,0,standing,not-looking,16184,597,731,616,804,0,standing,not-looking,16185,593,731,612,804,0,standing,not-looking,16186,590,730,609,804,0,standing,not-looking,16187,586,730,606,805,0,standing,not-looking,16188,582,729,602,805,0,standing,not-looking,16189,578,729,599,805,0,standing,not-looking,16190,574,729,596,806,0,standing,not-looking,16191,570,728,591,806,0,standing,not-looking,16192,566,728,587,807,0,standing,not-looking,16193,562,727,583,807,0,standing,not-looking,16194,558,727,579,808,0,standing,not-looking,16195,553,726,575,808,0,standing,not-looking,16196,549,726,571,809,0,standing,not-looking,16197,545,725,567,809,0,standing,not-looking,16198,540,725,563,810,0,standing,not-looking,16199,536,725,559,810,0,standing,not-looking,16200,532,724,554,811,0,standing,not-looking,16201,527,724,550,810,0,standing,not-looking,16202,522,724,545,810,0,standing,not-looking,16203,517,723,541,809,0,standing,not-looking,16204,515,723,539,809,1,standing,not-looking,16205,511,721,535,807,1,standing,not-looking,16206,505,720,529,806,2,standing,not-looking,16207,500,719,524,807,2,standing,not-looking,16208,494,719,519,808,2,standing,not-looking,16209,488,718,513,809,2,standing,not-looking,16210,483,718,508,810,2,standing,not-looking
3_8_544,11264,1119,764,1160,830,1,standing,not-looking,11265,1120,765,1162,831,1,standing,not-looking,11266,1121,765,1164,831,1,standing,not-looking,11267,1123,766,1165,832,1,standing,not-looking,11268,1124,767,1167,832,1,standing,not-looking,11269,1126,766,1170,833,1,standing,not-looking,11270,1129,765,1173,834,1,standing,not-looking,11271,1131,764,1176,835,1,standing,not-looking,11272,1134,763,1179,836,1,standing,not-looking,11273,1137,762,1182,837,1,standing,not-looking,11274,1139,761,1185,838,0,standing,not-looking,11275,1142,760,1188,839,0,standing,not-looking,11276,1145,760,1191,840,0,standing,not-looking,11277,1147,759,1194,841,0,standing,not-looking,11278,1150,758,1197,841,0,standing,not-looking,11279,1153,757,1200,842,0,standing,not-looking,11280,1155,756,1203,843,0,standing,not-looking,11281,1158,755,1206,844,0,standing,not-looking,11282,1161,754,1209,845,0,standing,not-looking,11283,1164,753,1212,846,0,standing,not-looking,11284,1168,752,1216,848,0,standing,not-looking,11285,1172,751,1220,850,0,standing,not-looking,11286,1176,750,1224,852,0,standing,not-looking,11287,1181,748,1229,854,0,standing,not-looking,11288,1185,747,1233,856,0,standing,not-looking,11289,1189,746,1237,858,0,standing,not-looking,11290,1194,745,1241,859,0,standing,not-looking,11291,1198,744,1246,861,0,standing,not-looking,11292,1202,742,1250,863,0,standing,not-looking,11293,1207,741,1254,865,0,standing,not-looking,11294,1211,740,1258,867,0,standing,not-looking,11295,1215,739,1262,869,0,standing,not-looking
3_8_553,14921,740,717,775,835,0,standing,looking,14922,739,715,774,835,0,standing,looking,14923,739,713,774,834,0,standing,looking,14924,738,711,774,834,0,standing,looking,14925,738,709,774,835,0,standing,looking,14926,737,707,773,835,0,standing,looking,14927,736,706,773,835,0,standing,looking,14928,736,704,773,836,0,standing,looking,14929,734,703,771,837,0,standing,looking,14930,732,703,770,839,0,standing,looking,14931,730,703,769,840,0,standing,looking,14932,728,702,768,842,0,standing,looking,14933,726,702,766,843,0,standing,looking,14934,724,702,765,845,0,standing,looking,14935,722,701,764,846,0,standing,looking,14936,720,701,763,848,0,standing,looking,14937,719,701,762,849,0,standing,looking,14938,717,700,760,851,0,standing,looking,14939,715,700,759,852,0,standing,looking,14940,713,700,758,854,0,standing,looking,14941,711,699,757,856,0,standing,looking,14942,709,699,755,858,0,standing,looking,14943,707,699,754,861,0,standing,looking,14944,704,698,752,862,0,standing,looking,14945,701,698,749,864,0,standing,looking,14946,698,697,747,865,0,standing,looking,14947,694,697,744,866,0,standing,looking,14948,691,696,742,868,0,standing,not-looking,14949,687,694,739,868,0,standing,not-looking,14950,683,692,735,867,0,standing,not-looking,14951,679,690,732,867,0,standing,not-looking,14952,675,687,728,867,0,standing,not-looking
3_8_560,16899,811,727,848,808,0,walking,looking,16900,808,727,846,809,0,walking,looking,16901,805,726,844,809,0,walking,looking,16902,803,726,841,810,0,walking,looking,16903,801,725,839,811,0,walking,looking,16904,799,725,836,813,0,walking,looking,16905,796,724,834,814,0,walking,looking,16906,794,724,831,815,0,walking,looking,16907,790,724,827,816,0,walking,looking,16908,786,724,824,818,0,walking,looking,16909,782,724,820,819,0,walking,looking,16910,778,724,816,820,0,walking,looking,16911,774,724,813,822,0,walking,looking,16912,770,724,809,823,0,walking,looking,16913,766,724,804,824,0,walking,looking,16914,761,724,800,825,0,walking,looking,16915,757,724,796,826,0,walking,looking,16916,753,724,792,827,0,walking,looking,16917,746,724,787,829,0,walking,looking,16918,740,723,781,830,0,walking,looking,16919,734,722,776,832,0,walking,looking,16920,727,722,770,834,0,walking,looking,16921,721,721,765,835,0,walking,looking,16922,712,720,759,837,0,walking,looking,16923,704,720,753,839,0,walking,looking,16924,696,719,747,841,0,walking,looking,16925,687,718,741,842,0,walking,looking,16926,679,717,735,844,0,walking,not-looking,16927,670,717,729,847,0,walking,not-looking,16928,661,718,723,849,0,walking,not-looking,16929,653,718,717,851,0,walking,not-looking,16930,644,718,711,853,0,walking,not-looking
3_8_536,7865,192,685,226,826,0,standing,not-looking,7866,192,685,226,826,0,standing,not-looking,7867,192,685,226,826,0,standing,not-looking,7868,192,685,226,826,0,standing,not-looking,7869,192,685,226,826,0,standing,not-looking,7870,192,685,226,827,0,standing,not-looking,7871,192,685,226,827,0,standing,not-looking,7872,192,685,226,827,0,standing,not-looking,7873,193,685,226,827,0,standing,not-looking,7874,193,685,226,827,0,standing,not-looking,7875,193,685,226,827,0,standing,not-looking,7876,193,685,226,827,0,standing,not-looking,7877,193,685,227,827,0,standing,not-looking,7878,193,685,227,827,0,standing,not-looking,7879,193,685,227,827,0,standing,not-looking,7880,193,685,227,827,0,standing,not-looking,7881,193,685,227,827,0,standing,not-looking,7882,193,685,227,827,0,standing,not-looking,7883,193,685,227,827,0,standing,not-looking,7884,193,685,227,827,0,standing,not-looking,7885,193,685,227,827,0,standing,not-looking,7886,193,685,227,827,0,standing,not-looking,7887,193,685,227,827,0,standing,not-looking,7888,193,685,227,827,0,standing,not-looking,7889,193,685,227,827,0,standing,not-looking,7890,193,685,227,827,0,standing,not-looking,7891,193,686,227,827,0,standing,not-looking,7892,193,686,227,827,0,standing,not-looking,7893,193,686,227,827,0,standing,not-looking,7894,194,686,227,827,0,standing,not-looking,7895,195,686,228,828,0,standing,not-looking,7896,196,687,229,828,0,standing,not-looking
3_8_547,12820,220,619,270,822,0,standing,not-looking,12821,216,618,266,822,0,standing,not-looking,12822,213,617,263,823,0,standing,not-looking,12823,209,616,260,823,0,standing,not-looking,12824,205,615,256,824,0,standing,not-looking,12825,202,615,253,824,0,standing,not-looking,12826,198,614,250,825,0,standing,not-looking,12827,193,613,245,825,0,standing,not-looking,12828,188,611,240,825,0,standing,not-looking,12829,183,610,235,825,0,standing,not-looking,12830,178,609,230,825,0,standing,not-looking,12831,173,607,226,825,0,standing,not-looking,12832,168,606,221,825,0,standing,not-looking,12833,163,605,216,825,0,standing,not-looking,12834,158,603,211,825,0,standing,not-looking,12835,153,602,207,825,0,standing,not-looking,12836,148,601,202,825,0,standing,not-looking,12837,142,601,196,824,0,standing,not-looking,12838,136,600,191,824,0,standing,not-looking,12839,136,600,191,824,1,standing,not-looking,12840,127,597,181,821,1,standing,not-looking,12841,127,597,181,821,2,standing,not-looking,12842,121,593,174,822,2,standing,not-looking,12843,115,589,166,822,2,standing,not-looking,12844,109,586,159,823,2,standing,not-looking,12845,103,582,151,824,2,standing,not-looking,12846,97,578,143,824,1,standing,not-looking,12847,91,578,137,824,1,standing,not-looking,12848,84,578,130,824,0,standing,not-looking,12849,70,576,123,825,0,standing,not-looking,12850,57,574,116,825,0,standing,not-looking,12851,51,572,109,826,0,standing,not-looking
3_8_526,741,403,682,476,872,0,standing,not-looking,742,401,681,474,873,0,standing,not-looking,743,399,681,471,873,0,standing,not-looking,744,397,681,469,874,0,standing,not-looking,745,395,680,467,874,0,standing,not-looking,746,393,680,464,875,0,standing,not-looking,747,391,680,462,875,0,standing,not-looking,748,389,680,460,876,0,standing,not-looking,749,387,679,458,876,0,standing,not-looking,750,385,679,455,877,0,standing,not-looking,751,383,679,453,877,0,standing,not-looking,752,381,678,451,878,0,standing,not-looking,753,379,678,448,878,0,standing,not-looking,754,377,678,446,879,0,standing,not-looking,755,375,678,444,879,0,standing,not-looking,756,373,677,442,880,0,standing,not-looking,757,371,677,439,880,0,standing,not-looking,758,368,677,437,881,0,standing,not-looking,759,366,676,435,881,0,standing,not-looking,760,364,676,432,882,0,standing,not-looking,761,362,676,430,882,0,standing,not-looking,762,360,675,428,883,0,standing,not-looking,763,358,675,427,883,0,standing,not-looking,764,356,675,425,884,0,standing,not-looking,765,355,675,424,884,0,standing,not-looking,766,353,674,423,885,0,standing,not-looking,767,351,674,422,885,0,standing,not-looking,768,349,674,420,886,0,standing,not-looking,769,347,673,419,886,0,standing,not-looking,770,345,673,418,886,0,standing,not-looking,771,343,673,417,887,0,standing,not-looking,772,341,672,416,887,0,standing,not-looking
3_8_539,8583,1068,742,1122,830,0,standing,not-looking,8584,1070,742,1124,831,0,standing,not-looking,8585,1072,742,1126,831,0,standing,not-looking,8586,1073,742,1129,832,0,standing,not-looking,8587,1075,743,1131,833,0,standing,not-looking,8588,1077,743,1133,834,0,standing,not-looking,8589,1078,743,1136,835,0,standing,not-looking,8590,1080,743,1138,836,0,standing,not-looking,8591,1082,744,1140,837,0,standing,not-looking,8592,1084,744,1143,839,0,standing,not-looking,8593,1085,744,1145,841,0,standing,not-looking,8594,1087,744,1147,843,0,standing,not-looking,8595,1089,745,1150,845,0,standing,not-looking,8596,1091,744,1152,846,0,standing,not-looking,8597,1093,744,1155,847,0,standing,not-looking,8598,1095,744,1158,848,0,standing,not-looking,8599,1097,743,1160,849,0,standing,not-looking,8600,1099,743,1163,851,0,standing,not-looking,8601,1101,743,1165,852,0,standing,not-looking,8602,1103,742,1168,853,0,standing,not-looking,8603,1105,742,1170,854,0,standing,not-looking,8604,1107,742,1173,855,0,standing,not-looking,8605,1109,741,1176,857,0,standing,not-looking,8606,1112,741,1180,858,0,standing,not-looking,8607,1115,741,1185,859,0,standing,not-looking,8608,1118,740,1189,860,0,standing,not-looking,8609,1121,740,1193,861,0,standing,not-looking,8610,1124,740,1198,862,0,standing,not-looking,8611,1127,740,1202,863,0,standing,not-looking,8612,1130,740,1206,865,0,standing,not-looking,8613,1133,740,1210,866,0,standing,not-looking,8614,1136,740,1214,868,0,standing,not-looking
3_8_548,12820,276,631,330,825,0,standing,looking,12821,272,631,326,826,0,standing,looking,12822,270,630,324,826,0,standing,looking,12823,268,629,321,827,0,standing,looking,12824,265,628,319,827,0,standing,looking,12825,261,626,314,827,0,standing,looking,12826,256,625,309,827,0,standing,looking,12827,251,624,304,826,0,standing,looking,12828,246,623,300,826,1,standing,looking,12829,242,622,295,826,1,standing,looking,12830,239,622,292,826,1,standing,looking,12831,236,622,289,826,1,standing,looking,12832,231,622,284,826,2,standing,looking,12833,225,619,280,826,2,standing,looking,12834,220,617,276,826,2,standing,looking,12835,215,615,272,827,2,standing,looking,12836,210,613,268,827,2,standing,looking,12837,205,611,264,827,2,standing,looking,12838,199,609,260,828,2,standing,looking,12839,194,607,256,828,2,standing,looking,12840,189,605,252,828,2,standing,looking,12841,184,603,249,828,2,standing,looking,12842,179,601,245,829,2,standing,not-looking,12843,171,600,237,828,2,standing,not-looking,12844,168,597,234,830,2,standing,not-looking,12845,164,594,230,831,2,standing,not-looking,12846,154,591,220,828,2,standing,not-looking,12847,146,590,213,830,2,standing,not-looking,12848,139,589,207,831,1,standing,not-looking,12849,133,588,201,831,1,standing,not-looking,12850,127,586,195,831,1,standing,not-looking,12851,122,585,189,832,1,standing,not-looking
3_8_543,11152,1016,732,1061,823,0,walking,not-looking,11153,1016,732,1062,824,0,walking,not-looking,11154,1016,732,1063,825,0,walking,not-looking,11155,1017,730,1064,824,0,walking,not-looking,11156,1018,730,1065,825,0,walking,not-looking,11157,1019,729,1067,825,0,walking,not-looking,11158,1020,729,1068,826,0,walking,not-looking,11159,1022,728,1070,826,0,walking,not-looking,11160,1023,728,1072,827,0,walking,not-looking,11161,1025,728,1073,828,0,walking,not-looking,11162,1026,728,1075,830,0,walking,not-looking,11163,1028,728,1077,831,0,walking,not-looking,11164,1030,728,1079,832,0,walking,not-looking,11165,1032,728,1080,834,0,walking,not-looking,11166,1035,727,1081,835,0,walking,not-looking,11167,1037,727,1082,837,0,walking,not-looking,11168,1040,727,1084,839,0,walking,not-looking,11169,1043,727,1085,840,0,walking,not-looking,11170,1045,726,1088,841,0,walking,not-looking,11171,1048,725,1090,842,0,walking,not-looking,11172,1050,724,1093,843,0,walking,not-looking,11173,1053,723,1096,844,0,walking,not-looking,11174,1056,723,1099,845,0,walking,not-looking,11175,1059,722,1104,847,0,walking,not-looking,11176,1063,722,1108,849,0,standing,not-looking,11177,1066,722,1113,850,0,standing,not-looking,11178,1070,722,1117,852,0,standing,not-looking,11179,1073,722,1122,854,0,standing,not-looking,11180,1075,720,1127,856,0,standing,not-looking,11181,1079,719,1132,858,0,standing,not-looking,11182,1082,718,1137,860,0,standing,not-looking,11183,1085,716,1142,862,0,standing,not-looking
3_8_538,8309,542,724,594,860,2,walking,not-looking,8310,540,724,592,860,2,walking,not-looking,8311,538,723,591,861,2,walking,not-looking,8312,536,723,590,862,2,walking,not-looking,8313,534,723,588,862,2,walking,not-looking,8314,532,723,587,863,2,walking,not-looking,8315,530,723,585,864,2,walking,not-looking,8316,528,723,584,865,2,walking,not-looking,8317,527,722,582,865,2,walking,not-looking,8318,525,722,581,866,2,walking,not-looking,8319,523,722,579,867,2,walking,not-looking,8320,521,722,578,868,2,walking,not-looking,8321,519,722,576,868,2,walking,not-looking,8322,517,722,575,869,2,walking,not-looking,8323,515,721,573,870,2,walking,not-looking,8324,513,721,572,871,2,walking,not-looking,8325,511,721,570,871,2,walking,not-looking,8326,510,721,569,872,2,walking,not-looking,8327,508,721,567,873,2,walking,not-looking,8328,506,721,566,874,2,walking,not-looking,8329,504,720,565,874,2,walking,not-looking,8330,502,720,563,875,2,walking,not-looking,8331,500,720,562,876,2,walking,not-looking,8332,498,720,560,877,2,walking,not-looking,8333,496,720,559,877,2,walking,not-looking,8334,494,720,557,878,2,walking,not-looking,8335,493,719,556,879,2,walking,not-looking,8336,491,719,554,880,2,walking,not-looking,8337,489,719,552,880,2,walking,looking,8338,485,719,545,875,2,walking,looking,8339,481,718,542,875,1,walking,looking,8340,481,718,542,875,1,walking,looking
3_8_562,17052,1152,718,1173,818,1,standing,not-looking,17053,1153,719,1174,821,1,standing,not-looking,17054,1155,719,1176,823,1,standing,not-looking,17055,1158,719,1179,826,1,standing,not-looking,17056,1160,720,1181,828,1,standing,not-looking,17057,1162,720,1183,830,1,standing,not-looking,17058,1164,720,1185,833,1,standing,looking,17059,1167,719,1189,833,1,standing,looking,17060,1170,717,1192,832,0,standing,looking,17061,1172,715,1196,832,0,standing,looking,17062,1175,714,1199,832,0,standing,looking,17063,1178,712,1203,832,0,standing,looking,17064,1181,709,1207,831,0,standing,looking,17065,1184,707,1210,831,0,standing,looking,17066,1187,704,1214,831,0,standing,looking,17067,1190,702,1218,830,0,standing,looking,17068,1193,699,1222,830,0,standing,looking,17069,1197,699,1227,832,0,standing,looking,17070,1201,698,1232,833,0,standing,looking,17071,1205,697,1237,834,0,standing,looking,17072,1210,696,1243,836,0,standing,looking,17073,1214,695,1248,837,0,standing,looking,17074,1219,694,1254,839,0,standing,looking,17075,1225,693,1261,841,0,standing,looking,17076,1230,692,1267,844,0,standing,looking,17077,1235,691,1274,846,0,standing,looking,17078,1241,689,1280,848,0,standing,looking,17079,1246,688,1287,850,0,standing,looking,17080,1251,687,1294,853,0,standing,looking,17081,1257,686,1300,855,0,standing,looking,17082,1262,685,1307,857,0,standing,looking,17083,1268,684,1313,859,0,standing,looking
3_8_542,10156,638,738,661,824,0,standing,not-looking,10157,636,737,659,825,0,standing,not-looking,10158,633,737,656,825,0,standing,not-looking,10159,631,736,654,825,0,standing,not-looking,10160,629,735,652,825,0,standing,not-looking,10161,626,735,649,825,0,standing,looking,10162,623,734,647,825,0,standing,looking,10163,620,733,644,825,0,standing,looking,10164,617,732,641,825,0,standing,looking,10165,614,732,638,825,0,standing,looking,10166,611,732,635,826,0,standing,looking,10167,607,732,632,827,0,standing,looking,10168,604,732,629,829,0,standing,looking,10169,601,732,626,830,0,standing,looking,10170,598,732,623,831,0,standing,looking,10171,592,733,618,834,0,standing,looking,10172,587,734,613,837,0,standing,looking,10173,582,736,608,840,0,standing,looking,10174,576,737,603,842,0,standing,looking,10175,571,739,598,845,0,standing,looking,10176,565,739,593,847,0,standing,looking,10177,559,739,587,848,0,standing,looking,10178,552,738,582,850,0,standing,looking,10179,546,738,577,852,0,standing,looking,10180,540,738,571,853,0,standing,looking,10181,533,737,568,853,0,standing,looking,10182,527,735,566,853,0,standing,looking,10183,520,733,557,853,0,standing,looking,10184,514,730,549,853,0,standing,looking,10185,507,728,541,854,0,standing,looking,10186,499,724,538,850,0,standing,looking,10187,491,720,534,847,0,standing,looking
3_9_581,858,1252,745,1281,855,0,standing,looking,859,1255,746,1285,857,0,standing,looking,860,1260,746,1290,859,0,standing,looking,861,1265,745,1295,861,0,standing,looking,862,1269,745,1300,863,0,standing,looking,863,1274,745,1305,865,0,standing,looking,864,1278,744,1310,866,0,standing,looking,865,1284,744,1316,868,0,standing,looking,866,1289,744,1322,869,0,standing,looking,867,1295,744,1328,870,0,standing,looking,868,1300,744,1334,871,0,standing,looking,869,1305,744,1340,872,0,standing,looking,870,1311,742,1347,873,0,standing,looking,871,1317,740,1354,873,0,standing,looking,872,1323,738,1361,874,0,standing,looking,873,1329,737,1368,874,0,standing,looking,874,1335,735,1375,874,0,standing,looking,875,1342,732,1383,874,0,standing,looking,876,1349,729,1390,872,0,standing,looking,877,1356,726,1398,872,0,standing,looking,878,1364,724,1405,870,0,standing,looking,879,1371,721,1413,870,0,standing,looking,880,1380,718,1423,870,0,standing,looking,881,1390,716,1432,871,0,standing,looking,882,1399,713,1442,871,0,standing,looking,883,1409,710,1452,872,0,standing,looking,884,1418,708,1461,872,0,standing,looking,885,1427,706,1472,874,0,standing,looking,886,1435,704,1482,876,0,standing,looking,887,1444,702,1493,878,0,standing,looking,888,1453,700,1503,880,0,standing,looking,889,1461,698,1514,882,0,standing,looking
3_9_565,747,1345,719,1378,833,2,standing,not-looking,748,1349,718,1382,834,2,standing,not-looking,749,1353,718,1387,835,2,standing,not-looking,750,1357,717,1391,836,2,standing,not-looking,751,1362,716,1397,838,2,standing,not-looking,752,1367,715,1403,838,2,standing,not-looking,753,1373,714,1409,839,1,standing,not-looking,754,1378,713,1414,846,1,standing,not-looking,755,1384,712,1421,846,1,standing,not-looking,756,1390,711,1428,847,1,standing,not-looking,757,1396,709,1435,847,1,standing,not-looking,758,1402,708,1442,848,1,standing,not-looking,759,1408,707,1448,848,0,standing,not-looking,760,1414,706,1454,848,0,standing,not-looking,761,1419,705,1460,847,0,standing,not-looking,762,1425,705,1466,846,0,standing,not-looking,763,1430,704,1472,846,0,standing,not-looking,764,1437,702,1479,848,0,standing,not-looking,765,1444,701,1487,849,0,standing,not-looking,766,1451,699,1495,851,0,standing,not-looking,767,1458,698,1503,853,0,standing,not-looking,768,1465,696,1511,854,0,standing,not-looking,769,1474,695,1521,855,0,standing,not-looking,770,1484,693,1531,856,0,standing,not-looking,771,1493,692,1541,856,0,standing,not-looking,772,1503,691,1551,857,0,standing,not-looking,773,1513,689,1562,858,0,standing,not-looking,774,1523,690,1572,859,0,standing,not-looking,775,1534,691,1583,861,0,standing,not-looking,776,1543,694,1592,865,1,standing,not-looking,777,1552,687,1601,861,1,standing,not-looking,778,1563,687,1612,862,1,standing,not-looking
3_9_584,1580,1270,731,1300,819,0,walking,not-looking,1581,1272,730,1301,819,0,walking,not-looking,1582,1273,729,1302,820,0,walking,not-looking,1583,1274,727,1303,821,0,walking,not-looking,1584,1276,726,1304,821,0,walking,not-looking,1585,1275,726,1305,822,0,walking,not-looking,1586,1275,726,1307,822,0,walking,not-looking,1587,1275,724,1310,822,0,walking,not-looking,1588,1275,722,1313,822,0,walking,not-looking,1589,1277,722,1316,822,0,walking,not-looking,1590,1279,721,1318,822,0,walking,not-looking,1591,1281,721,1321,822,0,walking,not-looking,1592,1283,720,1323,822,0,walking,not-looking,1593,1285,719,1326,821,0,walking,not-looking,1594,1286,719,1326,822,0,walking,not-looking,1595,1287,718,1326,823,0,walking,not-looking,1596,1288,718,1326,824,0,walking,not-looking,1597,1289,717,1326,825,0,walking,not-looking,1598,1290,717,1326,826,0,walking,not-looking,1599,1292,715,1329,825,0,walking,not-looking,1600,1294,714,1331,825,0,walking,not-looking,1601,1296,712,1334,824,0,walking,not-looking,1602,1298,710,1336,824,0,walking,not-looking,1603,1300,709,1339,824,0,walking,not-looking,1604,1302,707,1343,823,0,walking,not-looking,1605,1304,706,1347,823,0,walking,not-looking,1606,1306,704,1351,822,0,walking,not-looking,1607,1309,703,1354,822,0,walking,not-looking,1608,1311,701,1358,821,0,walking,not-looking,1609,1315,700,1360,822,0,walking,not-looking,1610,1320,700,1362,823,0,walking,not-looking,1611,1324,699,1364,823,0,walking,not-looking
3_9_570,746,427,727,455,820,0,standing,not-looking,747,419,726,448,820,0,standing,not-looking,748,412,725,441,820,0,standing,not-looking,749,405,724,434,820,0,standing,not-looking,750,398,723,427,820,0,standing,not-looking,751,390,722,420,820,0,standing,not-looking,752,383,721,413,820,0,standing,not-looking,753,376,720,406,820,0,standing,not-looking,754,368,719,399,820,0,standing,not-looking,755,361,718,392,820,0,standing,not-looking,756,354,716,385,820,0,standing,not-looking,757,346,715,378,820,0,standing,not-looking,758,339,714,371,820,0,standing,not-looking,759,331,713,363,820,0,standing,not-looking,760,323,712,355,820,0,standing,not-looking,761,315,711,347,820,0,standing,not-looking,762,306,711,338,819,1,standing,not-looking,763,296,711,328,819,1,standing,not-looking,764,296,711,328,819,2,standing,not-looking,765,286,709,318,819,2,standing,not-looking,766,275,707,308,819,2,standing,not-looking,767,264,705,297,819,2,standing,not-looking,768,253,703,287,819,2,standing,not-looking,769,243,701,277,820,2,standing,not-looking,770,232,699,266,820,2,standing,not-looking,771,221,697,256,820,2,standing,not-looking,772,210,695,246,820,2,standing,not-looking,773,200,693,236,820,1,standing,not-looking,774,189,692,225,820,0,standing,not-looking,775,178,690,214,820,0,standing,not-looking,776,166,688,202,820,0,standing,not-looking,777,155,686,191,820,0,standing,not-looking
3_9_589,3284,330,701,358,824,0,standing,not-looking,3285,327,701,355,824,0,standing,not-looking,3286,325,701,352,824,0,standing,not-looking,3287,322,700,348,825,0,standing,not-looking,3288,319,700,345,825,0,standing,not-looking,3289,316,700,342,825,0,standing,not-looking,3290,313,699,338,825,0,standing,not-looking,3291,310,699,335,825,0,standing,not-looking,3292,307,699,333,826,0,standing,not-looking,3293,304,698,330,826,0,standing,not-looking,3294,301,697,327,827,0,standing,not-looking,3295,298,697,325,827,0,standing,not-looking,3296,295,696,322,828,0,standing,not-looking,3297,290,695,318,828,0,standing,not-looking,3298,286,695,314,827,0,standing,not-looking,3299,282,695,310,827,0,standing,not-looking,3300,278,694,306,826,0,standing,not-looking,3301,274,694,302,826,0,standing,not-looking,3302,269,693,297,826,0,standing,not-looking,3303,265,692,293,826,0,standing,not-looking,3304,260,691,289,826,0,standing,not-looking,3305,256,690,284,827,0,standing,not-looking,3306,252,689,280,827,0,standing,not-looking,3307,247,688,275,826,0,standing,not-looking,3308,241,687,270,825,0,standing,not-looking,3309,236,685,265,825,0,standing,not-looking,3310,231,684,260,824,0,standing,not-looking,3311,226,682,255,823,0,standing,not-looking,3312,221,681,250,823,0,standing,not-looking,3313,216,679,245,823,0,standing,not-looking,3314,210,678,240,823,0,standing,not-looking,3315,205,676,236,823,0,standing,not-looking
3_9_590,3294,274,710,296,810,0,walking,not-looking,3295,271,711,293,811,0,walking,not-looking,3296,268,711,290,811,0,walking,not-looking,3297,265,711,287,811,1,walking,not-looking,3298,262,711,284,811,1,walking,not-looking,3299,258,712,282,811,1,walking,not-looking,3300,255,712,281,812,1,walking,not-looking,3301,252,712,279,812,1,walking,not-looking,3302,248,712,276,811,1,walking,not-looking,3303,244,712,273,812,1,walking,not-looking,3304,240,712,271,812,2,walking,not-looking,3305,236,710,268,812,2,walking,not-looking,3306,233,709,264,811,2,walking,not-looking,3307,230,708,261,811,2,walking,not-looking,3308,227,707,258,810,2,walking,not-looking,3309,224,706,255,810,2,walking,not-looking,3310,221,704,252,810,2,walking,not-looking,3311,218,703,249,809,2,walking,not-looking,3312,215,702,246,809,2,walking,not-looking,3313,212,701,243,809,2,walking,not-looking,3314,209,699,240,808,2,walking,not-looking,3315,206,698,237,808,2,walking,not-looking,3316,206,697,233,806,2,walking,not-looking,3317,206,696,229,804,1,walking,not-looking,3318,200,695,226,806,1,walking,not-looking,3319,194,694,222,807,0,walking,not-looking,3320,188,696,219,808,0,walking,not-looking,3321,188,695,213,807,0,walking,not-looking,3322,183,695,209,807,0,walking,not-looking,3323,179,696,204,807,0,walking,not-looking,3324,174,696,200,807,0,walking,not-looking,3325,169,696,196,807,0,walking,not-looking
3_9_579,857,1349,733,1380,844,0,standing,looking,858,1354,733,1386,845,0,standing,looking,859,1359,733,1392,847,0,standing,looking,860,1365,732,1398,848,0,standing,looking,861,1370,732,1404,849,0,standing,looking,862,1375,732,1410,850,0,standing,looking,863,1381,731,1416,851,0,standing,looking,864,1386,731,1422,852,0,standing,looking,865,1391,730,1428,854,0,standing,looking,866,1399,729,1436,853,0,standing,looking,867,1406,727,1444,853,0,standing,looking,868,1414,725,1452,853,0,standing,looking,869,1421,723,1461,853,0,standing,looking,870,1429,721,1469,853,0,standing,looking,871,1436,719,1477,853,0,standing,looking,872,1444,717,1485,852,0,standing,looking,873,1451,715,1494,852,0,standing,looking,874,1459,713,1502,852,0,standing,looking,875,1466,711,1510,852,0,standing,looking,876,1474,709,1518,852,0,standing,looking,877,1481,707,1527,852,0,standing,looking,878,1489,705,1535,852,0,standing,looking,879,1496,703,1543,851,0,standing,looking,880,1504,701,1552,851,0,standing,looking,881,1515,698,1563,852,0,standing,looking,882,1526,695,1574,852,0,standing,looking,883,1537,692,1586,853,0,standing,looking,884,1548,690,1597,853,0,standing,looking,885,1559,687,1609,854,0,standing,looking,886,1569,684,1620,854,0,standing,looking,887,1580,681,1632,855,0,standing,looking,888,1591,678,1643,855,0,standing,looking
3_9_592,3021,1125,731,1158,812,0,walking,not-looking,3022,1126,730,1159,813,0,walking,not-looking,3023,1127,729,1160,814,0,walking,not-looking,3024,1128,729,1161,815,0,walking,not-looking,3025,1128,728,1162,816,0,walking,not-looking,3026,1129,727,1164,816,0,walking,not-looking,3027,1130,727,1165,817,0,walking,not-looking,3028,1131,726,1166,818,0,walking,not-looking,3029,1132,726,1167,819,0,walking,not-looking,3030,1133,725,1168,820,0,walking,not-looking,3031,1134,724,1169,821,0,walking,not-looking,3032,1135,724,1170,822,0,walking,not-looking,3033,1136,723,1171,822,0,walking,not-looking,3034,1136,722,1172,823,0,walking,not-looking,3035,1137,722,1173,824,0,walking,not-looking,3036,1138,721,1174,825,0,walking,not-looking,3037,1139,720,1175,826,0,walking,not-looking,3038,1140,720,1176,827,0,walking,not-looking,3039,1141,719,1177,828,0,walking,not-looking,3040,1144,718,1180,828,0,walking,not-looking,3041,1144,717,1180,829,0,walking,not-looking,3042,1145,717,1180,830,0,walking,not-looking,3043,1145,716,1180,831,0,walking,not-looking,3044,1146,715,1180,833,0,walking,not-looking,3045,1147,714,1182,834,0,walking,not-looking,3046,1147,714,1183,835,0,walking,not-looking,3047,1148,713,1185,836,0,walking,not-looking,3048,1148,712,1187,837,0,walking,not-looking,3049,1149,712,1188,839,0,walking,not-looking,3050,1151,712,1191,841,0,walking,not-looking,3051,1153,712,1193,842,0,walking,not-looking,3052,1155,712,1195,844,0,walking,not-looking
3_9_628,15809,1362,748,1407,865,0,walking,not-looking,15810,1364,746,1409,864,0,walking,not-looking,15811,1366,744,1410,863,0,walking,not-looking,15812,1367,741,1411,863,0,walking,not-looking,15813,1369,739,1413,862,0,walking,not-looking,15814,1371,737,1414,861,0,walking,not-looking,15815,1371,735,1415,860,0,walking,not-looking,15816,1370,733,1416,860,0,walking,not-looking,15817,1370,732,1417,859,0,walking,not-looking,15818,1370,730,1418,858,0,walking,not-looking,15819,1370,729,1419,857,0,walking,not-looking,15820,1373,726,1422,857,0,walking,not-looking,15821,1376,724,1425,857,0,walking,not-looking,15822,1378,721,1427,857,0,walking,not-looking,15823,1381,719,1430,857,0,walking,not-looking,15824,1384,716,1433,858,0,walking,not-looking,15825,1386,716,1437,859,0,walking,not-looking,15826,1389,715,1440,860,0,walking,not-looking,15827,1391,715,1444,862,0,walking,not-looking,15828,1393,714,1448,864,0,walking,not-looking,15829,1395,713,1452,865,0,walking,not-looking,15830,1395,712,1456,865,0,walking,not-looking,15831,1395,711,1461,865,0,walking,not-looking,15832,1395,709,1466,865,0,walking,not-looking,15833,1395,708,1471,865,0,walking,not-looking,15834,1395,707,1475,865,0,walking,not-looking,15835,1402,704,1482,867,0,walking,not-looking,15836,1408,702,1488,868,0,walking,not-looking,15837,1414,700,1495,870,0,walking,not-looking,15838,1421,698,1501,872,0,walking,not-looking,15839,1427,695,1508,873,0,walking,not-looking,15840,1438,694,1515,876,0,walking,not-looking
3_9_576,834,1341,741,1366,825,1,standing,looking,835,1344,741,1371,825,1,standing,looking,836,1348,740,1375,826,1,standing,looking,837,1351,739,1379,826,1,standing,looking,838,1355,738,1384,827,1,standing,looking,839,1359,737,1388,827,0,standing,looking,840,1363,737,1393,828,0,standing,looking,841,1367,737,1397,829,0,standing,looking,842,1371,737,1402,830,0,standing,looking,843,1375,736,1407,831,0,standing,looking,844,1380,736,1412,832,0,standing,looking,845,1384,736,1416,833,0,standing,looking,846,1388,736,1421,834,0,standing,looking,847,1392,736,1426,835,0,standing,looking,848,1397,736,1431,836,0,standing,looking,849,1402,736,1436,838,0,standing,looking,850,1408,736,1442,838,0,standing,looking,851,1414,736,1449,839,0,standing,looking,852,1420,735,1455,839,0,standing,looking,853,1426,735,1461,839,0,standing,looking,854,1432,734,1467,840,0,standing,looking,855,1438,734,1474,840,0,standing,looking,856,1444,734,1480,841,0,standing,looking,857,1450,733,1486,841,0,standing,looking,858,1457,733,1492,842,0,standing,looking,859,1463,732,1499,842,0,standing,looking,860,1471,732,1507,843,0,standing,looking,861,1479,732,1515,843,0,standing,looking,862,1487,732,1523,844,0,standing,looking,863,1495,731,1532,844,0,standing,looking,864,1504,731,1541,846,0,standing,looking,865,1513,730,1551,847,0,standing,looking
3_9_619,13508,1192,692,1257,825,0,walking,not-looking,13509,1195,690,1258,824,0,walking,not-looking,13510,1199,688,1259,824,0,walking,not-looking,13511,1202,686,1260,823,0,walking,not-looking,13512,1206,684,1261,823,0,walking,not-looking,13513,1210,681,1262,822,0,walking,not-looking,13514,1211,680,1261,822,0,walking,not-looking,13515,1212,679,1260,822,0,walking,not-looking,13516,1213,678,1259,822,0,walking,not-looking,13517,1214,677,1258,822,0,walking,not-looking,13518,1215,676,1258,823,0,walking,not-looking,13519,1220,676,1261,825,0,walking,not-looking,13520,1225,676,1264,827,0,walking,not-looking,13521,1228,679,1267,830,0,walking,not-looking,13522,1233,681,1272,833,0,walking,not-looking,13523,1237,685,1276,836,0,walking,looking,13524,1235,684,1279,840,1,walking,looking,13525,1236,684,1284,841,1,walking,looking,13526,1238,684,1289,841,1,walking,looking,13527,1239,684,1294,842,1,walking,looking,13528,1240,684,1299,843,1,walking,looking,13529,1242,683,1304,844,1,walking,looking,13530,1244,684,1304,846,1,walking,looking,13531,1247,684,1304,848,1,walking,looking,13532,1249,684,1304,850,1,walking,looking,13533,1252,685,1305,852,1,walking,looking,13534,1255,685,1305,854,1,walking,looking,13535,1258,684,1310,858,1,walking,looking,13536,1262,683,1314,861,1,walking,looking,13537,1266,682,1319,864,1,walking,looking,13538,1270,682,1323,867,1,walking,looking,13539,1273,681,1328,870,1,walking,looking
3_9_599,3428,531,746,556,834,0,standing,looking,3429,526,747,551,836,0,standing,looking,3430,521,747,547,837,0,standing,looking,3431,516,748,543,838,0,standing,looking,3432,512,748,539,840,0,standing,looking,3433,507,749,535,841,0,standing,looking,3434,503,749,531,842,0,standing,looking,3435,498,749,527,843,0,standing,looking,3436,494,749,523,845,0,standing,looking,3437,488,749,519,846,0,standing,looking,3438,483,748,514,847,0,standing,looking,3439,478,747,510,846,0,standing,looking,3440,473,745,506,846,0,standing,looking,3441,469,743,502,845,0,standing,looking,3442,463,742,496,845,0,standing,looking,3443,458,740,491,845,0,standing,looking,3444,453,739,486,845,0,standing,looking,3445,448,738,481,845,0,standing,looking,3446,443,737,476,845,0,standing,looking,3447,436,736,471,846,0,standing,looking,3448,429,735,465,847,0,standing,looking,3449,423,734,460,848,0,standing,looking,3450,416,734,454,849,0,standing,looking,3451,410,733,449,850,0,standing,looking,3452,403,732,442,850,0,standing,looking,3453,396,731,435,851,0,standing,looking,3454,390,730,429,852,0,standing,looking,3455,383,730,422,853,0,standing,looking,3456,377,729,415,854,0,standing,looking,3457,368,727,407,854,0,standing,looking,3458,359,726,399,855,0,standing,looking,3459,351,725,392,855,0,standing,looking
3_9_568,760,1378,726,1422,838,0,standing,not-looking,761,1382,725,1427,839,0,standing,not-looking,762,1388,724,1433,840,0,standing,not-looking,763,1394,723,1440,841,0,standing,not-looking,764,1401,722,1446,842,0,standing,not-looking,765,1407,722,1452,844,0,standing,not-looking,766,1413,721,1459,845,0,standing,not-looking,767,1419,720,1465,846,0,standing,not-looking,768,1425,719,1472,847,0,standing,not-looking,769,1431,718,1478,848,0,standing,not-looking,770,1439,717,1487,850,0,standing,not-looking,771,1447,717,1496,852,0,standing,not-looking,772,1455,716,1506,853,0,standing,not-looking,773,1463,716,1515,855,1,standing,not-looking,774,1471,715,1524,857,1,standing,not-looking,775,1479,715,1533,858,1,standing,not-looking,776,1487,715,1542,860,1,standing,not-looking,777,1495,714,1551,862,0,standing,not-looking,778,1503,714,1560,863,0,standing,not-looking,779,1511,713,1569,865,0,standing,not-looking,780,1521,714,1580,868,0,standing,not-looking,781,1532,714,1592,870,0,standing,not-looking,782,1543,714,1603,873,0,standing,not-looking,783,1553,715,1614,876,0,standing,not-looking,784,1564,715,1626,878,0,standing,not-looking,785,1574,716,1637,881,0,standing,not-looking,786,1585,716,1648,884,0,standing,not-looking,787,1598,715,1662,886,0,standing,not-looking,788,1611,714,1676,888,0,standing,not-looking,789,1624,714,1690,890,0,standing,not-looking,790,1637,713,1704,892,0,standing,not-looking,791,1650,712,1717,893,0,standing,not-looking
3_9_610,10480,1325,735,1374,861,1,standing,not-looking,10481,1329,736,1378,863,1,standing,not-looking,10482,1332,737,1382,865,1,standing,not-looking,10483,1336,737,1386,867,1,standing,not-looking,10484,1340,738,1390,870,1,standing,not-looking,10485,1344,739,1394,872,1,standing,not-looking,10486,1349,740,1399,875,1,standing,not-looking,10487,1354,742,1404,878,1,standing,not-looking,10488,1359,744,1410,881,1,standing,not-looking,10489,1364,746,1415,884,1,standing,not-looking,10490,1370,745,1421,885,1,standing,not-looking,10491,1375,741,1427,883,1,standing,not-looking,10492,1380,738,1432,881,1,standing,not-looking,10493,1386,735,1438,879,1,standing,not-looking,10494,1391,731,1444,877,1,standing,not-looking,10495,1397,728,1449,875,1,standing,not-looking,10496,1402,726,1455,875,1,standing,not-looking,10497,1408,725,1461,875,1,standing,not-looking,10498,1415,724,1468,874,1,standing,not-looking,10499,1423,723,1476,873,0,standing,not-looking,10500,1429,722,1483,875,0,standing,not-looking,10501,1435,721,1491,877,0,standing,not-looking,10502,1441,721,1498,879,0,standing,not-looking,10503,1447,720,1506,880,0,standing,not-looking,10504,1453,719,1514,882,0,standing,not-looking,10505,1459,718,1521,884,0,standing,not-looking,10506,1465,717,1529,885,0,standing,not-looking,10507,1471,716,1536,886,0,standing,not-looking,10508,1477,716,1544,888,0,standing,not-looking,10509,1483,715,1551,889,0,standing,not-looking,10510,1489,714,1559,890,0,standing,not-looking,10511,1496,713,1566,891,0,standing,not-looking
3_9_602,4281,1253,722,1305,835,0,walking,looking,4282,1259,721,1311,836,0,walking,looking,4283,1265,720,1318,838,0,walking,looking,4284,1271,719,1324,839,0,walking,looking,4285,1277,718,1331,840,0,walking,looking,4286,1284,717,1338,842,0,walking,looking,4287,1290,716,1344,843,0,walking,looking,4288,1297,714,1351,845,0,walking,looking,4289,1304,713,1358,846,0,walking,looking,4290,1311,712,1365,848,0,walking,looking,4291,1318,710,1372,850,0,walking,looking,4292,1326,709,1379,851,0,walking,not-looking,4293,1334,708,1388,853,0,walking,not-looking,4294,1343,707,1397,855,0,walking,not-looking,4295,1352,706,1406,856,0,walking,not-looking,4296,1361,705,1415,858,0,walking,not-looking,4297,1370,704,1424,860,0,walking,not-looking,4298,1379,701,1435,861,0,walking,not-looking,4299,1388,698,1445,863,0,walking,not-looking,4300,1397,696,1456,864,0,standing,not-looking,4301,1406,693,1467,866,0,standing,not-looking,4302,1415,691,1477,868,0,standing,not-looking,4303,1424,688,1488,870,0,standing,not-looking,4304,1435,687,1500,872,0,standing,not-looking,4305,1447,685,1512,874,0,standing,not-looking,4306,1458,683,1525,876,0,standing,not-looking,4307,1470,681,1537,878,0,standing,not-looking,4308,1483,677,1553,879,0,standing,not-looking,4309,1497,673,1569,879,0,standing,not-looking,4310,1510,669,1584,880,0,standing,not-looking,4311,1524,665,1600,881,0,standing,not-looking,4312,1537,661,1616,882,0,standing,not-looking
3_9_601,3773,736,707,791,860,0,walking,not-looking,3774,732,706,791,861,0,walking,not-looking,3775,729,704,791,863,0,walking,not-looking,3776,725,703,791,865,0,walking,not-looking,3777,721,702,792,867,0,walking,not-looking,3778,717,701,792,869,0,walking,not-looking,3779,713,700,790,871,0,walking,not-looking,3780,709,699,788,872,0,walking,not-looking,3781,705,697,785,874,0,walking,not-looking,3782,701,696,783,876,0,walking,not-looking,3783,697,695,781,878,0,walking,not-looking,3784,694,694,776,879,0,walking,not-looking,3785,690,693,770,881,0,walking,not-looking,3786,686,692,765,882,0,walking,not-looking,3787,682,690,760,883,0,walking,not-looking,3788,678,689,754,884,0,walking,not-looking,3789,670,688,748,887,0,walking,not-looking,3790,663,687,742,890,0,walking,not-looking,3791,655,686,736,892,0,walking,not-looking,3792,647,686,730,895,0,walking,not-looking,3793,640,685,723,898,0,walking,not-looking,3794,631,683,716,899,0,walking,not-looking,3795,622,681,709,901,0,walking,not-looking,3796,614,680,702,902,0,walking,not-looking,3797,605,678,695,904,0,walking,not-looking,3798,596,677,688,905,0,walking,not-looking,3799,586,673,680,907,0,walking,not-looking,3800,576,669,672,910,0,walking,not-looking,3801,566,666,664,912,0,walking,not-looking,3802,556,662,657,914,0,walking,not-looking,3803,546,658,649,916,0,walking,not-looking,3804,533,655,641,922,0,walking,not-looking
3_9_606,10510,1267,721,1311,867,0,standing,not-looking,10511,1269,720,1315,868,0,standing,not-looking,10512,1271,719,1319,869,0,standing,not-looking,10513,1274,718,1322,870,0,standing,not-looking,10514,1277,717,1326,871,0,standing,not-looking,10515,1280,717,1329,872,0,standing,not-looking,10516,1283,716,1332,873,0,standing,not-looking,10517,1286,715,1336,874,0,standing,not-looking,10518,1289,714,1340,874,0,standing,not-looking,10519,1292,713,1344,875,0,standing,not-looking,10520,1296,712,1347,875,0,standing,not-looking,10521,1299,711,1351,876,0,standing,not-looking,10522,1302,710,1355,876,0,standing,not-looking,10523,1305,709,1360,877,0,standing,not-looking,10524,1309,707,1364,877,0,standing,not-looking,10525,1312,706,1369,878,0,standing,not-looking,10526,1315,705,1374,878,0,standing,not-looking,10527,1318,703,1378,879,0,standing,not-looking,10528,1323,702,1384,881,0,standing,not-looking,10529,1328,702,1390,883,0,standing,not-looking,10530,1332,701,1395,885,0,standing,not-looking,10531,1337,701,1401,887,0,standing,not-looking,10532,1341,700,1407,889,0,standing,not-looking,10533,1345,699,1413,891,0,standing,not-looking,10534,1349,698,1419,892,0,standing,looking,10535,1352,698,1424,894,0,standing,looking,10536,1356,697,1430,896,0,standing,looking,10537,1359,696,1436,898,0,standing,looking,10538,1366,694,1444,900,0,standing,looking,10539,1373,693,1451,902,0,standing,looking,10540,1380,691,1459,904,0,standing,looking,10541,1387,689,1466,907,0,standing,looking
3_9_564,716,1309,734,1329,802,0,standing,not-looking,717,1312,734,1332,803,0,standing,not-looking,718,1314,734,1335,803,0,standing,not-looking,719,1317,733,1338,803,0,standing,not-looking,720,1320,733,1341,804,0,standing,not-looking,721,1322,733,1345,804,0,standing,not-looking,722,1325,732,1348,804,0,standing,not-looking,723,1329,732,1351,804,0,standing,not-looking,724,1332,732,1354,805,0,standing,not-looking,725,1335,732,1358,805,0,standing,not-looking,726,1338,732,1361,805,0,standing,not-looking,727,1341,731,1364,806,0,standing,not-looking,728,1344,731,1368,806,0,standing,not-looking,729,1348,731,1371,806,0,standing,not-looking,730,1351,731,1375,806,0,standing,not-looking,731,1354,731,1378,807,0,standing,not-looking,732,1358,731,1382,808,0,standing,not-looking,733,1361,731,1385,809,0,standing,not-looking,734,1364,730,1389,809,0,standing,not-looking,735,1367,730,1392,810,0,standing,not-looking,736,1371,730,1396,811,0,standing,not-looking,737,1375,730,1400,811,0,standing,not-looking,738,1379,729,1404,810,0,standing,not-looking,739,1383,729,1408,810,0,standing,not-looking,740,1387,728,1413,811,0,standing,not-looking,741,1391,727,1417,811,0,standing,not-looking,742,1395,727,1421,811,0,standing,not-looking,743,1399,726,1425,811,0,standing,not-looking,744,1403,725,1430,811,0,standing,not-looking,745,1408,725,1434,812,0,standing,not-looking,746,1412,724,1438,812,0,standing,not-looking,747,1416,723,1442,812,0,standing,not-looking
3_9_624,15314,1537,705,1593,894,0,standing,not-looking,15315,1539,704,1596,894,0,standing,not-looking,15316,1543,703,1600,895,0,standing,not-looking,15317,1547,702,1604,896,0,standing,not-looking,15318,1550,701,1608,896,0,standing,not-looking,15319,1554,700,1612,897,0,standing,not-looking,15320,1558,699,1616,898,0,standing,not-looking,15321,1561,698,1620,899,0,standing,not-looking,15322,1565,697,1623,899,0,standing,not-looking,15323,1569,696,1627,900,0,standing,not-looking,15324,1572,695,1631,901,0,standing,not-looking,15325,1576,694,1635,901,0,standing,not-looking,15326,1581,692,1642,902,0,standing,not-looking,15327,1586,691,1648,903,0,standing,not-looking,15328,1591,690,1654,904,0,standing,not-looking,15329,1596,688,1661,904,0,standing,not-looking,15330,1601,687,1667,905,0,standing,not-looking,15331,1606,685,1673,906,0,standing,not-looking,15332,1611,684,1680,906,0,standing,not-looking,15333,1616,683,1686,907,0,standing,not-looking,15334,1621,681,1692,908,0,standing,not-looking,15335,1626,680,1699,908,0,standing,not-looking,15336,1632,678,1704,909,0,standing,not-looking,15337,1639,676,1709,910,0,standing,not-looking,15338,1645,675,1715,911,0,standing,not-looking,15339,1651,673,1720,912,0,standing,not-looking,15340,1658,671,1725,913,0,standing,not-looking,15341,1664,669,1731,914,0,standing,not-looking,15342,1671,668,1736,915,0,standing,not-looking,15343,1677,666,1741,916,0,standing,not-looking,15344,1684,664,1746,917,0,standing,not-looking,15345,1690,663,1752,918,0,standing,not-looking
3_9_605,10520,1218,728,1268,872,0,walking,not-looking,10521,1220,727,1270,872,0,walking,not-looking,10522,1222,726,1273,873,0,walking,not-looking,10523,1226,725,1277,873,0,walking,not-looking,10524,1229,724,1280,874,0,walking,not-looking,10525,1232,723,1284,875,0,walking,not-looking,10526,1235,722,1287,875,0,walking,not-looking,10527,1238,721,1291,876,0,walking,not-looking,10528,1242,721,1294,878,0,walking,not-looking,10529,1245,720,1298,880,0,walking,not-looking,10530,1248,720,1302,881,0,walking,not-looking,10531,1252,720,1305,883,0,walking,not-looking,10532,1255,720,1309,885,0,walking,not-looking,10533,1259,719,1314,885,0,walking,not-looking,10534,1264,718,1318,886,0,walking,not-looking,10535,1268,717,1323,886,0,walking,not-looking,10536,1272,716,1327,887,0,walking,not-looking,10537,1276,715,1332,887,0,walking,not-looking,10538,1281,714,1337,889,0,walking,not-looking,10539,1285,713,1343,890,0,walking,not-looking,10540,1290,712,1348,892,0,walking,not-looking,10541,1294,711,1354,894,0,walking,not-looking,10542,1299,710,1360,895,0,walking,not-looking,10543,1303,709,1365,897,0,walking,not-looking,10544,1308,708,1371,899,0,walking,not-looking,10545,1313,707,1377,900,0,walking,not-looking,10546,1317,706,1382,902,0,walking,not-looking,10547,1322,705,1388,903,0,walking,not-looking,10548,1327,703,1394,904,0,walking,not-looking,10549,1331,702,1399,906,0,walking,not-looking,10550,1336,700,1405,907,0,walking,not-looking,10551,1341,699,1411,908,0,walking,not-looking
3_9_629,711,1221,729,1251,818,0,walking,not-looking,712,1224,728,1253,818,0,walking,not-looking,713,1226,728,1256,819,0,walking,not-looking,714,1228,727,1258,819,0,walking,not-looking,715,1230,727,1260,819,0,walking,not-looking,716,1232,726,1262,820,0,standing,not-looking,717,1234,726,1265,820,0,standing,not-looking,718,1236,725,1267,820,0,standing,not-looking,719,1238,725,1269,821,0,standing,looking,720,1240,724,1272,821,0,standing,looking,721,1242,724,1274,822,0,standing,looking,722,1244,724,1276,822,0,standing,looking,723,1248,723,1279,823,0,standing,looking,724,1251,722,1283,824,0,standing,looking,725,1255,722,1286,825,0,standing,looking,726,1258,721,1289,826,0,standing,looking,727,1261,721,1293,827,0,standing,looking,728,1265,720,1296,828,0,standing,looking,729,1268,720,1299,829,0,standing,looking,730,1272,719,1303,830,0,standing,looking,731,1276,719,1307,831,0,standing,looking,732,1280,718,1311,832,0,standing,looking,733,1285,717,1316,833,0,standing,looking,734,1289,717,1320,833,0,standing,looking,735,1294,716,1325,834,0,standing,looking,736,1298,715,1330,835,0,standing,looking,737,1303,714,1334,835,0,standing,looking,738,1307,714,1339,836,0,standing,looking,739,1311,713,1344,837,0,standing,looking,740,1316,712,1348,837,0,standing,looking,741,1320,711,1353,838,0,standing,looking,742,1325,710,1358,838,0,standing,looking
3_9_627,15809,363,724,412,853,0,walking,not-looking,15810,359,722,405,852,0,walking,not-looking,15811,354,719,399,851,0,walking,not-looking,15812,350,717,392,850,0,walking,not-looking,15813,346,715,386,849,0,walking,not-looking,15814,341,711,379,848,0,walking,not-looking,15815,336,708,373,847,0,walking,not-looking,15816,331,705,367,847,0,walking,not-looking,15817,326,702,361,846,0,walking,not-looking,15818,321,698,354,845,0,walking,not-looking,15819,312,697,350,844,0,walking,not-looking,15820,303,695,345,844,0,walking,not-looking,15821,295,694,340,843,0,walking,not-looking,15822,286,692,335,843,0,walking,not-looking,15823,277,691,330,842,0,walking,not-looking,15824,269,690,322,843,0,walking,not-looking,15825,262,690,314,844,0,walking,not-looking,15826,254,689,306,845,0,walking,not-looking,15827,247,689,298,847,0,walking,not-looking,15828,239,689,290,848,0,walking,not-looking,15829,230,687,283,849,0,walking,not-looking,15830,221,686,276,850,0,walking,not-looking,15831,212,685,269,851,0,walking,not-looking,15832,203,684,262,852,0,walking,not-looking,15833,194,682,255,853,0,walking,not-looking,15834,183,681,246,854,0,walking,not-looking,15835,172,679,236,855,0,walking,not-looking,15836,162,677,227,856,0,walking,not-looking,15837,151,676,218,858,0,walking,not-looking,15838,140,674,208,859,0,walking,not-looking,15839,129,671,198,859,0,walking,not-looking,15840,119,668,187,859,0,walking,not-looking
3_9_607,10498,1316,729,1354,872,0,standing,not-looking,10499,1320,728,1359,873,0,standing,not-looking,10500,1325,727,1363,874,0,standing,not-looking,10501,1329,726,1368,874,0,standing,not-looking,10502,1334,725,1373,875,0,standing,not-looking,10503,1339,724,1377,876,0,standing,not-looking,10504,1343,723,1382,877,0,standing,not-looking,10505,1348,722,1387,878,0,standing,not-looking,10506,1352,721,1391,879,0,standing,not-looking,10507,1357,720,1396,880,0,standing,not-looking,10508,1361,719,1401,881,0,standing,not-looking,10509,1366,718,1406,881,0,standing,not-looking,10510,1371,717,1411,882,0,standing,not-looking,10511,1376,715,1416,882,0,standing,not-looking,10512,1381,714,1421,883,0,standing,not-looking,10513,1386,713,1426,883,0,standing,not-looking,10514,1391,712,1432,884,0,standing,not-looking,10515,1396,711,1437,884,0,standing,not-looking,10516,1401,709,1443,886,0,standing,not-looking,10517,1405,708,1450,888,0,standing,not-looking,10518,1410,707,1457,890,0,standing,not-looking,10519,1415,706,1462,891,0,standing,not-looking,10520,1420,704,1468,892,0,standing,not-looking,10521,1426,703,1474,893,0,standing,not-looking,10522,1431,702,1480,894,0,standing,not-looking,10523,1436,701,1486,895,0,standing,not-looking,10524,1443,699,1493,896,0,standing,not-looking,10525,1450,698,1501,897,0,standing,not-looking,10526,1457,697,1508,898,0,standing,not-looking,10527,1464,696,1515,899,0,standing,not-looking,10528,1471,694,1523,900,0,standing,not-looking,10529,1479,693,1531,902,0,standing,not-looking
3_9_582,865,1233,743,1275,854,0,standing,looking,866,1238,742,1280,856,0,standing,looking,867,1242,742,1286,858,0,standing,looking,868,1247,741,1291,861,0,standing,looking,869,1252,741,1297,863,0,standing,looking,870,1257,741,1303,865,0,standing,looking,871,1261,738,1308,865,0,standing,looking,872,1266,736,1314,866,0,standing,looking,873,1270,734,1319,866,0,standing,looking,874,1274,732,1324,866,0,standing,looking,875,1279,730,1330,866,0,standing,looking,876,1284,727,1335,865,0,standing,looking,877,1288,724,1340,863,0,standing,looking,878,1293,721,1345,861,0,standing,looking,879,1301,719,1353,861,0,standing,looking,880,1308,716,1361,862,0,standing,looking,881,1316,713,1368,862,0,standing,looking,882,1323,711,1376,862,0,standing,looking,883,1331,708,1384,862,0,standing,looking,884,1338,705,1391,862,0,standing,looking,885,1346,703,1399,863,0,standing,looking,886,1354,701,1408,864,0,standing,looking,887,1363,700,1416,866,0,standing,looking,888,1371,699,1425,867,0,standing,looking,889,1380,697,1434,869,0,standing,looking,890,1388,696,1442,870,0,standing,looking,891,1397,695,1453,873,0,standing,looking,892,1406,693,1463,875,0,standing,looking,893,1415,692,1473,877,0,standing,looking,894,1424,691,1483,879,0,standing,looking,895,1433,689,1493,881,0,standing,looking,896,1448,687,1508,883,0,standing,looking
3_9_595,3431,612,754,635,836,0,standing,not-looking,3432,609,755,632,838,0,standing,not-looking,3433,606,756,629,839,0,standing,not-looking,3434,603,757,626,841,0,standing,not-looking,3435,600,758,623,842,0,standing,not-looking,3436,597,759,620,844,0,standing,not-looking,3437,594,760,617,845,0,standing,not-looking,3438,590,758,614,845,0,standing,not-looking,3439,586,757,610,845,0,standing,not-looking,3440,582,756,607,845,0,standing,not-looking,3441,578,754,604,845,0,standing,not-looking,3442,575,753,600,845,0,standing,not-looking,3443,571,751,597,845,0,standing,not-looking,3444,567,750,594,845,0,standing,not-looking,3445,563,749,590,845,0,standing,not-looking,3446,559,747,587,845,0,standing,not-looking,3447,555,746,584,845,0,standing,not-looking,3448,551,746,580,846,0,standing,not-looking,3449,547,746,576,847,0,standing,not-looking,3450,543,746,572,848,0,standing,not-looking,3451,539,746,568,849,0,standing,not-looking,3452,535,746,564,850,0,standing,not-looking,3453,530,746,560,851,0,standing,not-looking,3454,525,745,555,852,0,standing,not-looking,3455,520,744,551,853,0,standing,not-looking,3456,515,744,546,854,0,standing,not-looking,3457,510,743,542,855,0,standing,not-looking,3458,504,742,536,856,0,standing,not-looking,3459,497,741,530,856,0,standing,not-looking,3460,491,740,525,856,0,standing,not-looking,3461,485,739,519,856,0,standing,not-looking,3462,479,738,513,856,0,standing,not-looking
3_9_577,842,1412,734,1443,826,1,walking,not-looking,843,1417,734,1448,826,1,walking,not-looking,844,1422,732,1454,828,1,walking,not-looking,845,1427,731,1459,830,1,walking,not-looking,846,1433,731,1465,832,2,walking,not-looking,847,1439,731,1471,833,2,walking,not-looking,848,1445,730,1477,834,2,walking,not-looking,849,1451,730,1483,835,2,walking,not-looking,850,1457,730,1489,836,2,walking,not-looking,851,1463,729,1495,838,2,walking,not-looking,852,1469,729,1501,839,2,walking,not-looking,853,1474,729,1507,840,2,walking,not-looking,854,1480,728,1513,841,2,walking,not-looking,855,1486,728,1519,843,2,walking,not-looking,856,1492,728,1525,844,2,walking,not-looking,857,1498,728,1531,845,1,walking,not-looking,858,1504,727,1537,846,1,walking,not-looking,859,1510,727,1544,848,1,walking,not-looking,860,1516,727,1550,849,1,walking,not-looking,861,1523,726,1557,850,1,walking,not-looking,862,1531,725,1565,851,1,walking,not-looking,863,1538,725,1573,851,1,walking,not-looking,864,1546,724,1581,852,1,standing,not-looking,865,1553,723,1588,853,1,standing,not-looking,866,1560,723,1596,854,1,standing,not-looking,867,1568,722,1604,855,1,standing,not-looking,868,1575,722,1612,855,1,standing,not-looking,869,1583,721,1620,856,1,standing,not-looking,870,1590,720,1622,855,1,standing,not-looking,871,1599,717,1632,854,0,standing,not-looking,872,1609,714,1642,854,0,standing,not-looking,873,1619,711,1652,854,0,standing,not-looking
3_9_566,758,1434,711,1465,826,2,standing,not-looking,759,1439,710,1470,826,2,standing,not-looking,760,1444,710,1476,827,2,standing,not-looking,761,1449,709,1482,828,2,standing,not-looking,762,1455,709,1487,829,2,standing,not-looking,763,1460,709,1493,830,2,standing,not-looking,764,1465,708,1499,830,2,standing,not-looking,765,1470,708,1504,831,2,standing,not-looking,766,1475,708,1510,832,2,standing,not-looking,767,1480,707,1516,833,2,standing,not-looking,768,1486,707,1521,834,2,standing,not-looking,769,1491,706,1527,834,2,standing,not-looking,770,1496,706,1533,835,2,standing,not-looking,771,1501,706,1538,836,2,standing,not-looking,772,1506,705,1544,837,2,standing,not-looking,773,1515,705,1553,838,2,standing,not-looking,774,1524,704,1561,840,2,standing,looking,775,1532,703,1570,842,2,standing,looking,776,1541,702,1578,843,2,standing,looking,777,1550,702,1587,845,2,standing,looking,778,1559,701,1597,847,1,standing,looking,779,1567,701,1606,849,1,standing,looking,780,1578,700,1617,851,1,standing,looking,781,1589,700,1628,852,1,standing,looking,782,1599,700,1639,853,1,standing,looking,783,1611,702,1651,856,0,standing,looking,784,1623,700,1664,858,0,standing,looking,785,1634,699,1676,861,0,standing,looking,786,1646,697,1689,863,0,standing,looking,787,1658,696,1702,866,0,standing,looking,788,1670,694,1714,868,0,standing,looking,789,1681,693,1727,871,0,standing,looking
3_9_580,857,1292,737,1336,849,0,standing,not-looking,858,1297,738,1342,851,0,standing,not-looking,859,1302,738,1347,853,0,standing,not-looking,860,1307,739,1353,855,0,standing,not-looking,861,1312,740,1358,856,0,standing,not-looking,862,1318,739,1365,858,0,standing,not-looking,863,1324,739,1372,860,0,standing,not-looking,864,1331,739,1379,861,0,standing,not-looking,865,1337,739,1386,863,0,standing,not-looking,866,1343,738,1393,865,0,standing,not-looking,867,1349,738,1400,866,0,standing,not-looking,868,1356,737,1407,867,0,standing,not-looking,869,1362,736,1414,868,0,standing,not-looking,870,1368,735,1421,869,0,standing,not-looking,871,1374,734,1428,871,0,standing,not-looking,872,1382,731,1437,872,0,standing,not-looking,873,1390,729,1445,873,0,standing,not-looking,874,1398,726,1454,874,0,standing,not-looking,875,1407,722,1463,873,0,standing,not-looking,876,1415,718,1472,872,0,standing,not-looking,877,1424,716,1482,871,0,standing,not-looking,878,1432,713,1491,870,0,standing,not-looking,879,1440,711,1500,870,0,standing,not-looking,880,1449,709,1509,869,0,standing,not-looking,881,1457,706,1519,868,0,standing,not-looking,882,1468,704,1530,869,0,standing,not-looking,883,1479,702,1541,870,0,standing,not-looking,884,1491,699,1552,871,0,standing,not-looking,885,1502,697,1564,871,0,standing,not-looking,886,1513,695,1575,872,0,standing,not-looking,887,1524,692,1588,874,0,standing,not-looking,888,1536,690,1601,875,0,standing,not-looking
3_9_608,10497,1339,726,1371,863,0,standing,not-looking,10498,1344,725,1376,863,0,standing,not-looking,10499,1348,724,1381,864,0,standing,not-looking,10500,1353,723,1386,865,0,standing,not-looking,10501,1357,722,1391,866,0,standing,not-looking,10502,1362,721,1395,866,0,standing,not-looking,10503,1366,720,1400,867,0,standing,not-looking,10504,1371,719,1405,868,0,standing,not-looking,10505,1375,718,1410,869,0,standing,not-looking,10506,1380,716,1415,869,0,standing,not-looking,10507,1384,715,1420,870,0,standing,not-looking,10508,1389,714,1425,871,0,standing,not-looking,10509,1393,713,1430,872,0,standing,not-looking,10510,1398,712,1435,872,0,standing,not-looking,10511,1402,711,1440,873,0,standing,not-looking,10512,1407,710,1445,874,0,standing,not-looking,10513,1411,709,1450,875,0,standing,not-looking,10514,1416,708,1455,875,0,standing,not-looking,10515,1420,707,1459,876,0,standing,not-looking,10516,1425,706,1464,877,0,standing,not-looking,10517,1431,704,1471,878,0,standing,not-looking,10518,1437,703,1477,879,0,standing,not-looking,10519,1442,701,1484,879,0,standing,not-looking,10520,1448,700,1490,880,0,standing,not-looking,10521,1454,698,1497,881,0,standing,not-looking,10522,1460,697,1504,882,0,standing,not-looking,10523,1465,696,1510,883,0,standing,not-looking,10524,1471,694,1517,884,0,standing,not-looking,10525,1477,693,1523,885,0,standing,not-looking,10526,1483,691,1530,886,0,standing,not-looking,10527,1488,690,1536,886,0,standing,not-looking,10528,1494,689,1543,887,0,standing,not-looking
3_9_591,3284,313,715,332,817,0,standing,not-looking,3285,310,715,329,817,0,standing,not-looking,3286,308,714,327,817,0,standing,not-looking,3287,304,714,324,817,0,standing,not-looking,3288,301,714,321,818,0,standing,not-looking,3289,298,714,318,818,0,standing,not-looking,3290,295,713,315,818,0,standing,not-looking,3291,292,713,312,818,0,standing,not-looking,3292,289,713,309,818,0,standing,not-looking,3293,286,713,305,818,0,standing,not-looking,3294,283,712,302,818,0,standing,not-looking,3295,280,712,299,818,0,standing,not-looking,3296,277,712,296,818,0,standing,not-looking,3297,274,712,293,819,0,standing,not-looking,3298,271,711,290,819,0,standing,not-looking,3299,266,711,286,819,0,standing,not-looking,3300,262,710,282,819,0,standing,not-looking,3301,258,710,278,818,0,standing,not-looking,3302,253,709,273,818,0,standing,not-looking,3303,249,709,269,818,0,standing,not-looking,3304,244,708,265,818,0,standing,not-looking,3305,240,708,261,818,1,standing,not-looking,3306,235,707,256,818,1,standing,not-looking,3307,230,706,251,818,1,standing,not-looking,3308,225,705,247,818,1,standing,not-looking,3309,220,703,242,818,1,standing,not-looking,3310,215,702,238,818,1,standing,not-looking,3311,210,701,233,818,1,standing,not-looking,3312,205,700,228,817,1,standing,not-looking,3313,200,699,224,817,1,standing,not-looking,3314,195,698,219,817,1,standing,not-looking,3315,190,697,215,817,1,standing,not-looking
3_9_575,839,1276,731,1298,838,0,standing,looking,840,1279,729,1302,838,0,standing,not-looking,841,1284,729,1307,839,0,standing,not-looking,842,1289,729,1311,840,0,standing,not-looking,843,1294,728,1316,841,0,standing,not-looking,844,1298,728,1321,842,0,standing,not-looking,845,1303,728,1326,843,0,standing,not-looking,846,1308,728,1331,845,0,standing,not-looking,847,1313,728,1336,846,0,standing,not-looking,848,1317,728,1341,848,0,standing,not-looking,849,1322,727,1347,850,0,standing,not-looking,850,1327,727,1352,852,0,standing,not-looking,851,1332,726,1358,853,0,standing,not-looking,852,1338,724,1364,853,0,standing,not-looking,853,1343,723,1371,853,0,standing,not-looking,854,1349,722,1377,854,0,standing,not-looking,855,1354,720,1383,854,0,standing,not-looking,856,1361,720,1389,856,0,standing,not-looking,857,1367,720,1396,859,0,standing,not-looking,858,1373,720,1402,861,0,standing,not-looking,859,1379,719,1408,863,0,standing,not-looking,860,1386,719,1414,865,0,standing,not-looking,861,1393,719,1423,866,0,standing,not-looking,862,1400,719,1431,867,0,standing,not-looking,863,1407,718,1440,868,0,standing,not-looking,864,1414,718,1448,869,0,standing,not-looking,865,1421,718,1456,871,0,standing,not-looking,866,1430,716,1465,872,0,standing,not-looking,867,1438,715,1474,874,0,standing,not-looking,868,1447,713,1483,875,0,standing,not-looking,869,1455,712,1491,877,0,standing,not-looking,870,1464,711,1500,878,0,standing,not-looking
3_9_604,5045,662,669,745,881,0,walking,not-looking,5046,658,668,742,882,0,walking,not-looking,5047,654,667,739,883,0,walking,not-looking,5048,650,666,736,885,0,walking,not-looking,5049,646,665,734,886,0,walking,not-looking,5050,641,664,731,887,0,walking,not-looking,5051,637,663,728,889,0,walking,not-looking,5052,633,662,726,890,0,walking,not-looking,5053,629,661,723,891,0,walking,not-looking,5054,625,660,720,893,0,walking,not-looking,5055,621,659,717,894,0,walking,not-looking,5056,616,658,715,895,0,walking,not-looking,5057,612,658,712,896,0,walking,not-looking,5058,608,657,707,898,0,walking,not-looking,5059,604,656,702,899,0,walking,not-looking,5060,600,655,698,899,0,walking,not-looking,5061,595,655,694,900,0,walking,not-looking,5062,591,654,691,900,0,walking,not-looking,5063,587,654,687,900,0,walking,not-looking,5064,582,653,684,900,0,walking,not-looking,5065,578,653,680,900,0,walking,not-looking,5066,574,652,677,901,0,walking,not-looking,5067,570,652,673,901,0,walking,not-looking,5068,565,651,669,901,0,walking,not-looking,5069,561,651,666,901,0,walking,not-looking,5070,557,650,662,901,0,walking,not-looking,5071,552,650,659,902,0,walking,not-looking,5072,548,649,655,902,0,walking,not-looking,5073,544,649,651,902,0,walking,not-looking,5074,540,648,648,902,0,walking,not-looking,5075,535,648,644,902,0,walking,not-looking,5076,531,647,641,903,0,walking,not-looking
3_9_597,3427,560,749,587,832,0,standing,looking,3428,556,750,583,833,0,standing,looking,3429,551,751,579,835,0,standing,looking,3430,547,752,575,837,0,standing,looking,3431,543,752,571,837,0,standing,looking,3432,539,752,568,838,0,standing,looking,3433,536,752,564,838,0,standing,looking,3434,531,752,560,840,0,standing,looking,3435,527,753,556,842,0,standing,looking,3436,523,753,553,843,0,standing,looking,3437,519,753,549,845,0,standing,looking,3438,514,754,545,846,0,standing,looking,3439,510,752,540,846,0,standing,looking,3440,505,750,536,845,0,standing,looking,3441,500,748,532,845,0,standing,looking,3442,495,746,527,844,0,standing,looking,3443,491,744,523,844,0,standing,looking,3444,485,744,518,844,0,standing,looking,3445,479,743,513,845,0,standing,looking,3446,473,743,509,845,0,standing,looking,3447,468,743,504,845,0,standing,looking,3448,462,742,500,846,0,standing,looking,3449,457,742,494,847,0,standing,looking,3450,451,741,489,848,0,standing,looking,3451,446,741,484,850,0,standing,looking,3452,441,740,479,851,0,standing,looking,3453,436,740,473,852,0,standing,looking,3454,429,739,467,853,0,standing,looking,3455,423,738,460,854,0,standing,looking,3456,416,737,453,855,0,standing,looking,3457,410,736,447,855,0,standing,looking,3458,403,735,440,856,0,standing,looking
3_9_563,716,1287,731,1309,810,0,standing,not-looking,717,1289,731,1312,811,0,standing,not-looking,718,1292,731,1314,811,0,standing,not-looking,719,1294,730,1317,811,0,standing,not-looking,720,1297,730,1320,812,0,standing,not-looking,721,1299,730,1322,812,0,standing,not-looking,722,1302,730,1325,812,0,standing,not-looking,723,1304,729,1328,813,0,standing,not-looking,724,1307,729,1331,813,0,standing,not-looking,725,1310,728,1334,814,0,standing,not-looking,726,1314,728,1338,814,0,standing,not-looking,727,1317,728,1342,815,0,standing,not-looking,728,1320,727,1346,815,0,standing,not-looking,729,1323,727,1349,816,0,standing,not-looking,730,1327,726,1354,817,0,standing,not-looking,731,1331,726,1358,818,0,standing,not-looking,732,1334,726,1362,818,0,standing,not-looking,733,1338,726,1366,819,0,standing,not-looking,734,1341,726,1370,820,0,standing,not-looking,735,1345,725,1374,821,0,standing,not-looking,736,1349,725,1378,821,0,standing,not-looking,737,1352,724,1382,821,0,standing,not-looking,738,1356,724,1386,822,0,standing,not-looking,739,1359,723,1390,822,0,standing,not-looking,740,1364,722,1394,822,0,standing,not-looking,741,1369,721,1399,823,0,standing,not-looking,742,1373,720,1404,823,0,standing,not-looking,743,1378,719,1409,823,0,standing,not-looking,744,1383,718,1414,824,0,standing,not-looking,745,1388,717,1419,824,0,standing,not-looking,746,1393,715,1424,824,0,standing,not-looking,747,1398,714,1429,824,0,standing,not-looking
3_9_600,3426,487,737,524,832,0,standing,not-looking,3427,482,738,519,833,0,standing,not-looking,3428,478,738,515,834,0,standing,not-looking,3429,473,738,510,835,0,standing,not-looking,3430,468,738,506,836,0,standing,not-looking,3431,463,739,501,837,0,standing,not-looking,3432,458,739,496,839,0,standing,not-looking,3433,454,739,492,840,0,standing,not-looking,3434,449,739,487,841,0,standing,not-looking,3435,444,739,482,842,0,standing,not-looking,3436,439,740,477,843,0,standing,not-looking,3437,435,740,473,845,0,standing,not-looking,3438,430,740,468,846,0,standing,not-looking,3439,424,738,463,845,0,standing,not-looking,3440,418,736,459,845,0,walking,looking,3441,413,734,454,844,0,walking,looking,3442,407,733,449,844,0,walking,looking,3443,401,731,445,843,0,walking,looking,3444,396,729,438,843,0,walking,looking,3445,391,727,431,843,0,walking,looking,3446,386,727,427,844,0,walking,looking,3447,380,728,424,845,0,walking,looking,3448,374,728,420,846,0,walking,looking,3449,367,727,414,848,0,walking,looking,3450,361,726,408,849,0,walking,looking,3451,354,726,402,851,0,walking,looking,3452,348,725,397,852,0,walking,looking,3453,341,724,391,854,0,walking,looking,3454,333,723,383,855,0,walking,looking,3455,325,722,375,856,0,walking,looking,3456,318,722,368,857,0,walking,looking,3457,310,721,360,858,0,walking,looking
3_9_626,15809,1186,750,1225,870,0,standing,not-looking,15810,1187,748,1226,869,0,standing,not-looking,15811,1188,746,1228,869,0,standing,not-looking,15812,1189,744,1229,869,0,standing,not-looking,15813,1190,742,1231,869,0,standing,not-looking,15814,1192,740,1233,869,0,standing,not-looking,15815,1193,738,1234,868,0,standing,not-looking,15816,1194,736,1236,868,0,standing,not-looking,15817,1195,734,1238,868,0,standing,not-looking,15818,1196,732,1239,868,0,standing,not-looking,15819,1198,730,1241,867,0,standing,not-looking,15820,1199,728,1242,867,0,standing,not-looking,15821,1200,726,1244,867,0,standing,not-looking,15822,1201,724,1246,866,0,standing,not-looking,15823,1202,722,1247,866,0,standing,not-looking,15824,1203,720,1249,866,0,standing,not-looking,15825,1205,718,1250,865,0,standing,not-looking,15826,1206,716,1252,865,0,standing,not-looking,15827,1208,714,1255,866,0,standing,not-looking,15828,1210,713,1258,868,0,standing,not-looking,15829,1213,712,1261,869,0,standing,not-looking,15830,1215,710,1264,871,0,standing,not-looking,15831,1217,709,1267,872,0,standing,not-looking,15832,1220,707,1270,873,0,standing,not-looking,15833,1222,706,1274,875,0,standing,not-looking,15834,1224,704,1277,876,0,standing,not-looking,15835,1230,703,1284,878,0,standing,not-looking,15836,1236,701,1291,880,0,standing,not-looking,15837,1241,699,1298,882,0,standing,not-looking,15838,1247,697,1305,884,0,standing,not-looking,15839,1253,695,1311,886,0,standing,not-looking,15840,1258,694,1318,888,0,standing,not-looking
3_9_571,734,442,727,469,816,0,standing,not-looking,735,436,726,463,816,0,standing,not-looking,736,430,726,457,817,0,standing,not-looking,737,423,725,451,818,0,standing,not-looking,738,417,725,445,819,0,standing,not-looking,739,411,724,439,820,0,standing,not-looking,740,404,724,433,820,0,standing,not-looking,741,398,723,426,821,0,standing,not-looking,742,391,723,420,822,0,standing,not-looking,743,385,722,414,823,0,standing,not-looking,744,377,721,406,823,0,standing,not-looking,745,369,720,399,823,0,standing,not-looking,746,361,719,391,823,0,standing,not-looking,747,353,718,383,823,0,standing,not-looking,748,345,717,375,823,0,standing,not-looking,749,336,716,367,823,0,standing,not-looking,750,327,715,359,823,0,standing,not-looking,751,319,713,350,823,0,standing,not-looking,752,310,712,342,824,0,standing,not-looking,753,301,711,333,824,0,standing,not-looking,754,292,709,324,823,0,standing,not-looking,755,282,707,314,822,0,standing,not-looking,756,272,705,305,822,0,standing,not-looking,757,262,704,296,821,0,standing,not-looking,758,253,702,286,820,0,standing,not-looking,759,244,700,277,821,0,standing,not-looking,760,234,699,267,821,0,standing,not-looking,761,225,698,258,821,0,standing,not-looking,762,216,697,248,821,0,standing,not-looking,763,204,695,237,821,0,standing,not-looking,764,192,692,225,821,1,standing,not-looking,765,180,690,214,820,1,standing,not-looking
3_9_578,840,1302,740,1327,832,0,standing,not-looking,841,1307,739,1331,833,0,standing,not-looking,842,1311,739,1336,834,0,standing,not-looking,843,1315,738,1340,835,0,standing,not-looking,844,1319,738,1344,836,0,standing,not-looking,845,1324,738,1349,838,0,standing,not-looking,846,1329,739,1354,840,0,standing,not-looking,847,1333,739,1359,841,0,standing,not-looking,848,1338,740,1364,843,0,standing,not-looking,849,1343,740,1369,845,0,standing,not-looking,850,1349,739,1375,845,0,standing,not-looking,851,1354,738,1381,845,0,standing,not-looking,852,1360,737,1387,845,0,standing,not-looking,853,1366,735,1393,845,0,standing,not-looking,854,1372,734,1399,845,0,standing,not-looking,855,1378,735,1405,847,0,standing,not-looking,856,1384,735,1411,849,0,standing,not-looking,857,1390,736,1418,851,0,standing,not-looking,858,1397,736,1424,853,0,standing,not-looking,859,1403,737,1430,855,0,standing,not-looking,860,1410,736,1438,855,0,standing,not-looking,861,1417,736,1445,856,0,standing,not-looking,862,1424,735,1452,857,0,standing,not-looking,863,1432,735,1460,858,0,standing,not-looking,864,1439,734,1467,858,0,standing,not-looking,865,1447,734,1475,859,0,standing,not-looking,866,1454,733,1483,860,0,standing,not-looking,867,1462,732,1490,861,0,standing,not-looking,868,1470,732,1498,862,1,standing,not-looking,869,1478,731,1506,863,1,standing,not-looking,870,1491,729,1519,864,2,standing,not-looking,871,1500,727,1529,865,2,standing,not-looking
3_9_583,841,374,719,402,810,0,standing,looking,842,368,719,397,811,0,standing,looking,843,362,719,392,812,0,standing,looking,844,357,719,386,812,0,standing,looking,845,351,719,381,813,0,standing,looking,846,346,719,375,814,0,standing,looking,847,339,717,369,814,0,standing,looking,848,332,716,363,814,0,standing,looking,849,326,715,357,814,0,standing,looking,850,319,713,351,814,0,standing,looking,851,312,712,345,814,0,standing,looking,852,306,711,339,814,0,standing,looking,853,299,710,333,814,0,standing,looking,854,292,708,327,814,0,standing,looking,855,286,707,321,814,0,standing,not-looking,856,278,707,314,814,0,standing,not-looking,857,271,707,306,814,0,standing,not-looking,858,263,707,298,814,1,standing,not-looking,859,255,706,290,813,1,standing,not-looking,860,247,705,282,813,1,standing,not-looking,861,239,703,274,812,1,standing,not-looking,862,231,702,266,811,1,standing,not-looking,863,223,701,258,811,1,standing,not-looking,864,215,700,250,810,1,standing,not-looking,865,207,699,242,809,1,standing,not-looking,866,199,698,234,808,1,standing,not-looking,867,191,696,226,808,1,standing,not-looking,868,183,695,218,807,1,standing,not-looking,869,175,694,210,806,1,standing,not-looking,870,167,693,202,806,1,standing,not-looking,871,159,692,194,805,1,standing,not-looking,872,151,690,186,804,1,standing,not-looking
3_9_598,3431,568,743,597,834,0,standing,looking,3432,564,743,593,834,0,standing,looking,3433,560,743,588,835,0,standing,looking,3434,556,744,585,837,0,standing,looking,3435,552,744,581,839,0,standing,looking,3436,547,745,577,841,0,standing,looking,3437,543,745,573,843,0,standing,looking,3438,539,746,569,844,0,standing,looking,3439,535,744,567,844,0,standing,looking,3440,531,742,563,843,0,standing,looking,3441,527,740,559,842,0,standing,looking,3442,523,739,556,841,0,standing,looking,3443,520,737,552,840,0,standing,looking,3444,516,736,548,840,0,standing,looking,3445,512,736,545,841,0,standing,looking,3446,508,735,541,841,0,standing,not-looking,3447,504,734,538,842,0,standing,not-looking,3448,500,734,534,842,0,standing,not-looking,3449,494,734,529,844,0,standing,not-looking,3450,489,733,523,845,0,standing,not-looking,3451,483,733,518,846,0,standing,not-looking,3452,478,732,513,847,0,standing,not-looking,3453,472,731,507,848,0,standing,not-looking,3454,467,730,502,849,0,standing,not-looking,3455,461,730,496,850,0,standing,not-looking,3456,455,729,491,851,0,standing,not-looking,3457,450,728,486,852,0,standing,not-looking,3458,444,727,480,852,0,standing,not-looking,3459,437,725,474,853,0,standing,not-looking,3460,430,723,467,853,0,standing,not-looking,3461,423,721,460,853,0,standing,not-looking,3462,415,718,454,853,0,standing,not-looking
3_9_572,745,446,723,468,819,1,standing,not-looking,746,440,722,462,820,0,standing,not-looking,747,433,721,456,820,0,standing,not-looking,748,427,720,450,820,0,standing,not-looking,749,420,719,443,820,0,standing,not-looking,750,414,717,437,820,0,standing,not-looking,751,407,716,430,820,0,standing,not-looking,752,401,715,424,820,0,standing,not-looking,753,394,714,418,820,0,standing,not-looking,754,387,712,410,820,0,standing,not-looking,755,379,711,403,819,0,standing,not-looking,756,372,709,396,819,0,standing,not-looking,757,364,708,389,818,0,standing,not-looking,758,356,707,382,818,0,standing,not-looking,759,349,705,375,817,0,standing,not-looking,760,341,704,368,817,0,standing,not-looking,761,333,706,359,820,0,standing,not-looking,762,323,703,351,814,1,standing,not-looking,763,315,701,343,813,1,standing,not-looking,764,306,699,334,812,1,standing,not-looking,765,300,699,328,812,1,standing,not-looking,766,289,697,317,810,1,standing,not-looking,767,279,696,307,807,2,standing,not-looking,768,270,694,298,809,2,standing,not-looking,769,260,693,289,811,2,standing,not-looking,770,251,691,280,813,2,standing,not-looking,771,242,690,271,815,2,standing,not-looking,772,232,688,263,817,2,standing,not-looking,773,223,687,254,819,0,standing,not-looking,774,212,685,243,818,0,standing,not-looking,775,201,683,232,818,0,standing,not-looking,776,190,681,222,818,0,standing,not-looking
3_9_593,3334,1317,691,1372,847,0,standing,not-looking,3335,1322,690,1377,848,0,standing,not-looking,3336,1326,689,1382,849,0,standing,not-looking,3337,1331,688,1387,850,0,standing,not-looking,3338,1335,687,1392,851,0,standing,not-looking,3339,1339,686,1397,852,0,standing,not-looking,3340,1344,685,1402,853,0,standing,not-looking,3341,1348,684,1406,854,0,standing,not-looking,3342,1352,682,1411,855,0,standing,not-looking,3343,1357,681,1416,856,0,standing,not-looking,3344,1361,680,1421,856,0,standing,not-looking,3345,1366,679,1427,857,0,standing,not-looking,3346,1371,678,1432,858,0,standing,not-looking,3347,1376,677,1437,859,0,standing,not-looking,3348,1380,676,1442,859,0,standing,not-looking,3349,1386,675,1448,860,0,standing,not-looking,3350,1391,674,1454,861,0,standing,not-looking,3351,1397,673,1460,862,0,standing,not-looking,3352,1402,672,1466,863,0,standing,not-looking,3353,1407,671,1472,864,0,standing,not-looking,3354,1414,669,1479,865,0,standing,not-looking,3355,1420,668,1486,865,0,standing,not-looking,3356,1426,666,1493,866,0,standing,not-looking,3357,1433,664,1501,866,0,standing,not-looking,3358,1439,662,1508,866,0,standing,not-looking,3359,1447,661,1516,869,0,standing,not-looking,3360,1455,659,1525,871,0,standing,not-looking,3361,1463,658,1534,874,0,standing,not-looking,3362,1471,656,1542,876,0,standing,not-looking,3363,1479,655,1551,879,0,standing,not-looking,3364,1487,653,1560,881,0,standing,not-looking,3365,1495,652,1568,884,0,standing,not-looking
3_9_594,3308,1198,716,1243,844,0,standing,not-looking,3309,1200,716,1246,845,0,standing,not-looking,3310,1202,715,1248,845,0,standing,not-looking,3311,1205,715,1251,846,0,standing,not-looking,3312,1207,714,1254,846,0,standing,not-looking,3313,1209,714,1257,847,0,standing,not-looking,3314,1212,713,1260,848,0,standing,not-looking,3315,1214,712,1263,848,0,standing,not-looking,3316,1216,712,1265,849,0,standing,not-looking,3317,1219,711,1268,849,0,standing,not-looking,3318,1221,711,1271,850,0,standing,not-looking,3319,1223,710,1274,851,0,standing,not-looking,3320,1226,710,1277,851,0,standing,not-looking,3321,1228,709,1280,852,0,standing,not-looking,3322,1231,709,1282,853,0,standing,not-looking,3323,1233,708,1285,853,0,standing,not-looking,3324,1235,708,1288,854,0,standing,not-looking,3325,1238,707,1291,854,0,standing,not-looking,3326,1240,707,1294,855,0,standing,not-looking,3327,1242,706,1298,856,0,standing,not-looking,3328,1245,706,1303,857,0,standing,not-looking,3329,1247,705,1307,858,0,standing,not-looking,3330,1250,705,1311,858,0,standing,not-looking,3331,1252,704,1316,859,0,standing,not-looking,3332,1256,702,1320,860,0,standing,not-looking,3333,1260,700,1324,861,0,standing,not-looking,3334,1264,697,1328,862,0,standing,not-looking,3335,1268,695,1332,863,0,standing,not-looking,3336,1272,693,1336,864,0,standing,not-looking,3337,1276,691,1341,865,0,standing,not-looking,3338,1280,688,1345,866,0,standing,not-looking,3339,1286,687,1350,868,0,standing,not-looking
3_9_609,10480,1301,742,1336,852,1,standing,not-looking,10481,1304,744,1340,854,1,standing,not-looking,10482,1308,746,1344,857,1,standing,not-looking,10483,1311,748,1347,860,1,standing,not-looking,10484,1314,749,1351,862,1,standing,not-looking,10485,1318,751,1355,865,1,standing,not-looking,10486,1321,753,1359,868,1,standing,not-looking,10487,1324,755,1362,871,1,standing,not-looking,10488,1328,758,1366,875,1,standing,not-looking,10489,1333,755,1372,873,1,standing,not-looking,10490,1339,753,1378,872,1,standing,not-looking,10491,1343,749,1383,868,1,standing,not-looking,10492,1347,745,1387,864,1,standing,not-looking,10493,1352,743,1392,862,0,standing,not-looking,10494,1356,741,1398,866,0,standing,not-looking,10495,1361,739,1403,870,0,standing,not-looking,10496,1366,737,1409,871,0,standing,not-looking,10497,1371,735,1414,872,0,standing,not-looking,10498,1376,733,1420,873,0,standing,not-looking,10499,1381,732,1425,874,0,standing,not-looking,10500,1386,732,1431,875,0,standing,not-looking,10501,1392,731,1437,876,0,standing,not-looking,10502,1397,730,1442,877,0,standing,not-looking,10503,1402,729,1448,878,0,standing,not-looking,10504,1407,728,1454,879,0,standing,not-looking,10505,1413,727,1459,880,0,standing,not-looking,10506,1418,726,1465,881,0,standing,not-looking,10507,1423,725,1470,882,0,standing,not-looking,10508,1428,724,1476,883,0,standing,not-looking,10509,1434,723,1482,884,0,standing,not-looking,10510,1439,722,1487,885,0,standing,not-looking,10511,1445,720,1494,886,0,standing,not-looking
3_10_645,3733,329,720,353,800,0,standing,not-looking,3734,322,721,346,801,0,standing,not-looking,3735,316,722,340,802,1,standing,not-looking,3736,312,720,336,800,2,standing,not-looking,3737,304,720,328,801,2,standing,not-looking,3738,297,719,321,802,2,standing,not-looking,3739,289,718,313,803,2,standing,not-looking,3740,282,718,306,803,2,standing,not-looking,3741,274,717,298,804,2,standing,not-looking,3742,267,716,291,805,2,standing,not-looking,3743,260,716,284,806,2,standing,not-looking,3744,252,715,276,807,2,standing,not-looking,3745,245,714,269,808,1,standing,not-looking,3746,236,714,260,807,0,standing,not-looking,3747,227,713,252,807,0,standing,not-looking,3748,218,712,243,808,0,standing,not-looking,3749,209,712,235,808,0,standing,not-looking,3750,201,711,227,809,0,standing,not-looking,3751,192,711,219,809,0,standing,not-looking,3752,184,709,211,810,0,standing,not-looking,3753,176,708,203,810,0,standing,not-looking,3754,168,707,196,810,0,standing,not-looking,3755,160,705,188,811,0,standing,not-looking,3756,152,704,180,811,0,standing,not-looking,3757,142,702,171,810,0,standing,not-looking,3758,133,701,162,809,0,standing,not-looking,3759,124,699,153,808,0,standing,not-looking,3760,115,698,144,807,0,standing,not-looking,3761,106,696,135,806,0,standing,not-looking,3762,96,695,126,805,0,standing,not-looking,3763,86,693,116,805,0,standing,not-looking,3764,77,691,107,804,0,standing,not-looking
3_10_637,3317,1185,720,1214,816,0,standing,not-looking,3318,1188,719,1219,815,0,standing,not-looking,3319,1193,718,1223,817,0,standing,not-looking,3320,1197,718,1228,818,0,standing,not-looking,3321,1202,717,1233,820,0,standing,not-looking,3322,1206,717,1237,822,0,standing,not-looking,3323,1211,716,1242,823,0,standing,not-looking,3324,1212,717,1247,825,0,standing,not-looking,3325,1213,718,1251,827,0,standing,not-looking,3326,1213,719,1256,829,0,standing,not-looking,3327,1219,720,1261,831,1,standing,not-looking,3328,1224,719,1268,831,1,standing,not-looking,3329,1229,718,1275,831,1,standing,not-looking,3330,1233,717,1280,832,1,standing,not-looking,3331,1237,716,1286,833,1,standing,not-looking,3332,1241,715,1291,834,1,standing,not-looking,3333,1247,714,1297,837,1,standing,not-looking,3334,1253,713,1304,839,1,standing,not-looking,3335,1259,712,1310,842,1,standing,not-looking,3336,1265,711,1316,844,1,standing,not-looking,3337,1271,710,1323,846,1,standing,not-looking,3338,1279,709,1332,848,1,standing,not-looking,3339,1288,708,1341,849,1,standing,not-looking,3340,1296,706,1350,850,1,standing,not-looking,3341,1305,705,1359,852,1,standing,not-looking,3342,1306,704,1374,854,1,standing,not-looking,3343,1316,704,1376,860,0,standing,not-looking,3344,1325,703,1385,862,0,standing,not-looking,3345,1335,701,1393,864,0,standing,not-looking,3346,1344,700,1402,866,0,standing,not-looking,3347,1354,698,1410,868,0,standing,not-looking,3348,1363,697,1419,870,0,standing,not-looking
3_10_665,15949,503,712,548,792,0,standing,not-looking,15950,501,713,546,792,0,standing,not-looking,15951,499,713,544,793,0,standing,not-looking,15952,497,714,542,793,0,standing,not-looking,15953,495,714,540,794,0,standing,not-looking,15954,493,715,538,794,0,standing,not-looking,15955,491,715,536,795,0,standing,not-looking,15956,489,716,534,795,0,standing,not-looking,15957,487,716,532,796,0,standing,not-looking,15958,484,714,529,796,0,standing,not-looking,15959,482,711,527,796,1,standing,not-looking,15960,479,711,524,799,2,standing,not-looking,15961,475,712,520,800,2,standing,not-looking,15962,472,714,517,801,2,standing,not-looking,15963,469,715,514,802,1,standing,not-looking,15964,465,714,514,805,0,standing,not-looking,15965,458,711,511,804,0,standing,not-looking,15966,452,710,507,806,0,standing,not-looking,15967,446,710,502,808,0,standing,not-looking,15968,440,711,497,810,0,standing,not-looking,15969,435,711,492,812,0,standing,not-looking,15970,429,711,487,814,0,standing,not-looking,15971,423,711,482,816,0,standing,not-looking,15972,416,710,476,817,0,standing,not-looking,15973,410,710,471,819,0,standing,not-looking,15974,403,710,464,821,0,standing,not-looking,15975,396,709,457,822,0,standing,not-looking,15976,388,708,449,825,0,standing,not-looking,15977,380,706,440,827,0,standing,not-looking,15978,371,704,432,828,0,standing,not-looking,15979,363,702,424,829,0,standing,not-looking,15980,351,700,414,832,0,standing,not-looking
3_10_639,3648,472,727,492,795,2,standing,not-looking,3649,467,727,487,796,2,standing,not-looking,3650,462,727,482,801,2,standing,not-looking,3651,456,726,477,799,1,standing,not-looking,3652,450,724,470,801,1,standing,not-looking,3653,445,723,465,800,0,standing,not-looking,3654,436,722,460,798,0,standing,not-looking,3655,428,723,454,798,0,standing,not-looking,3656,428,723,454,798,2,standing,not-looking,3657,420,722,445,799,2,standing,not-looking,3658,411,721,437,799,2,standing,not-looking,3659,402,720,428,800,2,standing,not-looking,3660,393,719,419,801,2,standing,not-looking,3661,385,718,411,801,2,standing,not-looking,3662,376,717,402,802,2,standing,not-looking,3663,367,715,393,802,2,standing,not-looking,3664,359,714,385,803,2,standing,not-looking,3665,350,713,376,803,2,standing,not-looking,3666,341,712,367,804,2,standing,not-looking,3667,332,711,359,804,2,standing,not-looking,3668,324,710,350,805,2,standing,not-looking,3669,315,709,341,806,2,standing,not-looking,3670,306,708,333,806,2,standing,not-looking,3671,298,707,324,807,2,standing,not-looking,3672,289,706,315,807,2,standing,not-looking,3673,280,705,307,808,2,standing,not-looking,3674,271,704,298,808,2,standing,not-looking,3675,263,703,289,809,2,standing,not-looking,3676,254,702,281,809,2,standing,not-looking,3677,245,701,272,810,2,standing,not-looking,3678,237,700,263,811,2,standing,not-looking,3679,224,699,252,810,0,standing,not-looking
3_10_647,3733,1217,734,1251,812,1,walking,looking,3734,1220,735,1253,814,1,walking,looking,3735,1223,735,1256,815,0,walking,looking,3736,1226,735,1259,815,0,walking,looking,3737,1229,734,1262,816,0,walking,looking,3738,1232,734,1265,816,0,walking,looking,3739,1235,734,1269,817,0,walking,looking,3740,1238,733,1272,817,0,walking,looking,3741,1241,733,1275,818,0,walking,looking,3742,1245,733,1279,819,0,walking,looking,3743,1248,733,1283,820,0,walking,looking,3744,1251,733,1286,821,0,walking,looking,3745,1255,732,1290,822,0,walking,looking,3746,1258,732,1293,822,0,walking,looking,3747,1262,732,1297,823,0,walking,looking,3748,1265,732,1301,824,0,walking,looking,3749,1269,732,1304,825,0,walking,looking,3750,1272,732,1308,826,0,walking,looking,3751,1276,732,1311,827,0,walking,looking,3752,1279,732,1315,827,0,walking,looking,3753,1282,731,1319,828,0,standing,looking,3754,1286,731,1322,829,0,standing,looking,3755,1289,731,1326,830,0,standing,not-looking,3756,1294,730,1331,831,0,standing,not-looking,3757,1299,730,1336,832,0,standing,not-looking,3758,1303,729,1340,834,0,standing,not-looking,3759,1308,728,1345,835,0,standing,not-looking,3760,1313,727,1350,836,0,standing,not-looking,3761,1318,728,1356,837,0,standing,not-looking,3762,1324,728,1362,839,0,standing,not-looking,3763,1330,728,1368,840,0,standing,not-looking,3764,1335,728,1373,841,0,standing,not-looking
3_10_640,3651,496,729,516,796,0,standing,not-looking,3652,492,728,512,796,0,standing,not-looking,3653,487,726,507,796,0,standing,not-looking,3654,487,726,507,796,2,standing,not-looking,3655,480,725,500,796,2,standing,not-looking,3656,473,725,494,796,2,standing,not-looking,3657,466,724,487,797,2,standing,not-looking,3658,459,723,480,797,2,standing,not-looking,3659,452,722,473,798,2,standing,not-looking,3660,444,721,466,798,2,standing,not-looking,3661,437,720,459,799,2,standing,not-looking,3662,430,719,452,799,2,standing,not-looking,3663,423,718,445,800,2,standing,not-looking,3664,416,717,438,800,2,standing,not-looking,3665,409,717,431,801,2,standing,not-looking,3666,401,716,424,801,2,standing,not-looking,3667,394,715,417,802,2,standing,not-looking,3668,387,714,411,802,2,standing,not-looking,3669,380,713,404,803,2,standing,not-looking,3670,373,712,397,803,2,standing,not-looking,3671,366,711,390,804,2,standing,not-looking,3672,359,710,383,804,2,standing,not-looking,3673,351,709,376,805,2,standing,not-looking,3674,344,709,369,805,2,standing,not-looking,3675,337,708,362,806,2,standing,not-looking,3676,330,707,355,806,2,standing,not-looking,3677,323,706,348,807,0,standing,not-looking,3678,313,706,338,806,0,standing,not-looking,3679,303,706,328,806,0,standing,not-looking,3680,293,706,318,806,0,standing,not-looking,3681,283,703,308,807,0,standing,not-looking,3682,273,701,299,807,0,standing,not-looking
3_10_641,3677,341,716,370,806,0,standing,not-looking,3677,341,716,370,806,0,standing,not-looking,3678,330,716,363,805,0,standing,not-looking,3679,319,715,356,803,0,standing,not-looking,3680,309,714,346,804,0,standing,not-looking,3681,299,712,336,805,0,standing,not-looking,3682,289,711,326,805,0,standing,not-looking,3683,282,708,318,802,0,standing,not-looking,3684,273,709,309,803,1,standing,not-looking,3685,264,709,298,802,2,standing,not-looking,3686,254,707,289,800,2,standing,not-looking,3687,245,705,280,798,2,standing,not-looking,3688,234,703,269,798,2,standing,not-looking,3689,222,701,259,799,2,standing,not-looking,3690,210,700,248,799,2,standing,not-looking,3691,198,698,237,799,2,standing,not-looking,3692,186,696,227,799,2,standing,not-looking,3693,174,694,216,800,2,standing,not-looking,3694,163,692,205,800,2,standing,not-looking,3695,151,691,194,800,2,standing,not-looking,3696,139,689,184,800,2,standing,not-looking,3697,127,687,173,801,2,standing,not-looking,3698,115,685,162,801,2,standing,not-looking,3699,104,683,151,801,2,standing,not-looking,3700,92,682,141,802,2,standing,not-looking,3701,80,680,130,802,2,standing,not-looking,3702,68,678,119,802,2,standing,not-looking,3703,56,676,108,802,2,standing,not-looking,3704,45,674,98,803,0,standing,not-looking,3705,35,670,89,800,0,standing,not-looking,3706,22,669,76,798,0,standing,not-looking,3707,12,668,66,797,0,standing,not-looking
3_10_657,8220,1279,689,1328,853,0,standing,looking,8221,1285,688,1334,854,0,standing,looking,8222,1291,687,1341,855,0,standing,looking,8223,1297,687,1347,856,0,standing,looking,8224,1303,686,1353,857,0,standing,looking,8225,1310,685,1360,858,0,standing,looking,8226,1316,684,1366,859,0,standing,looking,8227,1323,683,1374,861,0,standing,looking,8228,1330,682,1381,862,0,standing,looking,8229,1338,681,1389,864,0,standing,looking,8230,1345,680,1397,865,0,standing,looking,8231,1352,679,1404,867,0,standing,looking,8232,1359,677,1412,868,0,standing,looking,8233,1367,676,1420,870,0,standing,looking,8234,1374,675,1427,871,0,standing,looking,8235,1382,674,1435,873,0,standing,looking,8236,1389,673,1443,874,0,standing,looking,8237,1397,672,1451,876,0,standing,looking,8238,1404,671,1459,877,0,standing,looking,8239,1414,669,1470,879,0,standing,looking,8240,1425,668,1480,880,0,standing,looking,8241,1435,667,1491,882,0,standing,looking,8242,1445,665,1502,884,0,standing,looking,8243,1455,663,1512,887,0,standing,looking,8244,1465,661,1523,889,0,standing,looking,8245,1475,658,1533,892,0,standing,looking,8246,1485,656,1543,894,0,standing,looking,8247,1495,654,1554,897,0,standing,looking,8248,1505,652,1564,899,0,standing,looking,8249,1516,649,1577,901,0,standing,looking,8250,1528,646,1589,902,0,standing,looking,8251,1540,643,1602,904,0,standing,looking
3_10_649,3919,1440,694,1485,835,0,standing,looking,3920,1445,694,1490,835,0,standing,looking,3921,1450,693,1494,837,0,standing,looking,3922,1454,692,1499,838,0,standing,looking,3923,1459,692,1504,839,0,standing,looking,3924,1463,691,1508,841,0,standing,looking,3925,1468,690,1513,842,0,standing,looking,3926,1474,690,1519,843,0,standing,looking,3927,1480,689,1526,844,0,standing,looking,3928,1486,689,1532,845,0,standing,looking,3929,1492,688,1539,846,0,standing,looking,3930,1499,688,1545,847,0,standing,looking,3931,1506,687,1552,847,0,standing,looking,3932,1513,686,1558,848,0,standing,looking,3933,1520,685,1565,848,0,standing,looking,3934,1527,683,1572,849,0,standing,looking,3935,1534,682,1578,849,0,standing,looking,3936,1542,681,1586,850,0,standing,looking,3937,1549,680,1594,851,0,standing,looking,3938,1557,680,1602,852,0,standing,looking,3939,1564,679,1610,852,0,standing,looking,3940,1572,678,1617,853,0,standing,looking,3941,1581,676,1627,854,0,standing,looking,3942,1590,674,1637,855,0,standing,looking,3943,1599,672,1647,855,0,standing,looking,3944,1609,670,1657,856,0,standing,looking,3945,1618,668,1667,857,0,standing,looking,3946,1627,666,1678,858,0,standing,looking,3947,1636,665,1689,858,0,standing,looking,3948,1645,663,1700,859,0,standing,looking,3949,1654,662,1711,860,0,standing,looking,3950,1664,660,1722,861,0,standing,looking
3_10_661,15428,1604,719,1623,787,0,standing,not-looking,15429,1609,718,1628,788,0,standing,not-looking,15430,1614,718,1633,788,0,standing,not-looking,15431,1619,717,1638,788,0,standing,not-looking,15432,1624,717,1644,788,0,standing,not-looking,15433,1629,716,1649,789,0,standing,not-looking,15434,1634,716,1654,789,0,standing,not-looking,15435,1639,715,1659,789,0,standing,not-looking,15436,1644,715,1664,790,0,standing,not-looking,15437,1649,714,1670,790,0,standing,not-looking,15438,1653,714,1675,791,0,standing,not-looking,15439,1658,713,1680,791,0,standing,not-looking,15440,1663,713,1684,792,0,standing,not-looking,15441,1667,712,1689,793,0,standing,not-looking,15442,1672,712,1694,794,0,standing,not-looking,15443,1677,711,1699,794,0,standing,not-looking,15444,1682,711,1704,795,0,standing,not-looking,15445,1686,710,1709,796,0,standing,not-looking,15446,1691,710,1714,797,0,standing,not-looking,15447,1696,710,1719,797,0,standing,not-looking,15448,1700,709,1724,798,0,standing,not-looking,15449,1705,709,1729,799,0,standing,not-looking,15450,1710,708,1734,800,0,standing,not-looking,15451,1715,708,1739,800,0,standing,not-looking,15452,1719,707,1744,801,0,standing,not-looking,15453,1724,707,1750,801,0,standing,not-looking,15454,1730,707,1756,802,0,standing,not-looking,15455,1735,707,1761,802,0,standing,not-looking,15456,1740,707,1767,802,0,standing,not-looking,15457,1745,707,1773,803,0,standing,not-looking,15458,1749,706,1778,803,0,standing,not-looking,15459,1754,705,1783,804,0,standing,not-looking
3_10_670,12126,110,656,154,776,0,standing,not-looking,12127,106,656,151,776,0,standing,not-looking,12128,103,655,148,775,0,standing,not-looking,12129,99,655,145,775,0,standing,not-looking,12130,96,654,142,775,0,standing,not-looking,12131,92,654,139,775,0,standing,not-looking,12132,89,653,136,774,0,standing,not-looking,12133,85,652,133,774,0,standing,not-looking,12134,82,652,130,774,0,standing,not-looking,12135,78,651,127,774,0,standing,not-looking,12136,75,651,124,774,0,standing,not-looking,12137,72,651,120,774,0,standing,not-looking,12138,69,650,117,774,0,standing,not-looking,12139,65,650,114,774,0,standing,not-looking,12140,62,649,110,774,0,standing,not-looking,12141,59,649,107,774,0,standing,not-looking,12142,56,649,104,774,0,standing,not-looking,12143,53,648,101,774,0,standing,not-looking,12144,50,648,97,774,0,standing,not-looking,12145,46,648,94,774,0,standing,not-looking,12146,43,647,91,774,0,standing,not-looking,12147,40,647,87,774,0,standing,not-looking,12148,37,646,84,774,0,standing,not-looking,12149,34,646,81,774,0,standing,not-looking,12150,31,646,77,774,0,standing,not-looking,12151,27,645,74,774,0,standing,not-looking,12152,24,645,71,774,0,standing,not-looking,12153,21,644,68,774,0,standing,not-looking,12154,18,644,64,774,0,standing,not-looking,12155,15,644,61,774,0,standing,not-looking,12156,12,643,58,775,0,standing,not-looking,12157,9,642,54,776,0,standing,not-looking
3_10_669,6477,1619,628,1708,930,0,walking,not-looking,6478,1618,628,1708,930,0,walking,not-looking,6479,1618,628,1708,930,0,walking,not-looking,6480,1618,628,1708,931,0,walking,not-looking,6481,1618,628,1708,931,0,walking,not-looking,6482,1618,628,1709,932,0,walking,not-looking,6483,1619,628,1709,932,0,walking,not-looking,6484,1619,628,1709,932,0,walking,not-looking,6485,1619,628,1709,933,0,walking,not-looking,6486,1619,628,1709,933,0,walking,not-looking,6487,1619,628,1709,934,0,walking,not-looking,6488,1619,628,1709,934,0,walking,not-looking,6489,1619,628,1709,934,0,walking,not-looking,6490,1619,628,1710,935,0,walking,not-looking,6491,1620,628,1710,935,0,walking,not-looking,6492,1620,628,1710,936,0,walking,not-looking,6493,1620,628,1710,936,0,walking,not-looking,6494,1620,628,1710,936,0,walking,not-looking,6495,1620,628,1710,937,0,walking,not-looking,6496,1620,628,1710,937,0,walking,not-looking,6497,1620,628,1710,938,0,walking,not-looking,6498,1620,628,1711,938,0,walking,not-looking,6499,1622,628,1712,938,0,standing,not-looking,6500,1623,628,1713,938,0,standing,not-looking,6501,1624,628,1714,938,0,standing,not-looking,6502,1626,628,1715,938,0,standing,not-looking,6503,1627,628,1716,938,0,standing,not-looking,6504,1628,627,1717,938,0,standing,not-looking,6505,1630,627,1718,938,0,standing,not-looking,6506,1631,627,1720,938,0,standing,not-looking,6507,1632,627,1721,939,0,standing,not-looking,6508,1634,627,1722,939,0,standing,not-looking
3_10_646,3733,370,729,389,799,1,standing,not-looking,3734,361,728,381,798,1,standing,not-looking,3735,357,728,377,799,2,standing,not-looking,3736,351,728,371,800,2,standing,not-looking,3737,344,727,364,801,2,standing,not-looking,3738,337,727,358,802,2,standing,not-looking,3739,331,727,352,803,2,standing,not-looking,3740,324,726,346,804,2,standing,not-looking,3741,318,726,340,805,2,standing,not-looking,3742,311,726,334,806,2,standing,not-looking,3743,304,725,327,807,2,standing,not-looking,3744,298,725,321,808,1,standing,not-looking,3745,292,724,318,811,0,standing,not-looking,3746,285,724,310,811,0,standing,not-looking,3747,277,723,303,811,0,standing,not-looking,3748,270,722,297,812,0,standing,not-looking,3749,263,721,290,813,0,standing,not-looking,3750,255,721,283,813,0,standing,not-looking,3751,248,720,277,814,0,standing,not-looking,3752,241,719,269,814,0,standing,not-looking,3753,233,719,262,814,0,standing,not-looking,3754,225,718,254,815,0,standing,not-looking,3755,218,717,246,815,0,standing,not-looking,3756,210,717,239,815,0,standing,not-looking,3757,202,715,230,815,0,standing,not-looking,3758,193,714,221,815,0,standing,not-looking,3759,184,712,213,815,0,standing,not-looking,3760,176,710,204,815,0,standing,not-looking,3761,167,709,195,815,0,standing,not-looking,3762,158,707,187,815,0,standing,not-looking,3763,150,705,178,815,0,standing,not-looking,3764,141,704,170,815,0,standing,not-looking
3_10_653,6567,1529,631,1628,932,0,standing,not-looking,6568,1529,631,1628,932,0,standing,not-looking,6569,1529,631,1628,932,0,standing,not-looking,6570,1529,631,1628,933,0,standing,not-looking,6571,1529,631,1628,933,0,standing,not-looking,6572,1529,631,1629,933,0,standing,not-looking,6573,1529,631,1629,933,0,standing,not-looking,6574,1529,632,1629,933,0,standing,not-looking,6575,1529,632,1629,934,0,standing,not-looking,6576,1529,632,1629,934,0,standing,not-looking,6577,1529,632,1629,934,0,standing,not-looking,6578,1529,632,1629,934,0,standing,not-looking,6579,1529,632,1629,935,0,standing,not-looking,6580,1529,632,1629,935,0,standing,not-looking,6581,1529,632,1629,935,0,standing,not-looking,6582,1529,632,1629,935,0,standing,not-looking,6583,1529,632,1629,935,0,standing,not-looking,6584,1529,633,1629,936,0,standing,not-looking,6585,1529,633,1630,936,0,standing,not-looking,6586,1529,633,1630,936,0,standing,not-looking,6587,1529,633,1630,936,0,standing,not-looking,6588,1529,633,1630,936,0,standing,not-looking,6589,1529,633,1630,937,0,standing,not-looking,6590,1529,633,1630,937,0,standing,not-looking,6591,1529,633,1630,937,0,standing,not-looking,6592,1529,633,1630,937,0,standing,not-looking,6593,1529,633,1630,937,0,standing,not-looking,6594,1529,634,1630,938,0,standing,not-looking,6595,1529,634,1630,938,0,standing,not-looking,6596,1529,634,1630,938,0,standing,not-looking,6597,1529,634,1630,938,0,standing,not-looking,6598,1529,634,1631,939,0,standing,not-looking
3_10_664,15945,585,712,612,792,1,standing,not-looking,15946,585,712,612,792,2,standing,not-looking,15947,584,712,611,794,2,standing,not-looking,15948,583,711,609,796,2,standing,not-looking,15949,582,711,608,798,2,standing,not-looking,15950,581,711,606,799,2,standing,not-looking,15951,580,710,605,801,2,standing,not-looking,15952,579,710,603,803,1,standing,not-looking,15953,575,710,602,802,0,standing,not-looking,15954,570,710,600,801,0,standing,not-looking,15955,567,709,599,806,0,standing,not-looking,15956,564,708,598,810,0,standing,not-looking,15957,562,708,596,811,0,standing,not-looking,15958,559,707,594,812,0,standing,not-looking,15959,556,707,592,813,0,standing,not-looking,15960,553,706,590,814,0,standing,not-looking,15961,550,706,588,815,0,standing,not-looking,15962,545,705,586,817,0,standing,not-looking,15963,541,704,583,819,0,standing,not-looking,15964,537,703,580,821,0,standing,not-looking,15965,532,703,577,823,0,standing,not-looking,15966,528,702,574,824,0,standing,not-looking,15967,522,701,571,827,0,standing,not-looking,15968,516,700,568,829,0,standing,not-looking,15969,511,699,565,831,0,standing,not-looking,15970,505,699,561,834,0,standing,not-looking,15971,499,698,558,836,0,standing,not-looking,15972,491,697,550,839,0,standing,not-looking,15973,483,696,543,842,0,standing,not-looking,15974,475,696,536,846,0,standing,not-looking,15975,467,695,528,849,0,standing,not-looking,15976,459,694,521,852,0,standing,not-looking
3_10_659,8603,1443,689,1488,829,0,standing,looking,8604,1448,688,1493,830,0,standing,looking,8605,1452,688,1499,831,0,standing,looking,8606,1457,687,1504,832,0,standing,looking,8607,1462,687,1509,833,0,standing,looking,8608,1466,686,1515,833,0,standing,looking,8609,1472,685,1521,834,0,standing,looking,8610,1477,685,1527,834,0,standing,looking,8611,1483,684,1533,835,0,standing,looking,8612,1488,683,1539,836,0,standing,looking,8613,1494,682,1545,836,0,standing,looking,8614,1499,681,1551,837,0,standing,looking,8615,1506,680,1558,838,0,standing,looking,8616,1513,680,1564,839,0,standing,looking,8617,1519,679,1570,840,0,standing,looking,8618,1526,678,1576,841,0,standing,looking,8619,1534,677,1584,842,0,standing,looking,8620,1542,675,1591,842,0,standing,looking,8621,1550,674,1599,843,0,standing,looking,8622,1558,673,1606,844,0,standing,looking,8623,1566,672,1614,845,0,standing,looking,8624,1575,670,1622,846,0,standing,looking,8625,1583,668,1630,846,0,standing,looking,8626,1591,666,1638,847,0,standing,looking,8627,1600,664,1646,848,0,standing,looking,8628,1608,663,1655,848,0,standing,looking,8629,1616,661,1663,849,0,standing,looking,8630,1627,659,1673,850,0,standing,looking,8631,1637,657,1683,850,0,standing,looking,8632,1647,655,1694,851,0,standing,looking,8633,1658,653,1704,852,0,standing,looking,8634,1668,651,1714,853,0,standing,looking
3_10_643,3731,351,721,373,795,1,standing,not-looking,3732,345,722,368,796,0,standing,not-looking,3733,340,722,361,796,0,standing,not-looking,3734,334,722,355,795,1,standing,not-looking,3735,329,722,350,795,1,standing,not-looking,3736,324,722,345,795,2,standing,not-looking,3737,317,721,339,795,2,standing,not-looking,3738,311,721,332,796,2,standing,not-looking,3739,304,720,326,796,2,standing,not-looking,3740,298,720,320,796,2,standing,not-looking,3741,292,719,314,796,2,standing,not-looking,3742,285,719,307,796,2,standing,not-looking,3743,279,718,301,797,2,standing,not-looking,3744,272,718,295,797,2,standing,not-looking,3745,266,718,288,797,1,standing,not-looking,3746,261,717,282,802,0,standing,not-looking,3747,253,717,275,803,0,standing,not-looking,3748,246,716,268,803,0,standing,not-looking,3749,239,715,261,804,0,standing,not-looking,3750,232,715,255,804,0,standing,not-looking,3751,225,714,248,805,0,standing,not-looking,3752,218,713,241,804,0,standing,not-looking,3753,211,713,233,804,0,standing,not-looking,3754,203,712,226,804,0,standing,not-looking,3755,196,711,219,804,0,standing,not-looking,3756,189,710,212,803,0,standing,not-looking,3757,182,709,205,803,0,standing,not-looking,3758,175,708,197,803,0,standing,not-looking,3759,167,706,190,803,0,standing,not-looking,3760,160,705,183,803,0,standing,not-looking,3761,153,704,176,803,0,standing,not-looking,3762,145,703,168,803,0,standing,not-looking
3_10_642,3679,334,713,360,798,1,standing,not-looking,3680,326,712,352,798,1,standing,not-looking,3681,318,711,344,798,1,standing,not-looking,3682,309,711,335,798,0,standing,not-looking,3683,301,711,327,799,1,standing,not-looking,3684,293,711,319,798,1,standing,not-looking,3685,282,710,310,797,2,standing,not-looking,3686,272,708,300,797,2,standing,not-looking,3687,263,706,291,796,2,standing,not-looking,3688,253,705,281,796,2,standing,not-looking,3689,243,703,271,795,2,standing,not-looking,3690,234,701,262,795,2,standing,not-looking,3691,224,700,252,794,2,standing,not-looking,3692,214,698,243,794,2,standing,not-looking,3693,205,697,233,794,2,standing,not-looking,3694,195,695,224,793,2,standing,not-looking,3695,186,693,214,793,2,standing,not-looking,3696,176,692,205,792,2,standing,not-looking,3697,166,690,195,792,2,standing,not-looking,3698,157,688,186,791,2,standing,not-looking,3699,147,687,176,791,2,standing,not-looking,3700,137,685,167,790,2,standing,not-looking,3701,128,684,157,790,2,standing,not-looking,3702,118,682,148,790,2,standing,not-looking,3703,105,682,137,794,0,standing,not-looking,3704,93,679,126,794,0,standing,not-looking,3705,82,677,115,794,0,standing,not-looking,3706,71,674,104,794,0,standing,not-looking,3707,59,672,93,794,0,standing,not-looking,3708,48,669,82,792,0,standing,not-looking,3709,36,666,71,789,0,standing,not-looking,3710,25,663,60,787,0,standing,not-looking
3_10_662,15428,1640,720,1657,779,0,standing,not-looking,15429,1645,719,1663,779,0,standing,not-looking,15430,1651,719,1668,780,0,standing,not-looking,15431,1656,718,1674,780,0,standing,not-looking,15432,1661,718,1680,781,0,standing,not-looking,15433,1667,717,1685,781,0,standing,not-looking,15434,1672,717,1691,781,0,standing,not-looking,15435,1677,716,1697,782,0,standing,not-looking,15436,1682,716,1702,782,0,standing,not-looking,15437,1688,715,1708,783,0,standing,not-looking,15438,1693,715,1714,783,0,standing,not-looking,15439,1698,714,1719,783,0,standing,not-looking,15440,1703,714,1725,784,0,standing,not-looking,15441,1709,713,1730,784,0,standing,not-looking,15442,1714,713,1736,785,0,standing,not-looking,15443,1719,712,1742,785,0,standing,not-looking,15444,1724,712,1747,786,0,standing,not-looking,15445,1729,711,1752,786,0,standing,not-looking,15446,1734,711,1758,787,0,standing,not-looking,15447,1739,710,1763,788,0,standing,not-looking,15448,1744,710,1768,788,0,standing,not-looking,15449,1749,709,1774,789,0,standing,not-looking,15450,1755,709,1779,790,0,standing,not-looking,15451,1760,708,1785,790,0,standing,not-looking,15452,1765,708,1790,791,0,standing,not-looking,15453,1770,707,1796,792,0,standing,not-looking,15454,1775,707,1801,793,0,standing,not-looking,15455,1780,707,1807,793,0,standing,not-looking,15456,1786,706,1812,794,0,standing,not-looking,15457,1791,706,1818,795,0,standing,not-looking,15458,1796,705,1823,795,0,standing,not-looking,15459,1801,705,1829,796,0,standing,not-looking
3_10_655,6567,1744,575,1858,898,0,walking,not-looking,6568,1745,575,1859,897,0,walking,not-looking,6569,1746,575,1860,897,0,walking,not-looking,6570,1747,574,1861,897,0,walking,not-looking,6571,1748,575,1863,897,0,walking,not-looking,6572,1749,575,1864,897,0,walking,not-looking,6573,1750,575,1865,897,0,walking,not-looking,6574,1752,575,1866,897,0,walking,not-looking,6575,1753,575,1867,898,0,walking,not-looking,6576,1753,574,1869,898,0,walking,not-looking,6577,1754,573,1870,898,0,walking,not-looking,6578,1755,572,1871,899,0,walking,not-looking,6579,1756,570,1873,899,0,walking,not-looking,6580,1756,569,1874,900,0,walking,not-looking,6581,1760,568,1876,899,0,walking,not-looking,6582,1763,567,1878,899,0,walking,not-looking,6583,1766,566,1879,899,0,walking,not-looking,6584,1769,565,1881,899,0,walking,not-looking,6585,1772,564,1883,899,0,walking,not-looking,6586,1774,564,1885,899,0,walking,not-looking,6587,1776,564,1886,899,0,walking,not-looking,6588,1778,564,1888,899,0,walking,not-looking,6589,1780,564,1890,898,0,walking,not-looking,6590,1782,564,1891,898,0,walking,not-looking,6591,1785,563,1894,899,0,walking,not-looking,6592,1788,563,1897,900,0,walking,not-looking,6593,1790,562,1900,901,0,walking,not-looking,6594,1793,562,1902,901,0,walking,not-looking,6595,1796,561,1905,902,0,walking,not-looking,6596,1798,560,1907,901,0,walking,not-looking,6597,1800,559,1909,900,0,walking,not-looking,6598,1802,558,1911,899,0,walking,not-looking
3_10_654,6567,1559,645,1633,891,1,standing,not-looking,6568,1559,645,1634,892,1,standing,not-looking,6569,1559,645,1634,892,1,standing,not-looking,6570,1560,645,1634,892,1,standing,not-looking,6571,1560,645,1635,892,1,standing,not-looking,6572,1560,646,1636,893,1,standing,not-looking,6573,1561,646,1637,894,1,standing,not-looking,6574,1561,647,1638,894,1,standing,not-looking,6575,1562,647,1639,895,1,standing,not-looking,6576,1562,647,1639,895,1,standing,not-looking,6577,1562,647,1639,895,1,standing,not-looking,6578,1562,647,1639,895,1,standing,not-looking,6579,1562,647,1639,895,1,standing,not-looking,6580,1562,647,1639,895,0,standing,not-looking,6581,1563,647,1640,895,0,standing,not-looking,6582,1565,647,1642,895,0,standing,not-looking,6583,1566,646,1643,894,0,standing,not-looking,6584,1567,646,1645,894,0,standing,not-looking,6585,1569,646,1646,894,0,standing,not-looking,6586,1570,646,1648,894,0,standing,not-looking,6587,1572,645,1649,893,0,standing,not-looking,6588,1573,645,1650,893,0,standing,not-looking,6589,1575,645,1652,893,0,standing,not-looking,6590,1576,645,1653,893,0,standing,not-looking,6591,1577,645,1654,893,0,standing,not-looking,6592,1577,645,1654,893,0,standing,not-looking,6593,1578,645,1655,893,0,standing,not-looking,6594,1578,645,1656,893,0,standing,not-looking,6595,1579,645,1656,893,0,standing,not-looking,6596,1579,645,1657,893,0,standing,not-looking,6597,1580,646,1657,893,0,standing,not-looking,6598,1581,646,1658,894,0,standing,not-looking
3_10_638,3317,529,715,552,810,2,standing,not-looking,3318,523,714,546,810,2,standing,not-looking,3319,517,713,540,811,2,standing,not-looking,3320,511,712,534,811,2,standing,not-looking,3321,505,710,529,811,2,standing,not-looking,3322,499,709,523,812,2,standing,not-looking,3323,493,708,517,812,2,standing,not-looking,3324,487,707,511,813,2,standing,not-looking,3325,481,706,505,813,2,standing,not-looking,3326,474,705,498,814,2,standing,not-looking,3327,466,704,491,814,2,standing,not-looking,3328,458,703,484,815,2,standing,not-looking,3329,451,703,477,816,2,standing,not-looking,3330,443,702,470,816,2,standing,not-looking,3331,436,701,463,817,2,standing,not-looking,3332,427,700,454,820,2,standing,not-looking,3333,418,698,446,823,2,standing,not-looking,3334,409,696,438,823,2,standing,not-looking,3335,400,694,429,823,2,standing,not-looking,3336,390,692,421,824,2,standing,not-looking,3337,379,691,411,823,2,standing,not-looking,3338,368,689,401,822,1,standing,not-looking,3339,357,688,392,821,1,standing,not-looking,3340,347,686,382,823,1,standing,not-looking,3341,338,684,372,825,1,standing,not-looking,3342,328,682,362,827,0,standing,not-looking,3343,317,680,352,829,0,standing,not-looking,3344,307,679,341,831,0,standing,not-looking,3345,296,677,331,833,0,standing,not-looking,3346,286,675,320,835,0,standing,not-looking,3347,265,673,306,835,0,standing,not-looking,3348,252,670,293,834,0,standing,not-looking
3_10_663,15428,1599,719,1615,784,0,standing,not-looking,15429,1604,719,1620,785,0,standing,not-looking,15430,1608,719,1625,785,0,standing,not-looking,15431,1613,718,1630,786,0,standing,not-looking,15432,1617,718,1634,786,0,standing,not-looking,15433,1622,718,1639,787,0,standing,not-looking,15434,1626,717,1644,787,0,standing,not-looking,15435,1631,717,1648,788,0,standing,not-looking,15436,1635,717,1653,789,0,standing,not-looking,15437,1639,716,1658,789,0,standing,not-looking,15438,1644,716,1663,790,0,standing,not-looking,15439,1648,716,1667,790,0,standing,not-looking,15440,1653,715,1672,791,0,standing,not-looking,15441,1657,715,1677,791,0,standing,not-looking,15442,1662,715,1682,792,0,standing,not-looking,15443,1666,714,1686,792,0,standing,not-looking,15444,1671,714,1691,793,0,standing,not-looking,15445,1675,714,1696,794,0,standing,not-looking,15446,1680,713,1701,794,0,standing,not-looking,15447,1684,713,1705,795,0,standing,not-looking,15448,1689,713,1710,795,0,standing,not-looking,15449,1693,712,1715,796,0,standing,not-looking,15450,1697,712,1720,796,0,standing,not-looking,15451,1702,712,1724,797,0,standing,not-looking,15452,1706,711,1729,797,0,standing,not-looking,15453,1711,711,1734,798,0,standing,not-looking,15454,1715,711,1739,799,0,standing,not-looking,15455,1720,710,1743,799,0,standing,not-looking,15456,1724,710,1748,800,0,standing,not-looking,15457,1729,710,1753,800,0,standing,not-looking,15458,1733,709,1758,801,0,standing,not-looking,15459,1738,709,1762,801,0,standing,not-looking
3_10_658,8265,1342,707,1401,884,0,walking,not-looking,8266,1349,706,1405,887,0,walking,not-looking,8267,1356,706,1409,889,0,walking,not-looking,8268,1363,705,1417,891,0,walking,not-looking,8269,1370,705,1424,892,0,walking,not-looking,8270,1377,704,1432,894,0,walking,not-looking,8271,1385,704,1440,896,0,walking,not-looking,8272,1392,703,1447,897,0,walking,not-looking,8273,1397,702,1458,900,0,walking,not-looking,8274,1403,701,1470,902,0,walking,not-looking,8275,1409,700,1481,905,0,walking,not-looking,8276,1415,699,1492,908,0,walking,not-looking,8277,1420,698,1503,910,0,walking,not-looking,8278,1429,695,1514,913,0,walking,not-looking,8279,1438,693,1525,915,0,walking,not-looking,8280,1448,691,1536,918,0,walking,not-looking,8281,1457,688,1546,920,0,walking,not-looking,8282,1466,686,1557,922,0,walking,not-looking,8283,1474,684,1568,926,0,walking,not-looking,8284,1483,683,1579,930,0,walking,not-looking,8285,1491,682,1590,934,0,walking,not-looking,8286,1500,680,1601,937,0,walking,not-looking,8287,1508,679,1612,941,0,walking,not-looking,8288,1518,676,1626,945,0,walking,not-looking,8289,1528,673,1639,949,0,walking,not-looking,8290,1537,670,1653,953,0,walking,not-looking,8291,1547,668,1666,958,0,walking,not-looking,8292,1557,665,1680,962,0,walking,not-looking,8293,1570,659,1696,964,0,walking,not-looking,8294,1583,654,1713,966,0,walking,not-looking,8295,1596,648,1729,968,0,walking,not-looking,8296,1609,643,1745,970,0,walking,not-looking
3_10_651,4223,1244,750,1346,894,0,standing,not-looking,4224,1248,750,1351,895,0,standing,not-looking,4225,1251,750,1355,896,0,standing,not-looking,4226,1254,750,1360,898,0,standing,not-looking,4227,1257,749,1364,899,0,standing,not-looking,4228,1260,749,1369,901,0,standing,not-looking,4229,1264,749,1373,902,0,standing,not-looking,4230,1269,749,1377,903,0,standing,not-looking,4231,1273,750,1381,904,0,standing,not-looking,4232,1277,750,1385,905,0,standing,not-looking,4233,1282,750,1390,906,0,standing,not-looking,4234,1284,750,1393,907,0,standing,not-looking,4235,1287,749,1397,909,0,standing,not-looking,4236,1289,749,1401,910,0,standing,not-looking,4237,1292,749,1404,912,0,standing,not-looking,4238,1295,749,1408,913,0,standing,not-looking,4239,1297,749,1411,914,0,standing,not-looking,4240,1299,749,1414,915,0,standing,not-looking,4241,1301,749,1416,916,0,standing,not-looking,4242,1303,748,1419,917,0,standing,not-looking,4243,1305,748,1422,918,0,standing,not-looking,4244,1308,748,1425,918,0,standing,not-looking,4245,1310,748,1428,919,0,standing,not-looking,4246,1312,748,1431,920,0,standing,not-looking,4247,1314,748,1434,921,0,standing,not-looking,4248,1316,748,1436,922,0,standing,not-looking,4249,1318,748,1439,923,0,standing,not-looking,4250,1321,748,1442,924,0,standing,not-looking,4251,1323,748,1445,925,0,standing,not-looking,4252,1325,748,1448,926,0,standing,not-looking,4253,1327,748,1451,927,0,standing,not-looking,4254,1329,748,1454,927,0,standing,not-looking
3_10_656,6542,1603,642,1667,852,2,standing,not-looking,6543,1603,642,1667,852,2,standing,not-looking,6544,1603,642,1667,851,2,standing,not-looking,6545,1603,642,1668,851,2,standing,not-looking,6546,1603,642,1668,851,2,standing,not-looking,6547,1603,642,1668,851,2,standing,not-looking,6548,1603,642,1668,851,1,standing,not-looking,6549,1603,642,1674,848,0,standing,not-looking,6550,1603,642,1674,848,0,standing,not-looking,6551,1603,642,1674,848,0,standing,not-looking,6552,1603,642,1674,848,0,standing,not-looking,6553,1603,642,1674,848,0,standing,not-looking,6554,1603,642,1674,848,0,standing,not-looking,6555,1603,642,1674,848,0,standing,not-looking,6556,1603,642,1674,848,0,standing,not-looking,6557,1603,642,1674,848,0,standing,not-looking,6558,1603,642,1674,848,0,standing,not-looking,6559,1603,642,1674,848,0,standing,not-looking,6560,1603,642,1674,848,0,standing,not-looking,6561,1603,642,1674,848,0,standing,not-looking,6562,1603,642,1674,848,0,standing,not-looking,6563,1603,642,1674,848,0,standing,not-looking,6564,1603,642,1674,848,0,standing,not-looking,6565,1603,642,1674,848,0,standing,not-looking,6566,1603,642,1674,848,0,standing,not-looking,6567,1603,642,1674,848,0,standing,not-looking,6568,1603,642,1674,848,0,standing,not-looking,6569,1603,642,1674,848,0,standing,not-looking,6570,1603,642,1674,848,0,standing,not-looking,6571,1603,642,1674,848,0,standing,not-looking,6572,1603,642,1674,848,0,standing,not-looking,6573,1603,642,1674,848,0,standing,not-looking
3_10_644,3733,383,736,404,802,1,standing,not-looking,3734,378,736,399,802,2,standing,not-looking,3735,372,735,392,803,2,standing,not-looking,3736,365,735,386,804,2,standing,not-looking,3737,359,734,380,805,2,standing,not-looking,3738,353,734,374,805,2,standing,not-looking,3739,346,733,368,806,2,standing,not-looking,3740,340,733,362,807,2,standing,not-looking,3741,334,732,356,808,2,standing,not-looking,3742,327,732,350,809,2,standing,not-looking,3743,321,731,344,810,2,standing,not-looking,3744,315,731,338,811,1,standing,not-looking,3745,305,730,329,810,0,standing,not-looking,3746,300,730,323,811,0,standing,not-looking,3747,294,730,318,812,0,standing,not-looking,3748,286,729,311,812,0,standing,not-looking,3749,279,729,304,813,0,standing,not-looking,3750,272,728,297,813,0,standing,not-looking,3751,265,728,290,814,0,standing,not-looking,3752,257,727,283,814,0,standing,not-looking,3753,249,726,275,814,0,standing,not-looking,3754,240,726,267,814,0,standing,not-looking,3755,232,725,259,814,0,standing,not-looking,3756,224,724,251,814,0,standing,not-looking,3757,216,723,243,815,0,standing,not-looking,3758,208,722,235,815,0,standing,not-looking,3759,200,721,227,815,0,standing,not-looking,3760,192,720,219,815,0,standing,not-looking,3761,183,719,211,815,0,standing,not-looking,3762,175,719,202,815,0,standing,not-looking,3763,167,718,194,815,0,standing,not-looking,3764,159,717,186,815,0,standing,not-looking
3_10_650,4061,1372,691,1421,843,1,standing,not-looking,4062,1377,691,1427,842,1,standing,not-looking,4063,1382,690,1432,841,1,standing,not-looking,4064,1387,689,1438,840,1,standing,not-looking,4065,1392,688,1443,840,1,standing,not-looking,4066,1397,688,1448,839,0,standing,not-looking,4067,1401,688,1452,839,0,standing,not-looking,4068,1407,685,1460,840,0,standing,not-looking,4069,1413,683,1468,842,0,standing,looking,4070,1419,680,1477,843,0,standing,looking,4071,1425,677,1485,844,0,standing,looking,4072,1431,675,1493,846,0,standing,looking,4073,1437,672,1501,847,0,standing,looking,4074,1443,670,1509,848,0,standing,looking,4075,1449,667,1517,850,0,standing,looking,4076,1455,664,1525,851,0,standing,looking,4077,1461,662,1533,852,0,standing,looking,4078,1470,660,1543,854,0,standing,looking,4079,1480,658,1553,855,0,standing,looking,4080,1490,656,1563,857,0,standing,looking,4081,1499,654,1573,858,0,standing,looking,4082,1509,652,1583,860,0,standing,looking,4083,1518,650,1594,861,0,standing,looking,4084,1528,648,1604,863,0,standing,looking,4085,1537,646,1614,864,0,standing,looking,4086,1547,644,1624,866,0,standing,looking,4087,1556,642,1634,867,0,standing,looking,4088,1568,640,1646,868,0,standing,looking,4089,1580,638,1658,870,0,standing,looking,4090,1592,636,1671,871,0,standing,looking,4091,1603,634,1683,873,0,standing,not-looking,4092,1615,632,1695,874,0,standing,not-looking
3_10_668,17967,802,721,837,796,0,walking,looking,17968,800,722,835,798,0,walking,looking,17969,798,722,833,800,0,walking,looking,17970,795,722,831,802,0,walking,looking,17971,792,724,828,805,0,walking,looking,17972,788,726,825,807,0,walking,looking,17973,785,727,823,810,0,walking,looking,17974,781,729,820,812,0,walking,looking,17975,778,731,817,815,0,walking,looking,17976,774,727,815,814,0,walking,looking,17977,771,722,812,812,0,walking,looking,17978,768,718,809,811,0,walking,looking,17979,765,714,807,809,0,walking,looking,17980,762,710,804,808,0,walking,looking,17981,758,708,801,808,0,walking,looking,17982,754,706,798,808,0,walking,looking,17983,750,704,794,807,0,walking,looking,17984,746,702,791,807,0,walking,looking,17985,742,700,788,807,0,walking,looking,17986,736,700,783,810,0,walking,looking,17987,731,700,779,812,0,walking,looking,17988,725,700,775,815,0,walking,looking,17989,720,701,771,818,0,walking,looking,17990,714,701,766,820,0,walking,looking,17991,707,698,761,823,0,walking,looking,17992,700,696,756,826,0,walking,looking,17993,693,694,751,829,0,walking,looking,17994,684,691,744,832,0,walking,looking,17995,674,688,736,834,0,walking,looking,17996,665,685,729,837,0,walking,looking,17997,655,682,721,840,0,walking,looking,17998,646,679,714,842,0,walking,looking
3_10_667,15984,1278,734,1304,811,0,walking,not-looking,15985,1282,733,1312,812,0,walking,not-looking,15986,1286,732,1320,812,0,walking,not-looking,15987,1293,732,1328,812,0,walking,not-looking,15988,1301,731,1336,813,0,walking,not-looking,15989,1308,730,1344,813,0,walking,not-looking,15990,1314,729,1353,813,0,walking,not-looking,15991,1322,728,1362,813,0,walking,not-looking,15992,1329,726,1370,813,0,walking,not-looking,15993,1337,725,1379,814,0,walking,not-looking,15994,1345,724,1388,814,0,walking,not-looking,15995,1352,723,1396,814,0,walking,not-looking,15996,1360,722,1405,814,0,walking,not-looking,15997,1367,721,1414,814,0,walking,not-looking,15998,1375,719,1423,814,0,walking,not-looking,15999,1382,718,1431,814,0,walking,not-looking,16000,1392,719,1442,817,0,walking,not-looking,16001,1402,720,1453,819,0,walking,not-looking,16002,1411,721,1464,821,0,walking,not-looking,16003,1421,722,1475,823,0,walking,not-looking,16004,1431,723,1485,825,0,walking,not-looking,16005,1443,723,1499,828,0,walking,not-looking,16006,1455,724,1512,831,0,walking,not-looking,16007,1468,724,1526,834,0,walking,not-looking,16008,1480,724,1539,837,0,walking,not-looking,16009,1492,725,1553,840,0,walking,not-looking,16010,1504,725,1566,843,0,walking,not-looking,16011,1521,723,1584,844,0,walking,not-looking,16012,1539,721,1601,845,0,walking,not-looking,16013,1556,719,1619,845,0,walking,not-looking,16014,1573,717,1636,846,0,walking,not-looking,16015,1590,715,1654,847,0,walking,not-looking
3_10_652,6185,1786,549,1896,1004,0,walking,not-looking,6186,1783,551,1894,1003,0,walking,not-looking,6187,1780,552,1893,1002,0,walking,not-looking,6188,1777,554,1891,1001,0,walking,not-looking,6189,1763,557,1887,1002,0,walking,not-looking,6190,1749,560,1884,1002,0,walking,not-looking,6191,1735,564,1881,1002,0,walking,not-looking,6192,1722,567,1877,1003,0,walking,not-looking,6193,1708,571,1874,1003,0,walking,not-looking,6194,1707,573,1867,1002,0,walking,not-looking,6195,1706,575,1861,1001,0,walking,not-looking,6196,1706,578,1855,1000,0,walking,not-looking,6197,1705,580,1848,999,0,walking,not-looking,6198,1704,582,1842,998,0,walking,not-looking,6199,1698,583,1831,996,0,walking,not-looking,6200,1691,584,1820,995,0,walking,not-looking,6201,1685,585,1810,993,0,walking,not-looking,6202,1679,586,1799,992,0,walking,not-looking,6203,1673,587,1788,990,0,walking,not-looking,6204,1663,592,1780,989,0,walking,not-looking,6205,1653,597,1772,988,0,walking,not-looking,6206,1643,603,1764,987,0,walking,not-looking,6207,1633,608,1757,986,0,walking,not-looking,6208,1622,614,1749,985,0,walking,not-looking,6209,1618,615,1743,984,0,walking,not-looking,6210,1613,617,1737,984,0,walking,not-looking,6211,1608,619,1728,980,0,walking,not-looking,6212,1603,621,1718,976,0,walking,not-looking,6213,1598,623,1709,972,0,walking,not-looking,6214,1591,623,1701,969,0,walking,not-looking,6215,1585,624,1694,965,0,walking,not-looking,6216,1578,624,1686,962,0,walking,not-looking
3_10_666,15984,1313,735,1341,814,0,walking,not-looking,15985,1320,734,1347,814,0,walking,not-looking,15986,1328,733,1354,814,0,walking,not-looking,15987,1336,732,1361,814,0,walking,not-looking,15988,1343,731,1369,814,0,walking,not-looking,15989,1350,730,1377,813,0,walking,not-looking,15990,1357,729,1385,813,0,walking,not-looking,15991,1364,728,1393,812,0,walking,not-looking,15992,1373,727,1403,813,0,walking,not-looking,15993,1381,725,1413,813,0,walking,not-looking,15994,1390,724,1423,813,0,walking,not-looking,15995,1398,723,1433,813,0,walking,not-looking,15996,1407,722,1443,813,0,walking,not-looking,15997,1418,721,1453,815,0,walking,not-looking,15998,1429,720,1464,817,0,walking,not-looking,15999,1441,720,1475,819,0,walking,not-looking,16000,1452,719,1486,820,0,walking,not-looking,16001,1463,719,1496,822,0,walking,not-looking,16002,1474,718,1506,824,0,walking,not-looking,16003,1486,719,1518,826,0,walking,not-looking,16004,1498,720,1531,827,0,walking,not-looking,16005,1510,721,1543,829,0,walking,not-looking,16006,1522,723,1556,831,0,walking,not-looking,16007,1533,723,1570,834,0,walking,not-looking,16008,1545,723,1585,838,0,walking,not-looking,16009,1556,723,1600,841,0,walking,not-looking,16010,1570,723,1615,842,0,walking,not-looking,16011,1584,722,1631,843,0,walking,not-looking,16012,1597,722,1646,845,0,walking,not-looking,16013,1614,720,1664,846,0,walking,not-looking,16014,1631,718,1681,847,0,walking,not-looking,16015,1648,716,1698,848,0,walking,not-looking
3_11_706,4822,1243,723,1274,816,0,standing,not-looking,4823,1246,722,1277,817,0,standing,not-looking,4824,1248,722,1279,817,0,standing,not-looking,4825,1251,722,1282,818,0,standing,not-looking,4826,1253,721,1285,818,0,standing,not-looking,4827,1256,721,1287,819,0,standing,not-looking,4828,1258,721,1290,819,0,standing,not-looking,4829,1261,720,1293,820,0,standing,not-looking,4830,1263,720,1296,821,0,standing,not-looking,4831,1266,721,1299,823,0,standing,not-looking,4832,1268,721,1302,824,0,standing,not-looking,4833,1272,722,1306,827,0,standing,not-looking,4834,1275,724,1311,830,0,standing,not-looking,4835,1279,725,1315,833,0,standing,not-looking,4836,1282,727,1319,835,0,standing,not-looking,4837,1286,728,1323,838,0,standing,not-looking,4838,1289,730,1327,841,0,standing,not-looking,4839,1293,731,1331,844,0,standing,not-looking,4840,1296,732,1336,846,0,standing,not-looking,4841,1300,733,1340,848,0,standing,not-looking,4842,1303,734,1344,850,0,standing,not-looking,4843,1307,735,1348,853,0,standing,not-looking,4844,1311,736,1352,855,0,standing,not-looking,4845,1314,737,1357,857,0,standing,not-looking,4846,1318,738,1361,859,0,standing,not-looking,4847,1321,738,1365,861,0,standing,not-looking,4848,1325,739,1369,863,0,standing,not-looking,4849,1328,740,1373,866,0,standing,not-looking,4850,1334,741,1380,869,0,standing,not-looking,4851,1339,742,1386,872,0,standing,not-looking,4852,1344,743,1392,875,0,standing,not-looking,4853,1350,744,1399,878,0,standing,not-looking
3_11_701,3042,1227,705,1303,832,0,standing,looking,3043,1230,704,1306,832,0,standing,looking,3044,1234,703,1310,832,0,standing,looking,3045,1237,702,1314,832,0,standing,looking,3046,1240,700,1318,832,0,standing,looking,3047,1243,699,1322,834,0,standing,looking,3048,1246,698,1326,835,0,standing,looking,3049,1249,697,1330,836,0,standing,looking,3050,1252,696,1334,837,0,standing,looking,3051,1255,695,1338,838,0,standing,looking,3052,1259,693,1343,839,0,standing,looking,3053,1262,692,1347,839,0,standing,looking,3054,1266,690,1352,839,0,standing,looking,3055,1270,689,1357,839,0,standing,looking,3056,1274,687,1362,839,0,standing,looking,3057,1278,686,1367,840,0,standing,looking,3058,1282,686,1372,841,0,standing,looking,3059,1287,685,1377,842,0,standing,looking,3060,1291,685,1382,842,0,standing,looking,3061,1295,684,1387,843,0,standing,looking,3062,1299,684,1392,845,0,standing,looking,3063,1304,684,1397,846,0,standing,looking,3064,1308,683,1403,847,0,standing,looking,3065,1313,683,1408,849,0,standing,looking,3066,1317,683,1413,850,0,standing,looking,3067,1322,683,1419,851,0,standing,looking,3068,1326,682,1424,853,0,standing,looking,3069,1332,682,1432,855,0,standing,looking,3070,1338,681,1439,857,0,standing,looking,3071,1344,680,1447,859,0,standing,looking,3072,1350,679,1454,862,0,standing,looking,3073,1356,678,1462,864,0,standing,looking
3_11_707,4826,1240,725,1264,810,0,standing,not-looking,4827,1242,725,1267,810,0,standing,not-looking,4828,1245,725,1270,811,0,standing,not-looking,4829,1247,724,1272,811,0,standing,not-looking,4830,1249,723,1275,811,0,standing,not-looking,4831,1251,725,1278,814,0,standing,not-looking,4832,1253,727,1281,816,0,standing,not-looking,4833,1255,728,1283,819,0,standing,not-looking,4834,1258,730,1286,821,0,standing,not-looking,4835,1260,732,1289,824,0,standing,not-looking,4836,1262,734,1292,826,0,standing,not-looking,4837,1264,735,1295,829,0,standing,not-looking,4838,1267,737,1297,831,0,standing,not-looking,4839,1269,739,1300,834,0,standing,not-looking,4840,1272,739,1304,835,0,standing,not-looking,4841,1275,739,1308,836,0,standing,not-looking,4842,1279,739,1311,837,0,standing,not-looking,4843,1283,740,1316,839,0,standing,not-looking,4844,1287,740,1320,841,0,standing,not-looking,4845,1291,741,1325,843,0,standing,not-looking,4846,1295,742,1329,845,0,standing,not-looking,4847,1299,742,1334,847,0,standing,not-looking,4848,1302,744,1338,850,0,standing,not-looking,4849,1305,745,1341,853,0,standing,not-looking,4850,1308,745,1346,855,0,standing,not-looking,4851,1312,746,1350,858,0,standing,not-looking,4852,1315,747,1355,860,0,standing,not-looking,4853,1320,748,1361,863,0,standing,not-looking,4854,1326,749,1366,866,0,standing,not-looking,4855,1331,751,1372,869,0,standing,not-looking,4856,1336,752,1378,872,0,standing,not-looking,4857,1342,754,1384,874,0,standing,not-looking
3_11_703,4724,345,715,381,836,0,standing,not-looking,4725,340,712,376,835,0,standing,not-looking,4726,335,710,370,834,0,standing,not-looking,4727,329,707,365,834,0,standing,not-looking,4728,324,705,360,833,0,standing,not-looking,4729,318,702,355,832,0,standing,not-looking,4730,313,699,350,831,0,standing,not-looking,4731,307,700,344,832,0,standing,not-looking,4732,301,701,338,833,0,standing,not-looking,4733,295,701,333,833,1,standing,not-looking,4734,288,701,325,833,1,standing,not-looking,4735,280,702,318,833,1,standing,not-looking,4736,273,702,310,834,2,standing,not-looking,4737,265,701,302,835,2,standing,not-looking,4738,257,700,295,836,2,standing,not-looking,4739,250,699,287,837,2,standing,not-looking,4740,242,699,279,838,2,standing,not-looking,4741,234,698,272,839,2,standing,not-looking,4742,226,697,264,840,2,standing,not-looking,4743,219,696,256,841,2,standing,not-looking,4744,211,695,249,843,2,standing,not-looking,4745,203,694,241,844,1,standing,not-looking,4746,196,693,233,845,0,standing,not-looking,4747,186,692,225,845,0,standing,not-looking,4748,177,690,216,845,0,standing,not-looking,4749,168,688,208,846,0,standing,not-looking,4750,159,686,199,846,0,standing,not-looking,4751,149,685,190,846,0,standing,not-looking,4752,140,683,182,847,0,standing,not-looking,4753,131,681,173,847,0,standing,not-looking,4754,121,680,165,847,0,standing,not-looking,4755,112,678,156,848,0,standing,not-looking
3_11_702,4724,1271,729,1308,833,2,walking,looking,4725,1273,729,1310,832,2,walking,looking,4726,1274,728,1312,832,2,walking,looking,4727,1275,727,1314,832,2,walking,looking,4728,1277,726,1316,832,2,walking,looking,4729,1278,726,1318,831,2,walking,looking,4730,1280,725,1321,831,2,walking,looking,4731,1281,724,1323,831,2,walking,looking,4732,1281,724,1324,832,2,walking,looking,4733,1281,724,1325,833,2,walking,looking,4734,1281,724,1329,835,1,walking,looking,4735,1283,723,1333,835,1,walking,looking,4736,1285,721,1336,835,1,walking,looking,4737,1287,720,1340,836,1,walking,looking,4738,1290,719,1343,837,1,walking,looking,4739,1294,719,1347,839,1,walking,looking,4740,1297,718,1350,840,0,walking,looking,4741,1300,718,1353,842,0,walking,looking,4742,1303,719,1355,844,0,walking,looking,4743,1306,719,1357,846,0,walking,looking,4744,1309,719,1360,847,0,walking,looking,4745,1312,719,1362,849,0,walking,looking,4746,1314,719,1365,851,0,walking,looking,4747,1317,719,1367,852,0,walking,looking,4748,1320,718,1371,853,0,walking,looking,4749,1323,716,1374,853,0,walking,looking,4750,1326,714,1378,853,0,walking,looking,4751,1329,712,1382,853,0,walking,looking,4752,1334,711,1387,854,0,walking,looking,4753,1340,709,1393,854,0,walking,looking,4754,1345,707,1398,854,0,walking,looking,4755,1350,706,1403,855,0,walking,looking
3_11_720,17733,1409,746,1453,863,0,standing,looking,17734,1412,744,1455,862,0,standing,looking,17735,1415,742,1459,861,0,standing,looking,17736,1418,740,1463,859,0,standing,looking,17737,1421,737,1466,858,0,standing,looking,17738,1424,735,1470,856,0,standing,looking,17739,1427,733,1474,854,0,standing,looking,17740,1430,732,1477,855,0,standing,looking,17741,1433,732,1481,855,0,standing,looking,17742,1436,731,1484,855,0,standing,looking,17743,1440,731,1487,856,0,standing,looking,17744,1443,730,1491,856,0,standing,looking,17745,1447,729,1495,855,0,standing,looking,17746,1451,728,1499,855,0,standing,looking,17747,1455,727,1503,855,0,standing,looking,17748,1458,726,1507,854,0,standing,looking,17749,1462,725,1511,854,0,standing,looking,17750,1466,723,1515,853,0,standing,looking,17751,1470,721,1519,851,0,standing,looking,17752,1474,719,1523,850,0,standing,looking,17753,1478,717,1528,849,0,standing,looking,17754,1482,715,1532,848,0,standing,looking,17755,1487,715,1536,849,0,standing,looking,17756,1492,715,1540,851,0,standing,looking,17757,1496,715,1544,853,0,standing,looking,17758,1501,714,1548,855,0,standing,looking,17759,1506,714,1552,856,0,standing,looking,17760,1511,716,1558,859,0,standing,looking,17761,1516,717,1563,861,0,standing,looking,17762,1521,719,1568,863,0,standing,looking,17763,1527,720,1574,866,0,standing,looking,17764,1532,722,1579,868,0,standing,not-looking
3_11_694,455,666,728,696,804,0,standing,not-looking,456,680,729,709,805,0,standing,not-looking,457,693,731,723,806,0,standing,not-looking,458,709,732,739,808,0,standing,not-looking,459,724,733,754,810,0,standing,not-looking,460,739,734,770,812,0,standing,not-looking,461,754,736,786,814,0,standing,not-looking,462,769,737,801,816,0,standing,not-looking,463,785,738,817,818,0,standing,not-looking,464,800,740,833,820,0,standing,not-looking,465,816,740,849,821,0,standing,not-looking,466,832,740,866,823,0,standing,not-looking,467,848,741,882,824,0,standing,not-looking,468,864,741,899,825,0,standing,not-looking,469,880,740,915,824,0,standing,not-looking,470,896,738,931,823,0,standing,not-looking,471,912,736,947,821,0,standing,not-looking,472,928,735,963,820,0,standing,not-looking,473,945,733,980,819,0,standing,not-looking,474,959,733,994,820,0,standing,not-looking,475,974,734,1009,821,0,standing,not-looking,476,988,734,1024,823,0,standing,not-looking,477,1003,734,1038,824,0,standing,looking,478,1018,735,1053,825,0,standing,looking,479,1032,735,1067,827,0,standing,looking,480,1046,737,1082,830,0,standing,looking,481,1060,739,1096,833,0,standing,looking,482,1073,741,1111,836,0,standing,looking,483,1087,742,1125,840,0,standing,looking,484,1101,744,1140,843,0,standing,looking,485,1114,746,1154,846,0,standing,looking,486,1128,748,1168,849,0,standing,looking
3_11_699,1038,1127,731,1144,808,0,standing,not-looking,1039,1130,731,1147,810,0,standing,not-looking,1040,1133,731,1151,811,0,standing,not-looking,1041,1136,730,1155,812,0,standing,not-looking,1042,1139,730,1159,813,0,standing,not-looking,1043,1142,730,1162,815,0,standing,not-looking,1044,1146,730,1167,816,0,standing,not-looking,1045,1150,729,1171,817,0,standing,not-looking,1046,1154,729,1176,818,0,standing,not-looking,1047,1158,729,1180,820,0,standing,not-looking,1048,1162,728,1184,821,0,standing,not-looking,1049,1168,727,1190,822,0,standing,not-looking,1050,1173,726,1196,822,0,standing,not-looking,1051,1179,725,1202,823,0,standing,not-looking,1052,1184,724,1208,824,0,standing,not-looking,1053,1189,722,1214,825,0,standing,not-looking,1054,1196,720,1221,825,0,standing,not-looking,1055,1203,718,1228,825,0,standing,not-looking,1056,1209,716,1235,825,0,standing,not-looking,1057,1216,714,1242,826,0,standing,not-looking,1058,1223,712,1249,826,0,standing,not-looking,1059,1230,712,1258,828,0,standing,not-looking,1060,1238,712,1267,831,0,standing,not-looking,1061,1245,712,1276,833,0,standing,not-looking,1062,1253,711,1285,835,0,standing,not-looking,1063,1261,711,1294,838,0,standing,not-looking,1064,1270,708,1306,840,0,standing,not-looking,1065,1280,705,1317,842,0,standing,not-looking,1066,1289,702,1328,844,0,standing,not-looking,1067,1299,699,1339,846,0,standing,not-looking,1068,1308,696,1351,848,0,standing,not-looking,1069,1320,694,1364,850,0,standing,looking
3_11_716,17555,1582,705,1625,849,0,standing,not-looking,17556,1587,704,1630,850,0,standing,not-looking,17557,1592,703,1635,850,0,standing,not-looking,17558,1597,702,1640,850,0,standing,not-looking,17559,1603,701,1645,850,0,standing,not-looking,17560,1608,700,1650,850,0,standing,not-looking,17561,1613,699,1656,851,0,standing,not-looking,17562,1618,698,1661,851,0,standing,not-looking,17563,1623,697,1666,851,0,standing,not-looking,17564,1628,696,1671,851,0,standing,not-looking,17565,1633,695,1676,852,0,standing,not-looking,17566,1639,694,1681,852,0,standing,not-looking,17567,1645,693,1687,852,0,standing,not-looking,17568,1650,693,1693,852,0,standing,not-looking,17569,1656,692,1699,853,0,standing,not-looking,17570,1662,692,1705,853,0,standing,not-looking,17571,1668,691,1711,853,0,standing,not-looking,17572,1674,691,1717,853,0,standing,not-looking,17573,1680,690,1723,854,0,standing,not-looking,17574,1686,689,1728,854,0,standing,not-looking,17575,1692,687,1734,854,0,standing,not-looking,17576,1698,686,1740,854,0,standing,not-looking,17577,1704,684,1746,855,0,standing,not-looking,17578,1709,683,1752,855,0,standing,not-looking,17579,1715,681,1758,855,0,standing,not-looking,17580,1721,679,1764,856,0,standing,not-looking,17581,1727,678,1770,856,0,standing,not-looking,17582,1733,676,1776,856,0,standing,not-looking,17583,1739,675,1782,856,0,standing,not-looking,17584,1745,673,1788,857,0,standing,not-looking,17585,1751,671,1793,857,0,standing,not-looking,17586,1757,669,1799,857,0,standing,not-looking
3_11_705,4724,283,691,317,833,0,standing,not-looking,4725,277,689,312,831,0,standing,not-looking,4726,271,686,307,830,0,standing,not-looking,4727,266,683,302,828,0,standing,not-looking,4728,260,680,297,827,0,standing,not-looking,4729,254,680,291,828,0,standing,not-looking,4730,248,679,285,828,0,standing,not-looking,4731,242,678,279,829,0,standing,not-looking,4732,236,677,272,829,0,standing,not-looking,4733,229,676,266,830,0,standing,not-looking,4734,222,675,259,830,0,standing,not-looking,4735,215,675,252,830,1,standing,not-looking,4736,207,675,244,830,1,standing,not-looking,4737,199,676,236,830,1,standing,not-looking,4738,191,676,228,830,2,standing,not-looking,4739,183,674,221,832,2,standing,not-looking,4740,174,672,214,833,2,standing,not-looking,4741,166,670,207,834,2,standing,not-looking,4742,157,668,199,836,2,standing,not-looking,4743,149,667,192,837,2,standing,not-looking,4744,140,665,185,838,2,standing,not-looking,4745,132,663,178,839,2,standing,not-looking,4746,124,663,170,839,0,standing,not-looking,4747,115,661,161,839,0,standing,not-looking,4748,106,658,152,838,0,standing,not-looking,4749,97,656,143,838,0,standing,not-looking,4750,88,654,135,838,0,standing,not-looking,4751,79,652,126,838,0,standing,not-looking,4752,71,650,117,838,0,standing,not-looking,4753,62,648,108,837,0,standing,not-looking,4754,53,646,99,837,0,standing,not-looking,4755,44,644,89,837,0,standing,not-looking
3_11_704,4724,314,707,346,828,0,standing,not-looking,4725,308,705,340,827,0,standing,not-looking,4726,303,703,335,826,0,standing,not-looking,4727,298,701,330,825,0,standing,not-looking,4728,292,700,324,824,0,standing,not-looking,4729,287,698,319,823,0,standing,not-looking,4730,282,697,314,823,0,standing,not-looking,4731,276,697,308,823,0,standing,not-looking,4732,271,696,303,824,0,standing,not-looking,4733,266,695,298,824,0,standing,not-looking,4734,260,695,292,824,1,standing,not-looking,4735,253,697,285,825,1,standing,not-looking,4736,246,699,279,827,1,standing,not-looking,4737,238,700,271,829,2,standing,not-looking,4738,230,699,263,830,2,standing,not-looking,4739,222,697,256,831,2,standing,not-looking,4740,214,696,249,833,2,standing,not-looking,4741,207,694,242,834,2,standing,not-looking,4742,199,693,234,835,2,standing,not-looking,4743,191,692,227,837,2,standing,not-looking,4744,183,690,220,838,2,standing,not-looking,4745,176,689,213,839,1,standing,not-looking,4746,171,688,207,834,0,standing,not-looking,4747,163,686,200,834,0,standing,not-looking,4748,156,684,192,834,0,standing,not-looking,4749,148,682,185,835,0,standing,not-looking,4750,141,681,178,835,0,standing,not-looking,4751,133,679,170,835,0,standing,not-looking,4752,124,678,162,836,0,standing,not-looking,4753,115,676,153,836,0,standing,not-looking,4754,105,675,144,837,0,standing,not-looking,4755,96,673,133,837,0,standing,not-looking
3_11_698,1038,1120,736,1137,809,0,standing,not-looking,1039,1123,736,1141,810,0,standing,not-looking,1040,1126,736,1145,811,0,standing,not-looking,1041,1129,736,1148,812,0,standing,not-looking,1042,1132,736,1152,814,0,standing,not-looking,1043,1136,736,1155,815,0,standing,not-looking,1044,1139,736,1159,816,0,standing,not-looking,1045,1142,736,1162,817,0,standing,not-looking,1046,1146,735,1167,818,0,standing,not-looking,1047,1151,734,1172,818,0,standing,not-looking,1048,1155,733,1177,818,0,standing,not-looking,1049,1160,731,1182,818,0,standing,not-looking,1050,1165,730,1187,819,0,standing,not-looking,1051,1169,729,1192,819,0,standing,not-looking,1052,1174,728,1197,819,0,standing,not-looking,1053,1178,727,1202,819,0,standing,not-looking,1054,1183,726,1206,820,0,standing,not-looking,1055,1188,724,1211,820,0,standing,looking,1056,1192,723,1216,820,0,standing,looking,1057,1199,723,1223,822,0,standing,looking,1058,1205,722,1230,824,0,standing,looking,1059,1212,721,1237,825,0,standing,looking,1060,1218,720,1244,827,0,standing,looking,1061,1224,720,1251,829,0,standing,looking,1062,1231,719,1258,830,0,standing,looking,1063,1237,718,1266,832,0,standing,looking,1064,1246,719,1274,833,0,standing,looking,1065,1254,717,1284,834,0,standing,looking,1066,1262,715,1293,836,0,standing,looking,1067,1270,712,1302,838,0,standing,looking,1068,1278,710,1312,839,0,standing,looking,1069,1286,708,1321,841,0,standing,looking
3_11_700,1722,1212,718,1237,814,0,standing,not-looking,1723,1214,719,1240,816,0,standing,not-looking,1724,1217,719,1243,817,0,standing,not-looking,1725,1219,719,1246,818,0,standing,not-looking,1726,1222,720,1248,819,0,standing,not-looking,1727,1225,720,1251,820,0,standing,not-looking,1728,1228,721,1255,822,0,standing,not-looking,1729,1231,722,1258,824,0,standing,not-looking,1730,1234,722,1261,825,0,standing,not-looking,1731,1237,723,1264,827,0,standing,not-looking,1732,1240,724,1268,828,0,standing,not-looking,1733,1244,724,1272,829,0,standing,not-looking,1734,1248,725,1276,831,0,standing,not-looking,1735,1252,725,1280,832,0,standing,not-looking,1736,1255,726,1284,834,0,standing,not-looking,1737,1258,723,1287,833,0,standing,not-looking,1738,1262,721,1290,832,0,standing,not-looking,1739,1265,718,1293,831,0,standing,not-looking,1740,1268,716,1297,830,0,standing,not-looking,1741,1271,713,1300,829,0,standing,not-looking,1742,1274,711,1303,828,0,standing,not-looking,1743,1278,710,1307,829,0,standing,not-looking,1744,1281,710,1311,830,0,standing,not-looking,1745,1284,709,1315,831,0,standing,not-looking,1746,1288,709,1319,832,0,standing,not-looking,1747,1291,708,1323,833,0,standing,not-looking,1748,1294,708,1327,834,0,standing,not-looking,1749,1298,707,1331,835,0,standing,not-looking,1750,1301,707,1335,836,0,standing,not-looking,1751,1305,706,1338,837,0,standing,not-looking,1752,1308,706,1342,838,0,standing,not-looking,1753,1310,705,1344,838,1,standing,not-looking
3_11_697,1038,1151,730,1171,804,0,standing,not-looking,1039,1155,730,1174,805,0,standing,not-looking,1040,1158,729,1178,806,0,standing,not-looking,1041,1162,729,1182,808,0,standing,not-looking,1042,1166,728,1187,809,0,standing,not-looking,1043,1169,728,1191,810,0,standing,not-looking,1044,1173,727,1195,811,0,standing,not-looking,1045,1177,727,1199,813,0,standing,not-looking,1046,1180,727,1204,814,0,standing,not-looking,1047,1183,726,1208,815,1,standing,not-looking,1048,1190,726,1214,816,1,standing,not-looking,1049,1196,725,1220,817,1,standing,not-looking,1050,1202,725,1226,817,1,standing,not-looking,1051,1208,724,1232,818,1,standing,not-looking,1052,1215,723,1239,819,1,standing,not-looking,1053,1221,723,1245,820,1,standing,not-looking,1054,1227,722,1251,821,1,standing,not-looking,1055,1234,722,1257,821,1,standing,not-looking,1056,1240,722,1263,821,2,standing,not-looking,1057,1246,720,1271,822,2,standing,not-looking,1058,1253,718,1278,824,2,standing,not-looking,1059,1260,716,1285,825,2,standing,not-looking,1060,1266,714,1293,827,2,standing,not-looking,1061,1273,712,1300,829,2,standing,not-looking,1062,1279,710,1308,830,2,standing,not-looking,1063,1286,708,1315,832,1,standing,not-looking,1064,1296,705,1326,831,1,standing,not-looking,1065,1305,703,1337,831,0,standing,not-looking,1066,1315,700,1348,831,0,standing,not-looking,1067,1323,699,1357,833,0,standing,not-looking,1068,1331,699,1367,835,0,standing,not-looking,1069,1341,696,1380,838,0,standing,not-looking
3_11_696,1038,1090,735,1119,809,0,standing,looking,1039,1092,735,1122,811,0,standing,looking,1040,1095,735,1125,812,0,standing,looking,1041,1097,735,1129,814,0,standing,looking,1042,1099,735,1132,815,0,standing,looking,1043,1103,735,1136,816,0,standing,looking,1044,1106,735,1139,817,0,standing,looking,1045,1109,734,1143,818,0,standing,looking,1046,1112,734,1147,819,0,standing,looking,1047,1115,734,1150,819,0,standing,looking,1048,1119,733,1155,820,0,standing,looking,1049,1123,732,1159,821,0,standing,looking,1050,1127,731,1164,822,0,standing,looking,1051,1132,730,1168,822,0,standing,looking,1052,1136,729,1172,823,0,standing,looking,1053,1140,727,1178,823,0,standing,looking,1054,1145,725,1183,823,0,standing,looking,1055,1150,723,1188,823,0,standing,looking,1056,1154,721,1193,824,0,standing,looking,1057,1159,720,1199,824,0,standing,looking,1058,1165,720,1205,826,0,standing,looking,1059,1171,720,1211,829,0,standing,looking,1060,1177,720,1218,831,0,standing,looking,1061,1182,720,1224,834,0,standing,looking,1062,1188,719,1231,836,0,standing,not-looking,1063,1195,718,1239,837,0,standing,not-looking,1064,1202,716,1248,839,0,standing,not-looking,1065,1209,714,1256,840,0,standing,not-looking,1066,1216,712,1265,841,0,standing,not-looking,1067,1222,710,1274,843,0,standing,not-looking,1068,1231,708,1282,845,0,standing,not-looking,1069,1239,706,1290,846,0,standing,not-looking
3_11_717,17556,203,690,226,808,0,standing,not-looking,17557,199,689,222,808,0,standing,not-looking,17558,196,688,219,808,0,standing,not-looking,17559,192,687,215,808,0,standing,not-looking,17560,188,686,211,808,0,standing,not-looking,17561,184,686,207,808,0,standing,not-looking,17562,180,685,204,808,0,standing,not-looking,17563,177,684,200,808,0,standing,not-looking,17564,173,683,196,808,0,standing,not-looking,17565,169,682,192,808,0,standing,not-looking,17566,165,681,189,808,0,standing,not-looking,17567,161,680,185,808,0,standing,not-looking,17568,157,680,181,809,0,standing,not-looking,17569,154,681,177,810,0,standing,not-looking,17570,150,681,174,811,0,standing,not-looking,17571,146,677,170,808,0,standing,not-looking,17572,142,680,166,803,1,standing,not-looking,17573,139,680,163,802,1,standing,not-looking,17574,136,679,160,802,1,standing,not-looking,17575,130,679,154,801,2,standing,not-looking,17576,126,678,150,801,2,standing,not-looking,17577,122,677,146,800,2,standing,not-looking,17578,117,676,141,799,2,standing,not-looking,17579,113,675,137,798,2,standing,not-looking,17580,108,674,132,797,2,standing,not-looking,17581,104,673,128,796,2,standing,not-looking,17582,100,672,124,795,2,standing,not-looking,17583,95,671,119,794,2,standing,not-looking,17584,91,670,115,793,1,standing,not-looking,17585,86,671,110,804,1,standing,not-looking,17586,80,670,104,810,0,standing,not-looking,17587,74,669,99,810,0,standing,not-looking
3_11_695,455,701,733,724,809,0,standing,not-looking,456,716,734,740,810,0,standing,not-looking,457,731,735,755,811,0,standing,not-looking,458,747,736,771,813,0,standing,not-looking,459,762,736,787,814,0,standing,not-looking,460,777,737,802,816,0,standing,not-looking,461,793,738,818,817,0,standing,not-looking,462,808,739,834,819,0,standing,not-looking,463,823,740,849,820,0,standing,not-looking,464,839,740,865,821,0,standing,not-looking,465,854,741,881,823,0,standing,not-looking,466,869,742,896,824,0,standing,not-looking,467,885,743,912,826,0,standing,not-looking,468,900,744,928,827,0,standing,not-looking,469,916,744,943,829,0,standing,not-looking,470,931,743,959,828,0,standing,not-looking,471,947,742,975,828,0,standing,not-looking,472,962,740,991,828,0,standing,not-looking,473,978,739,1007,828,0,standing,not-looking,474,993,738,1023,828,0,standing,not-looking,475,1009,736,1039,828,0,standing,not-looking,476,1024,735,1055,828,0,standing,not-looking,477,1040,734,1071,827,0,standing,not-looking,478,1054,735,1086,830,0,standing,not-looking,479,1068,737,1100,833,0,standing,not-looking,480,1081,738,1114,836,0,standing,not-looking,481,1095,740,1129,839,0,standing,not-looking,482,1109,742,1143,842,0,standing,not-looking,483,1123,743,1157,844,0,standing,not-looking,484,1137,745,1172,847,0,standing,not-looking,485,1151,746,1186,850,0,standing,not-looking,486,1165,748,1201,853,0,standing,not-looking
3_11_719,17719,485,711,534,859,0,standing,not-looking,17720,481,709,530,859,0,standing,not-looking,17721,477,708,526,859,0,standing,not-looking,17722,477,709,526,860,0,standing,not-looking,17723,472,708,521,861,0,standing,not-looking,17724,466,708,517,862,0,standing,not-looking,17725,461,708,512,862,0,standing,not-looking,17726,455,707,508,863,0,standing,not-looking,17727,450,707,503,864,0,standing,not-looking,17728,445,706,499,865,0,standing,not-looking,17729,440,706,495,866,0,standing,not-looking,17730,435,706,491,866,0,standing,not-looking,17731,430,705,487,867,0,standing,not-looking,17732,425,705,483,868,0,standing,not-looking,17733,420,702,479,867,0,standing,not-looking,17734,415,699,475,865,0,standing,not-looking,17735,410,697,471,864,0,standing,not-looking,17736,405,694,467,862,0,standing,not-looking,17737,400,692,463,861,0,standing,not-looking,17738,394,686,457,857,0,standing,not-looking,17739,388,681,451,852,0,standing,not-looking,17740,388,681,451,852,1,standing,not-looking,17741,381,680,444,852,1,standing,not-looking,17742,375,678,438,853,1,standing,not-looking,17743,368,677,431,853,1,standing,not-looking,17744,361,675,424,853,1,standing,not-looking,17745,354,674,417,854,1,standing,not-looking,17746,347,672,410,854,1,standing,not-looking,17747,340,671,403,854,1,standing,not-looking,17748,334,670,397,855,1,standing,not-looking,17749,327,668,390,855,1,standing,not-looking,17750,320,665,383,854,1,standing,not-looking
3_11_718,15308,537,708,575,819,0,walking,not-looking,15309,540,708,576,820,0,walking,not-looking,15310,542,709,578,820,0,walking,not-looking,15311,544,709,580,820,0,walking,not-looking,15312,546,709,581,820,0,walking,not-looking,15313,548,709,583,820,0,walking,not-looking,15314,550,709,584,820,0,walking,not-looking,15315,549,709,587,820,0,walking,not-looking,15316,549,710,589,821,0,walking,not-looking,15317,549,710,592,822,0,walking,not-looking,15318,549,710,594,822,0,walking,not-looking,15319,548,711,597,823,0,walking,not-looking,15320,551,712,600,824,0,walking,not-looking,15321,554,713,603,825,0,walking,not-looking,15322,557,715,606,825,0,walking,not-looking,15323,560,716,609,826,0,walking,not-looking,15324,563,717,612,827,0,walking,not-looking,15325,567,718,615,827,0,walking,not-looking,15326,572,719,618,828,0,walking,not-looking,15327,576,719,621,829,0,walking,not-looking,15328,581,720,625,830,0,walking,not-looking,15329,585,721,628,830,0,walking,not-looking,15330,590,721,631,831,0,walking,not-looking,15331,594,721,635,832,0,walking,not-looking,15332,598,722,638,832,0,walking,not-looking,15333,603,722,642,833,0,walking,not-looking,15334,607,722,645,834,0,walking,not-looking,15335,614,723,652,835,0,walking,not-looking,15336,622,724,659,836,0,walking,not-looking,15337,629,725,665,838,0,walking,not-looking,15338,637,726,672,839,0,walking,not-looking,15339,644,726,679,841,0,walking,not-looking
3_12_793,16476,425,711,454,792,0,walking,looking,16477,419,711,448,792,0,walking,looking,16478,413,710,443,793,0,walking,looking,16479,407,710,437,794,0,walking,looking,16480,399,710,430,795,0,walking,looking,16481,391,709,422,796,0,walking,looking,16482,383,709,415,796,0,walking,looking,16483,375,709,407,797,0,walking,looking,16484,367,708,400,798,0,walking,looking,16485,359,707,392,798,0,walking,looking,16486,351,706,384,799,0,walking,looking,16487,342,706,376,799,0,walking,looking,16488,334,705,369,799,0,walking,looking,16489,326,704,361,800,0,walking,looking,16490,317,703,352,800,0,walking,looking,16491,307,701,343,799,0,walking,looking,16492,298,700,333,799,0,walking,looking,16493,289,698,324,799,0,walking,looking,16494,279,697,315,799,0,walking,looking,16495,267,693,304,797,0,walking,looking,16496,257,690,294,796,0,walking,looking,16497,248,689,286,796,1,walking,looking,16498,236,689,273,798,2,walking,looking,16499,223,688,261,799,2,walking,looking,16500,211,688,250,801,2,walking,looking,16501,199,687,238,802,2,walking,looking,16502,186,687,226,804,2,walking,looking,16503,174,687,214,805,2,walking,looking,16504,162,686,202,807,2,walking,looking,16505,150,686,190,808,2,walking,looking,16506,133,686,174,810,1,walking,looking,16507,118,685,160,811,0,walking,looking
3_12_725,499,1354,709,1396,878,0,standing,not-looking,500,1356,709,1400,879,0,standing,not-looking,501,1359,708,1403,881,0,standing,not-looking,502,1362,708,1406,882,0,standing,not-looking,503,1365,707,1410,884,0,standing,not-looking,504,1367,707,1414,886,0,standing,not-looking,505,1370,706,1418,888,0,standing,not-looking,506,1373,706,1422,890,0,standing,not-looking,507,1377,705,1425,891,0,standing,not-looking,508,1380,705,1429,892,0,standing,not-looking,509,1384,704,1433,893,0,standing,not-looking,510,1387,704,1436,894,0,standing,not-looking,511,1391,704,1440,896,0,standing,not-looking,512,1396,703,1444,896,0,standing,not-looking,513,1400,702,1448,897,0,standing,not-looking,514,1405,701,1453,898,0,standing,not-looking,515,1409,700,1457,898,0,standing,not-looking,516,1414,699,1461,899,0,standing,not-looking,517,1418,699,1467,901,0,standing,not-looking,518,1423,699,1473,902,0,standing,not-looking,519,1427,698,1479,904,0,standing,not-looking,520,1432,698,1485,905,0,standing,not-looking,521,1436,697,1490,907,0,standing,not-looking,522,1441,696,1497,908,0,standing,not-looking,523,1446,695,1504,910,0,standing,not-looking,524,1452,693,1510,911,0,standing,looking,525,1457,692,1517,912,0,standing,looking,526,1462,691,1523,914,0,standing,looking,527,1466,689,1531,915,0,standing,looking,528,1470,686,1539,916,0,standing,looking,529,1475,684,1547,917,0,standing,looking,530,1479,682,1555,918,0,standing,looking
3_12_800,17081,1224,737,1255,820,0,standing,not-looking,17082,1227,737,1258,821,0,standing,not-looking,17083,1230,736,1262,822,0,standing,not-looking,17084,1233,735,1266,822,0,standing,not-looking,17085,1237,734,1270,822,0,standing,not-looking,17086,1241,733,1274,823,0,standing,not-looking,17087,1244,732,1277,823,0,standing,not-looking,17088,1248,731,1281,823,0,standing,not-looking,17089,1252,731,1286,824,0,standing,not-looking,17090,1257,731,1291,825,0,standing,not-looking,17091,1262,731,1296,826,0,standing,not-looking,17092,1266,730,1301,826,0,standing,not-looking,17093,1269,731,1305,828,0,standing,not-looking,17094,1275,731,1311,830,0,standing,not-looking,17095,1280,730,1317,831,0,standing,not-looking,17096,1286,730,1323,832,0,standing,not-looking,17097,1291,729,1329,834,0,standing,not-looking,17098,1296,729,1335,835,0,standing,not-looking,17099,1302,729,1341,836,0,standing,not-looking,17100,1307,728,1347,838,0,standing,not-looking,17101,1313,728,1353,839,0,standing,not-looking,17102,1319,728,1360,841,0,standing,not-looking,17103,1324,727,1366,842,0,standing,not-looking,17104,1331,727,1374,844,0,standing,not-looking,17105,1339,727,1381,845,0,standing,not-looking,17106,1346,727,1389,846,0,standing,not-looking,17107,1353,726,1397,848,0,standing,not-looking,17108,1361,726,1405,849,0,standing,not-looking,17109,1369,724,1414,850,0,standing,not-looking,17110,1377,722,1423,851,0,standing,not-looking,17111,1386,721,1432,852,0,standing,not-looking,17112,1394,719,1441,853,0,standing,not-looking
3_12_780,15772,458,741,480,820,0,standing,looking,15773,451,741,478,819,1,standing,looking,15774,446,739,474,819,1,standing,looking,15775,440,738,468,818,2,standing,looking,15776,434,737,463,819,2,standing,looking,15777,428,736,457,820,2,standing,looking,15778,423,736,451,820,2,standing,looking,15779,417,735,445,821,2,standing,looking,15780,411,734,440,821,2,standing,looking,15781,405,733,434,822,2,standing,looking,15782,399,732,428,822,2,standing,looking,15783,394,732,422,823,2,standing,looking,15784,388,731,417,823,2,standing,looking,15785,382,730,411,824,2,standing,looking,15786,376,729,405,825,2,standing,looking,15787,370,728,399,825,2,standing,looking,15788,364,728,394,826,2,standing,looking,15789,359,727,388,826,1,standing,not-looking,15790,352,727,382,826,0,standing,not-looking,15791,344,726,375,827,0,standing,not-looking,15792,337,725,367,828,0,standing,not-looking,15793,329,724,360,828,0,standing,not-looking,15794,321,723,353,829,0,standing,not-looking,15795,313,722,346,830,0,standing,not-looking,15796,305,721,339,830,0,standing,not-looking,15797,298,721,332,831,0,standing,not-looking,15798,290,720,325,831,0,standing,not-looking,15799,282,719,318,832,0,standing,not-looking,15800,274,718,311,833,0,standing,not-looking,15801,265,717,302,833,0,standing,not-looking,15802,256,715,294,833,0,standing,not-looking,15803,247,714,285,833,0,standing,not-looking
3_12_767,11402,1301,739,1327,808,0,standing,not-looking,11403,1304,741,1330,811,0,standing,not-looking,11404,1307,739,1333,811,0,standing,not-looking,11405,1309,736,1336,809,0,standing,not-looking,11406,1312,734,1339,807,0,standing,not-looking,11407,1315,731,1342,805,0,standing,not-looking,11408,1318,728,1345,803,0,standing,not-looking,11409,1320,726,1348,805,0,standing,not-looking,11410,1323,723,1351,800,0,standing,not-looking,11411,1326,721,1354,799,0,standing,not-looking,11412,1330,719,1358,798,0,standing,not-looking,11413,1333,717,1361,797,0,standing,not-looking,11414,1336,715,1364,796,0,standing,not-looking,11415,1339,714,1368,796,0,standing,not-looking,11416,1343,714,1372,796,0,standing,not-looking,11417,1347,713,1375,797,0,standing,not-looking,11418,1350,713,1379,798,0,standing,not-looking,11419,1354,712,1383,799,0,standing,not-looking,11420,1359,713,1388,800,0,standing,not-looking,11421,1363,713,1393,801,0,standing,not-looking,11422,1368,714,1398,802,0,standing,not-looking,11423,1373,714,1403,803,0,standing,not-looking,11424,1377,714,1408,804,0,standing,not-looking,11425,1382,715,1414,805,0,standing,not-looking,11426,1386,715,1419,806,0,standing,not-looking,11427,1391,716,1424,807,0,standing,not-looking,11428,1396,716,1429,808,0,standing,not-looking,11429,1400,717,1434,809,0,standing,not-looking,11430,1406,718,1441,811,0,standing,not-looking,11431,1413,719,1447,812,0,standing,not-looking,11432,1419,720,1454,814,0,standing,not-looking,11433,1425,722,1461,815,0,standing,not-looking
3_12_732,2988,1198,738,1222,813,0,standing,looking,2989,1202,736,1227,813,0,standing,looking,2990,1205,735,1230,811,0,standing,looking,2991,1208,733,1234,810,0,standing,looking,2992,1212,729,1238,808,0,standing,looking,2993,1215,724,1242,806,0,standing,looking,2994,1219,720,1246,805,0,standing,looking,2995,1222,718,1249,803,0,standing,looking,2996,1228,718,1255,804,0,standing,looking,2997,1231,716,1258,803,0,standing,looking,2998,1237,720,1264,808,0,standing,looking,2999,1242,723,1270,812,0,standing,looking,3000,1246,725,1275,816,0,standing,looking,3001,1250,727,1279,819,0,standing,looking,3002,1254,728,1284,822,0,standing,looking,3003,1258,729,1290,824,0,standing,looking,3004,1263,729,1295,827,0,standing,looking,3005,1269,730,1302,829,0,standing,looking,3006,1275,732,1308,833,0,standing,looking,3007,1280,734,1314,837,0,standing,looking,3008,1286,739,1321,843,0,standing,looking,3009,1292,744,1327,849,0,standing,looking,3010,1298,747,1334,858,0,standing,looking,3011,1305,747,1342,860,0,standing,looking,3012,1312,748,1350,861,0,standing,looking,3013,1319,745,1357,862,0,standing,looking,3014,1326,742,1365,863,0,standing,looking,3015,1334,739,1374,862,0,standing,looking,3016,1343,736,1384,861,0,standing,looking,3017,1352,733,1393,860,0,standing,looking,3018,1361,730,1403,859,0,standing,looking,3019,1369,727,1412,858,0,standing,looking
3_12_781,15789,382,717,417,811,0,standing,looking,15790,376,717,412,812,0,standing,looking,15791,369,717,407,812,0,standing,looking,15792,363,716,401,813,0,standing,looking,15793,357,716,396,813,0,standing,looking,15794,350,716,391,814,0,standing,looking,15795,344,715,385,814,0,standing,looking,15796,338,714,378,814,0,standing,looking,15797,332,712,372,813,0,standing,looking,15798,326,711,366,813,0,standing,looking,15799,320,710,360,813,0,standing,looking,15800,314,709,354,813,0,standing,looking,15801,308,707,348,813,0,standing,looking,15802,302,706,342,813,0,standing,looking,15803,296,705,336,813,0,standing,looking,15804,290,704,330,813,0,standing,looking,15805,283,703,323,813,0,standing,looking,15806,276,702,316,813,0,standing,looking,15807,268,701,309,813,0,standing,looking,15808,261,700,302,814,0,standing,looking,15809,254,700,295,814,0,standing,looking,15810,247,699,288,815,0,standing,looking,15811,239,699,281,816,0,standing,looking,15812,232,698,273,816,0,standing,looking,15813,225,697,266,817,0,standing,looking,15814,217,697,258,818,0,standing,looking,15815,209,696,250,819,0,standing,looking,15816,201,695,242,820,0,standing,looking,15817,193,695,234,821,0,standing,looking,15818,185,694,226,821,0,standing,looking,15819,176,694,218,822,0,standing,looking,15820,168,692,209,822,1,standing,not-looking
3_12_770,11426,417,713,440,780,2,standing,not-looking,11427,411,713,434,782,2,standing,not-looking,11428,405,714,428,784,2,standing,not-looking,11429,396,714,419,786,2,standing,not-looking,11430,387,714,411,787,2,standing,not-looking,11431,378,714,402,789,2,standing,not-looking,11432,369,714,393,791,2,standing,not-looking,11433,360,714,385,792,2,standing,not-looking,11434,351,714,376,794,2,standing,not-looking,11435,342,714,367,796,2,standing,not-looking,11436,333,714,359,798,2,standing,not-looking,11437,324,714,350,800,2,standing,not-looking,11438,315,714,341,801,2,standing,not-looking,11439,306,714,333,803,2,standing,not-looking,11440,297,714,324,805,2,standing,not-looking,11441,288,714,315,807,2,standing,not-looking,11442,279,714,307,808,2,standing,not-looking,11443,271,714,298,810,2,standing,not-looking,11444,262,712,290,810,2,standing,not-looking,11445,253,711,281,810,2,standing,not-looking,11446,245,709,273,811,2,standing,not-looking,11447,236,708,265,811,2,standing,not-looking,11448,227,706,256,811,2,standing,not-looking,11449,219,705,248,811,2,standing,not-looking,11450,210,703,240,812,2,standing,not-looking,11451,202,702,231,812,2,standing,not-looking,11452,193,700,223,812,2,standing,not-looking,11453,184,699,215,812,2,standing,not-looking,11454,176,697,206,812,2,standing,not-looking,11455,161,694,192,809,1,standing,not-looking,11456,152,688,182,803,0,standing,not-looking,11457,138,683,171,801,0,standing,not-looking
3_12_773,11426,465,718,486,788,2,standing,not-looking,11427,459,718,480,790,2,standing,not-looking,11428,453,719,475,792,2,standing,not-looking,11429,447,720,470,795,2,standing,not-looking,11430,442,721,464,797,2,standing,not-looking,11431,436,721,459,799,2,standing,not-looking,11432,430,722,454,801,2,standing,not-looking,11433,424,723,448,803,2,standing,not-looking,11434,419,723,443,805,2,standing,not-looking,11435,413,724,438,807,2,standing,not-looking,11436,407,725,432,810,2,standing,not-looking,11437,402,725,427,812,2,standing,not-looking,11438,396,726,422,814,2,standing,not-looking,11439,388,730,414,819,2,standing,not-looking,11440,380,730,407,821,2,standing,not-looking,11441,372,730,400,822,2,standing,not-looking,11442,365,730,392,824,2,standing,not-looking,11443,357,730,385,825,2,standing,not-looking,11444,349,729,377,826,1,standing,not-looking,11445,340,728,369,826,1,standing,not-looking,11446,329,728,361,826,0,standing,not-looking,11447,322,728,354,826,0,standing,not-looking,11448,313,726,345,825,0,standing,not-looking,11449,304,724,336,823,0,standing,not-looking,11450,295,722,326,821,0,standing,not-looking,11451,286,720,317,820,0,standing,not-looking,11452,277,718,308,818,0,standing,not-looking,11453,266,717,298,819,0,standing,not-looking,11454,256,711,288,814,0,standing,not-looking,11455,246,706,278,811,0,standing,not-looking,11456,236,701,268,808,0,standing,not-looking,11457,225,696,258,805,0,standing,not-looking
3_12_778,15848,1257,711,1293,811,0,walking,looking,15849,1260,711,1296,811,0,walking,looking,15850,1263,710,1299,811,0,walking,looking,15851,1266,709,1303,811,0,walking,looking,15852,1269,708,1306,811,0,walking,looking,15853,1272,707,1309,811,0,walking,looking,15854,1276,707,1314,813,0,walking,looking,15855,1280,706,1318,815,0,walking,looking,15856,1284,706,1322,816,0,walking,looking,15857,1288,706,1326,818,0,walking,looking,15858,1291,706,1331,820,0,walking,looking,15859,1295,709,1334,824,0,walking,looking,15860,1298,712,1338,829,0,walking,looking,15861,1301,715,1342,833,0,walking,looking,15862,1305,718,1345,838,0,walking,looking,15863,1308,722,1349,842,0,walking,looking,15864,1313,722,1354,845,0,walking,looking,15865,1317,723,1359,847,0,walking,looking,15866,1322,724,1364,849,0,walking,looking,15867,1326,725,1369,851,0,walking,looking,15868,1331,725,1374,853,0,walking,looking,15869,1336,721,1381,852,0,walking,looking,15870,1341,718,1387,851,0,walking,looking,15871,1346,714,1394,849,0,walking,looking,15872,1350,710,1400,848,0,walking,looking,15873,1355,706,1407,847,0,walking,looking,15874,1362,704,1414,847,0,walking,looking,15875,1369,701,1421,846,0,walking,looking,15876,1376,698,1429,845,0,walking,looking,15877,1382,695,1436,843,0,walking,looking,15878,1389,692,1443,842,0,walking,looking,15879,1398,691,1452,843,0,walking,looking
3_12_760,11326,1339,708,1371,827,0,standing,not-looking,11327,1343,707,1376,828,0,standing,not-looking,11328,1347,706,1380,829,0,standing,not-looking,11329,1351,705,1384,829,0,standing,not-looking,11330,1355,704,1389,830,0,standing,not-looking,11331,1359,703,1393,830,0,standing,not-looking,11332,1362,702,1398,831,0,standing,not-looking,11333,1366,702,1402,831,0,standing,not-looking,11334,1372,700,1408,831,0,standing,not-looking,11335,1377,698,1413,830,0,standing,not-looking,11336,1382,696,1419,830,0,standing,not-looking,11337,1387,694,1424,829,0,standing,not-looking,11338,1392,692,1430,829,0,standing,not-looking,11339,1399,690,1437,829,0,standing,not-looking,11340,1405,687,1444,828,0,standing,not-looking,11341,1411,685,1450,828,0,standing,not-looking,11342,1418,683,1457,828,0,standing,not-looking,11343,1424,681,1464,828,0,standing,not-looking,11344,1431,679,1472,828,0,standing,not-looking,11345,1439,677,1480,829,0,standing,not-looking,11346,1446,676,1489,830,0,standing,not-looking,11347,1453,674,1497,830,0,standing,not-looking,11348,1461,673,1505,831,0,standing,not-looking,11349,1469,672,1514,834,0,standing,not-looking,11350,1478,672,1524,837,0,standing,not-looking,11351,1486,672,1533,841,0,standing,not-looking,11352,1495,671,1542,844,0,standing,not-looking,11353,1503,671,1551,847,0,standing,not-looking,11354,1514,670,1562,850,0,standing,not-looking,11355,1524,669,1573,853,0,standing,not-looking,11356,1534,667,1584,855,0,standing,not-looking,11357,1544,666,1595,858,0,standing,not-looking
3_12_765,11398,1327,735,1344,807,0,standing,not-looking,11399,1331,737,1348,809,0,standing,not-looking,11400,1334,739,1352,812,0,standing,not-looking,11401,1338,740,1355,814,0,standing,not-looking,11402,1342,741,1359,815,0,standing,not-looking,11403,1346,741,1363,815,0,standing,not-looking,11404,1350,740,1367,815,0,standing,not-looking,11405,1353,740,1371,816,0,standing,not-looking,11406,1356,737,1374,814,0,standing,not-looking,11407,1360,735,1378,812,0,standing,not-looking,11408,1363,732,1381,810,0,standing,not-looking,11409,1366,729,1384,809,0,standing,not-looking,11410,1369,727,1388,807,0,standing,not-looking,11411,1373,725,1393,806,0,standing,not-looking,11412,1378,723,1398,805,0,standing,not-looking,11413,1382,721,1403,804,0,standing,not-looking,11414,1387,719,1407,803,0,standing,not-looking,11415,1391,717,1412,802,0,standing,not-looking,11416,1396,717,1417,803,0,standing,not-looking,11417,1400,717,1422,804,0,standing,not-looking,11418,1404,717,1427,804,0,standing,not-looking,11419,1409,716,1432,805,0,standing,not-looking,11420,1413,716,1437,806,0,standing,not-looking,11421,1419,714,1446,809,0,standing,not-looking,11422,1425,714,1452,811,0,standing,not-looking,11423,1431,715,1458,812,0,standing,not-looking,11424,1437,715,1465,813,0,standing,not-looking,11425,1444,715,1471,814,0,standing,not-looking,11426,1450,716,1477,815,0,standing,not-looking,11427,1456,716,1483,816,0,standing,not-looking,11428,1462,717,1490,817,0,standing,not-looking,11429,1469,717,1496,818,0,standing,not-looking
3_12_723,2469,1270,727,1312,838,0,walking,looking,2470,1272,726,1314,838,0,walking,looking,2471,1274,726,1317,838,0,walking,looking,2472,1277,725,1319,839,0,walking,looking,2473,1279,725,1321,839,0,walking,looking,2474,1281,724,1324,840,0,walking,looking,2475,1283,723,1327,841,0,walking,looking,2476,1285,722,1330,842,0,walking,looking,2477,1288,722,1333,843,0,walking,looking,2478,1290,721,1336,843,0,walking,not-looking,2479,1292,721,1339,844,0,walking,not-looking,2480,1295,720,1341,845,0,walking,not-looking,2481,1298,720,1344,845,0,walking,not-looking,2482,1301,720,1347,846,0,walking,not-looking,2483,1303,719,1350,846,0,walking,not-looking,2484,1306,719,1353,847,0,walking,not-looking,2485,1310,718,1357,848,0,walking,not-looking,2486,1313,718,1361,849,0,walking,not-looking,2487,1316,717,1365,850,0,walking,not-looking,2488,1320,717,1369,851,0,walking,not-looking,2489,1324,716,1373,852,0,walking,not-looking,2490,1329,715,1378,852,0,walking,not-looking,2491,1333,715,1382,853,0,walking,not-looking,2492,1338,714,1387,854,0,walking,not-looking,2493,1342,713,1391,854,0,walking,not-looking,2494,1346,712,1397,855,0,walking,looking,2495,1350,710,1402,856,0,walking,looking,2496,1354,709,1407,857,0,walking,looking,2497,1359,707,1412,857,0,walking,looking,2498,1363,706,1418,858,0,walking,looking,2499,1367,705,1422,861,0,walking,looking,2500,1372,705,1427,865,0,walking,looking
3_12_754,8497,581,712,598,788,0,standing,not-looking,8498,576,712,593,789,0,standing,not-looking,8499,572,712,589,790,0,standing,not-looking,8500,567,712,584,791,0,standing,not-looking,8501,562,712,579,792,0,standing,not-looking,8502,557,711,575,793,0,standing,not-looking,8503,552,712,569,794,0,standing,not-looking,8504,546,712,564,796,0,standing,not-looking,8505,540,713,558,798,0,standing,not-looking,8506,535,714,553,800,0,standing,not-looking,8507,529,715,548,802,0,standing,not-looking,8508,524,716,542,805,0,standing,not-looking,8509,518,718,537,807,0,standing,not-looking,8510,513,719,532,809,0,standing,not-looking,8511,507,720,526,811,0,standing,not-looking,8512,502,721,521,814,0,standing,not-looking,8513,496,722,516,816,0,standing,not-looking,8514,489,722,509,817,0,standing,not-looking,8515,482,723,502,819,0,standing,not-looking,8516,475,723,495,820,0,standing,not-looking,8517,468,724,488,822,0,standing,not-looking,8518,460,720,481,820,0,standing,not-looking,8519,452,716,473,818,0,standing,not-looking,8520,444,712,465,816,0,standing,not-looking,8521,436,708,458,813,0,standing,not-looking,8522,428,704,450,811,0,standing,not-looking,8523,419,700,443,809,0,standing,not-looking,8524,411,696,435,807,0,standing,not-looking,8525,403,692,428,805,0,standing,not-looking,8526,394,688,418,804,0,standing,not-looking,8527,384,685,408,802,0,standing,not-looking,8528,374,687,398,806,0,standing,not-looking
3_12_766,11408,1275,737,1297,803,0,standing,not-looking,11409,1277,735,1298,802,0,standing,not-looking,11410,1279,733,1301,800,0,standing,not-looking,11411,1282,731,1304,799,0,standing,not-looking,11412,1284,729,1307,798,0,standing,not-looking,11413,1287,727,1310,796,0,standing,not-looking,11414,1289,725,1312,795,0,standing,not-looking,11415,1292,725,1315,795,0,standing,not-looking,11416,1294,725,1318,796,0,standing,not-looking,11417,1297,725,1321,797,0,standing,not-looking,11418,1299,725,1324,798,0,standing,not-looking,11419,1302,725,1326,799,0,standing,not-looking,11420,1305,725,1330,800,0,standing,not-looking,11421,1309,725,1334,800,0,standing,not-looking,11422,1312,725,1338,801,0,standing,not-looking,11423,1315,726,1342,802,0,standing,not-looking,11424,1318,726,1346,803,0,standing,not-looking,11425,1323,726,1350,805,0,standing,not-looking,11426,1327,727,1354,806,0,standing,not-looking,11427,1331,727,1358,808,0,standing,not-looking,11428,1335,728,1362,809,0,standing,not-looking,11429,1340,728,1366,811,0,standing,not-looking,11430,1344,728,1370,813,0,standing,not-looking,11431,1348,728,1373,816,0,standing,not-looking,11432,1353,730,1379,818,0,standing,not-looking,11433,1357,732,1385,821,0,standing,not-looking,11434,1362,733,1391,823,0,standing,not-looking,11435,1366,735,1396,826,0,standing,not-looking,11436,1371,737,1402,829,0,standing,not-looking,11437,1375,739,1408,831,0,standing,not-looking,11438,1380,740,1413,834,0,standing,not-looking,11439,1384,742,1419,836,0,standing,not-looking
3_12_735,2988,514,732,530,802,2,standing,not-looking,2989,507,729,525,801,2,standing,not-looking,2990,501,727,519,800,2,standing,not-looking,2991,494,724,513,799,2,standing,not-looking,2992,487,722,507,797,2,standing,not-looking,2993,481,719,501,796,2,standing,not-looking,2994,474,717,495,795,2,standing,not-looking,2995,468,714,489,793,2,standing,not-looking,2996,461,712,483,792,2,standing,not-looking,2997,453,710,475,792,2,standing,not-looking,2998,447,711,470,794,2,standing,not-looking,2999,441,713,465,797,2,standing,not-looking,3000,435,714,460,800,1,standing,not-looking,3001,430,717,451,806,0,standing,not-looking,3002,421,716,443,807,0,standing,not-looking,3003,412,716,434,807,0,standing,not-looking,3004,403,715,426,808,0,standing,not-looking,3005,394,714,417,809,0,standing,not-looking,3006,385,714,409,810,0,standing,not-looking,3007,376,715,400,813,0,standing,not-looking,3008,366,716,390,816,0,standing,not-looking,3009,357,718,381,820,0,standing,not-looking,3010,347,719,372,823,0,standing,not-looking,3011,338,720,363,826,0,standing,not-looking,3012,327,718,353,825,0,standing,not-looking,3013,316,716,342,825,0,standing,not-looking,3014,305,714,332,824,0,standing,not-looking,3015,293,712,321,823,0,standing,not-looking,3016,282,710,311,823,0,standing,not-looking,3017,270,709,299,822,0,standing,not-looking,3018,257,707,288,822,0,standing,not-looking,3019,245,705,276,822,0,standing,not-looking
3_12_782,15836,558,731,574,792,1,standing,not-looking,15837,555,731,571,792,1,standing,not-looking,15838,551,731,568,793,1,standing,not-looking,15839,548,730,564,794,1,standing,not-looking,15840,544,730,561,794,1,standing,not-looking,15841,541,730,557,794,1,standing,not-looking,15842,537,731,553,794,1,standing,not-looking,15843,533,731,549,794,1,standing,not-looking,15844,529,731,545,794,2,standing,not-looking,15845,525,731,541,796,2,standing,not-looking,15846,521,731,538,797,2,standing,not-looking,15847,517,732,534,798,2,standing,not-looking,15848,513,732,530,800,2,standing,not-looking,15849,509,731,526,799,2,standing,not-looking,15850,505,729,522,799,2,standing,not-looking,15851,500,728,519,799,2,standing,not-looking,15852,496,726,515,798,2,standing,not-looking,15853,491,724,510,797,2,standing,not-looking,15854,487,721,506,795,2,standing,not-looking,15855,482,719,501,794,2,standing,not-looking,15856,477,720,496,796,2,standing,not-looking,15857,471,721,491,798,2,standing,not-looking,15858,466,722,486,800,2,standing,not-looking,15859,461,723,481,802,2,standing,not-looking,15860,456,724,476,804,2,standing,not-looking,15861,450,726,471,808,2,standing,not-looking,15862,444,729,466,812,2,standing,not-looking,15863,439,732,460,816,2,standing,not-looking,15864,433,733,455,818,2,standing,not-looking,15865,427,734,450,820,2,standing,not-looking,15866,421,733,444,820,2,standing,not-looking,15867,415,732,438,819,2,standing,not-looking
3_12_787,15873,478,718,503,816,1,standing,not-looking,15874,473,713,499,812,1,standing,not-looking,15875,468,708,494,808,1,standing,not-looking,15876,464,705,490,806,1,standing,not-looking,15877,459,703,485,805,1,standing,not-looking,15878,454,700,481,803,1,standing,not-looking,15879,448,702,475,807,1,standing,not-looking,15880,443,705,470,811,1,standing,not-looking,15881,437,708,464,814,1,standing,not-looking,15882,431,710,458,818,1,standing,not-looking,15883,424,711,451,820,1,standing,not-looking,15884,413,710,440,821,0,standing,not-looking,15885,407,711,435,823,0,standing,not-looking,15886,402,712,430,825,0,standing,not-looking,15887,397,713,425,827,0,standing,not-looking,15888,390,715,419,830,0,standing,not-looking,15889,384,717,413,832,0,standing,not-looking,15890,377,716,407,833,0,standing,not-looking,15891,370,715,401,834,0,standing,not-looking,15892,363,714,395,835,0,standing,looking,15893,356,713,389,836,0,standing,looking,15894,349,713,383,836,0,standing,looking,15895,341,711,374,836,0,standing,looking,15896,332,709,366,836,0,standing,looking,15897,323,708,357,836,0,standing,looking,15898,315,706,349,836,0,standing,looking,15899,306,704,341,836,0,standing,looking,15900,297,702,332,835,0,standing,looking,15901,289,701,324,835,0,standing,looking,15902,280,699,315,835,0,standing,looking,15903,271,697,307,835,0,standing,looking,15904,261,696,297,836,0,standing,looking
3_12_763,11394,1294,731,1313,795,0,standing,not-looking,11395,1297,732,1316,797,0,standing,not-looking,11396,1300,733,1319,799,0,standing,not-looking,11397,1303,735,1322,801,0,standing,not-looking,11398,1306,736,1325,803,0,standing,not-looking,11399,1309,738,1329,805,0,standing,not-looking,11400,1313,739,1333,807,0,standing,not-looking,11401,1316,741,1336,809,0,standing,not-looking,11402,1320,742,1340,811,0,standing,not-looking,11403,1323,744,1343,814,0,standing,not-looking,11404,1326,742,1346,812,0,standing,not-looking,11405,1329,740,1349,811,0,standing,not-looking,11406,1332,738,1352,810,0,standing,not-looking,11407,1335,736,1355,809,0,standing,not-looking,11408,1338,735,1358,808,0,standing,not-looking,11409,1341,732,1362,807,0,standing,not-looking,11410,1345,729,1366,805,0,standing,not-looking,11411,1348,726,1369,804,0,standing,not-looking,11412,1352,723,1373,803,0,standing,not-looking,11413,1356,721,1377,802,0,standing,not-looking,11414,1359,720,1381,802,0,standing,not-looking,11415,1363,720,1385,802,0,standing,not-looking,11416,1367,719,1388,803,0,standing,not-looking,11417,1371,719,1392,803,0,standing,not-looking,11418,1374,719,1396,804,0,standing,not-looking,11419,1380,718,1402,804,0,standing,not-looking,11420,1385,718,1407,805,0,standing,not-looking,11421,1391,718,1413,806,0,standing,not-looking,11422,1396,718,1418,806,0,standing,not-looking,11423,1401,718,1424,807,0,standing,not-looking,11424,1407,718,1430,808,0,standing,not-looking,11425,1412,718,1435,810,0,standing,not-looking
3_12_734,2988,1179,734,1197,807,0,standing,not-looking,2989,1182,734,1200,807,0,standing,not-looking,2990,1185,732,1203,807,0,standing,not-looking,2991,1188,730,1207,806,0,standing,not-looking,2992,1191,726,1211,803,0,standing,not-looking,2993,1195,722,1215,800,0,standing,not-looking,2994,1198,720,1219,799,0,standing,not-looking,2995,1200,716,1221,797,0,standing,not-looking,2996,1204,715,1225,797,0,standing,not-looking,2997,1208,715,1230,798,0,standing,not-looking,2998,1211,718,1234,802,0,standing,not-looking,2999,1215,721,1238,807,0,standing,not-looking,3000,1219,722,1243,809,0,standing,not-looking,3001,1223,723,1247,812,0,standing,not-looking,3002,1226,724,1251,814,0,standing,not-looking,3003,1230,726,1255,816,0,standing,not-looking,3004,1233,727,1258,818,0,standing,not-looking,3005,1237,729,1263,822,0,standing,not-looking,3006,1242,730,1268,826,0,standing,not-looking,3007,1246,732,1273,829,0,standing,not-looking,3008,1252,736,1280,835,0,standing,not-looking,3009,1258,741,1286,840,0,standing,not-looking,3010,1263,745,1292,846,0,standing,not-looking,3011,1269,744,1298,851,0,standing,not-looking,3012,1270,745,1305,851,0,standing,not-looking,3013,1275,742,1311,851,0,standing,not-looking,3014,1281,739,1316,850,0,standing,not-looking,3015,1286,736,1321,849,0,standing,not-looking,3016,1294,734,1329,849,0,standing,not-looking,3017,1301,731,1337,849,0,standing,not-looking,3018,1309,728,1344,848,0,standing,not-looking,3019,1317,725,1352,848,0,standing,not-looking
3_12_792,16494,1338,718,1365,812,1,standing,looking,16495,1343,716,1371,812,1,standing,looking,16496,1348,714,1377,812,1,standing,looking,16497,1353,714,1383,813,1,standing,looking,16498,1358,714,1388,814,1,standing,looking,16499,1363,715,1394,816,1,standing,looking,16500,1368,715,1400,817,0,standing,looking,16501,1373,716,1406,819,0,standing,looking,16502,1378,717,1414,822,0,standing,looking,16503,1384,718,1422,825,0,standing,looking,16504,1390,720,1430,828,0,standing,looking,16505,1396,721,1438,831,0,standing,looking,16506,1404,722,1448,835,0,standing,looking,16507,1411,724,1457,838,0,standing,looking,16508,1418,725,1467,841,0,standing,looking,16509,1426,727,1477,844,0,standing,looking,16510,1430,726,1482,845,0,standing,looking,16511,1435,725,1488,846,0,standing,looking,16512,1445,723,1499,847,0,standing,looking,16513,1456,721,1511,847,0,standing,looking,16514,1466,719,1522,847,0,standing,looking,16515,1476,712,1534,848,0,standing,looking,16516,1485,708,1545,846,0,standing,looking,16517,1494,705,1557,844,0,standing,looking,16518,1503,701,1568,842,0,standing,looking,16519,1512,698,1579,840,0,standing,looking,16520,1525,696,1594,841,0,standing,looking,16521,1539,694,1608,843,0,standing,looking,16522,1553,693,1622,844,0,standing,looking,16523,1566,691,1637,846,0,standing,looking,16524,1580,689,1651,847,0,standing,looking,16525,1594,687,1666,849,0,standing,looking
3_12_788,16357,586,740,613,814,0,standing,not-looking,16358,584,739,611,814,0,standing,not-looking,16359,581,738,609,813,0,standing,not-looking,16360,579,738,607,813,0,standing,not-looking,16361,575,737,604,813,0,standing,not-looking,16362,572,737,600,814,0,standing,not-looking,16363,568,736,597,814,0,standing,not-looking,16364,565,736,594,814,0,standing,not-looking,16365,561,735,591,815,0,standing,not-looking,16366,558,735,587,815,0,standing,not-looking,16367,554,734,584,815,0,standing,not-looking,16368,550,734,580,816,0,standing,not-looking,16369,546,733,577,816,0,standing,not-looking,16370,542,733,573,816,0,standing,not-looking,16371,538,732,570,817,0,standing,not-looking,16372,535,732,566,817,0,standing,not-looking,16373,531,731,562,817,0,standing,not-looking,16374,527,731,559,818,0,standing,not-looking,16375,523,730,555,818,0,standing,not-looking,16376,519,730,552,818,0,standing,not-looking,16377,516,729,548,819,0,standing,not-looking,16378,512,729,545,819,0,standing,not-looking,16379,508,728,541,819,0,standing,not-looking,16380,504,728,538,820,0,standing,not-looking,16381,499,727,534,820,0,standing,not-looking,16382,494,726,530,821,0,standing,not-looking,16383,489,725,526,821,0,standing,not-looking,16384,484,724,521,821,0,standing,not-looking,16385,480,723,517,822,0,standing,not-looking,16386,474,723,512,822,0,standing,not-looking,16387,468,722,506,822,0,standing,not-looking,16388,462,721,501,823,0,standing,not-looking
3_12_756,10585,1062,724,1104,844,0,walking,not-looking,10586,1061,723,1104,843,0,walking,not-looking,10587,1060,722,1104,843,0,walking,not-looking,10588,1059,720,1104,843,0,walking,not-looking,10589,1058,719,1104,843,0,walking,not-looking,10590,1057,718,1104,842,0,walking,not-looking,10591,1056,716,1104,842,0,walking,not-looking,10592,1056,715,1103,842,0,walking,not-looking,10593,1055,714,1103,842,0,walking,not-looking,10594,1054,713,1103,842,0,walking,not-looking,10595,1053,711,1103,841,0,walking,not-looking,10596,1053,711,1103,843,0,walking,not-looking,10597,1053,711,1102,845,0,walking,not-looking,10598,1053,712,1102,847,0,walking,not-looking,10599,1053,712,1102,849,0,walking,not-looking,10600,1053,712,1102,850,0,walking,not-looking,10601,1053,712,1103,851,0,walking,not-looking,10602,1052,712,1103,852,0,walking,not-looking,10603,1052,712,1104,854,0,walking,not-looking,10604,1051,712,1104,855,0,walking,not-looking,10605,1051,713,1105,856,0,walking,not-looking,10606,1053,712,1108,857,0,walking,not-looking,10607,1055,711,1111,858,0,walking,not-looking,10608,1057,710,1113,859,0,walking,not-looking,10609,1059,710,1116,860,0,walking,not-looking,10610,1061,709,1119,861,0,walking,not-looking,10611,1063,708,1121,862,0,walking,not-looking,10612,1065,708,1124,863,0,walking,not-looking,10613,1067,707,1127,864,0,walking,not-looking,10614,1069,706,1130,865,0,walking,not-looking,10615,1071,706,1132,866,0,walking,not-looking,10616,1073,704,1137,867,0,walking,not-looking
3_12_783,15836,532,737,552,796,1,standing,not-looking,15837,528,737,548,796,1,standing,not-looking,15838,524,737,545,797,1,standing,not-looking,15839,520,737,541,797,1,standing,not-looking,15840,516,737,537,797,1,standing,not-looking,15841,512,737,533,797,1,standing,not-looking,15842,509,737,530,798,1,standing,not-looking,15843,505,737,526,798,1,standing,not-looking,15844,501,737,522,798,1,standing,not-looking,15845,497,737,518,798,1,standing,not-looking,15846,492,737,514,800,1,standing,not-looking,15847,487,736,510,802,1,standing,not-looking,15848,483,736,506,803,1,standing,not-looking,15849,478,736,501,805,1,standing,not-looking,15850,473,736,497,807,2,standing,not-looking,15851,468,735,492,806,2,standing,not-looking,15852,463,734,487,805,2,standing,not-looking,15853,459,733,482,804,2,standing,not-looking,15854,454,732,477,803,2,standing,not-looking,15855,449,731,473,802,2,standing,not-looking,15856,444,730,468,801,2,standing,not-looking,15857,439,729,463,800,2,standing,not-looking,15858,434,729,458,799,2,standing,not-looking,15859,429,730,452,801,2,standing,not-looking,15860,423,732,447,803,2,standing,not-looking,15861,417,734,441,805,2,standing,not-looking,15862,411,735,435,806,2,standing,not-looking,15863,406,737,429,808,2,standing,not-looking,15864,400,739,424,810,2,standing,not-looking,15865,394,741,418,812,2,standing,not-looking,15866,388,739,413,811,2,standing,not-looking,15867,382,738,407,810,2,standing,not-looking
3_12_797,16978,477,722,516,828,0,walking,not-looking,16979,471,721,511,828,0,walking,not-looking,16980,466,721,506,828,0,walking,not-looking,16981,461,720,501,829,0,walking,not-looking,16982,456,720,496,830,0,walking,not-looking,16983,450,719,491,831,0,walking,not-looking,16984,445,718,486,832,0,walking,not-looking,16985,440,718,481,833,0,walking,not-looking,16986,434,717,476,834,0,walking,not-looking,16987,428,716,470,836,0,walking,not-looking,16988,421,716,464,837,0,walking,not-looking,16989,415,715,458,838,0,walking,not-looking,16990,409,715,452,840,0,walking,not-looking,16991,402,714,445,840,0,walking,not-looking,16992,395,714,439,841,0,walking,not-looking,16993,388,713,432,842,0,walking,not-looking,16994,381,713,425,842,0,walking,not-looking,16995,374,712,419,843,0,walking,not-looking,16996,366,710,411,844,0,walking,not-looking,16997,357,708,402,844,0,walking,not-looking,16998,349,706,394,844,0,walking,not-looking,16999,341,704,386,845,0,walking,not-looking,17000,332,702,378,845,0,walking,not-looking,17001,323,701,370,846,0,walking,not-looking,17002,313,701,361,847,0,walking,not-looking,17003,303,700,353,849,0,walking,not-looking,17004,293,699,344,850,0,walking,not-looking,17005,283,698,336,851,0,walking,not-looking,17006,273,697,326,851,0,walking,not-looking,17007,263,695,316,852,0,walking,not-looking,17008,253,694,307,852,0,walking,not-looking,17009,243,692,297,852,0,walking,not-looking
3_12_733,2988,1249,726,1281,807,0,standing,not-looking,2989,1253,725,1285,807,0,standing,not-looking,2990,1257,725,1290,808,0,standing,not-looking,2991,1261,721,1295,806,0,standing,not-looking,2992,1265,718,1299,804,0,standing,not-looking,2993,1269,715,1304,802,0,standing,not-looking,2994,1274,712,1309,800,0,standing,not-looking,2995,1278,709,1314,798,0,standing,not-looking,2996,1283,709,1320,800,0,standing,not-looking,2997,1288,709,1326,802,0,standing,not-looking,2998,1294,709,1333,804,0,standing,not-looking,2999,1299,711,1339,808,0,standing,not-looking,3000,1304,713,1346,812,0,standing,not-looking,3001,1310,714,1352,814,0,standing,not-looking,3002,1315,715,1358,817,0,standing,not-looking,3003,1321,716,1364,819,0,standing,not-looking,3004,1326,717,1370,821,0,standing,not-looking,3005,1331,718,1376,824,0,standing,not-looking,3006,1338,721,1384,829,0,standing,not-looking,3007,1345,724,1393,834,0,standing,not-looking,3008,1352,727,1401,839,0,standing,not-looking,3009,1358,730,1409,843,0,standing,not-looking,3010,1362,735,1414,850,0,standing,not-looking,3011,1370,733,1423,851,0,standing,not-looking,3012,1378,730,1433,851,0,standing,not-looking,3013,1385,728,1442,851,0,standing,not-looking,3014,1393,726,1451,851,0,standing,not-looking,3015,1400,724,1460,851,0,standing,not-looking,3016,1412,721,1471,851,0,standing,not-looking,3017,1424,718,1483,851,0,standing,not-looking,3018,1435,715,1494,851,0,standing,not-looking,3019,1447,712,1506,851,0,standing,not-looking
3_12_796,16476,571,717,593,793,0,standing,not-looking,16477,567,717,589,794,0,standing,not-looking,16478,563,717,585,796,0,standing,not-looking,16479,559,717,581,797,0,standing,not-looking,16480,556,717,577,798,0,standing,not-looking,16481,551,717,572,799,0,standing,not-looking,16482,546,717,568,800,0,standing,not-looking,16483,541,717,563,801,0,standing,not-looking,16484,537,717,558,802,0,standing,not-looking,16485,532,717,554,803,0,standing,not-looking,16486,528,718,550,804,0,standing,not-looking,16487,523,718,545,803,0,standing,not-looking,16488,518,718,540,803,0,standing,not-looking,16489,514,717,535,803,1,standing,not-looking,16490,508,717,530,802,1,standing,not-looking,16491,503,716,525,801,1,standing,not-looking,16492,498,714,519,800,2,standing,not-looking,16493,491,713,513,799,2,standing,not-looking,16494,485,712,506,797,2,standing,not-looking,16495,478,710,500,796,2,standing,not-looking,16496,472,709,493,795,2,standing,not-looking,16497,465,708,487,794,2,standing,not-looking,16498,459,707,480,792,2,standing,not-looking,16499,452,705,474,791,2,standing,not-looking,16500,446,704,467,790,2,standing,not-looking,16501,439,703,461,788,2,standing,not-looking,16502,431,703,460,804,1,standing,not-looking,16503,421,701,451,809,0,standing,not-looking,16504,413,703,443,812,0,standing,not-looking,16505,404,704,436,815,0,standing,not-looking,16506,395,706,429,818,0,standing,not-looking,16507,387,707,421,821,0,standing,not-looking
3_12_789,16387,564,737,592,817,1,standing,not-looking,16388,558,736,586,817,1,standing,not-looking,16389,552,735,580,817,2,standing,not-looking,16390,546,735,575,818,2,standing,not-looking,16391,541,735,570,819,2,standing,not-looking,16392,536,734,565,819,2,standing,not-looking,16393,531,734,560,820,2,standing,not-looking,16394,525,734,555,820,2,standing,not-looking,16395,520,733,550,821,2,standing,not-looking,16396,515,733,544,822,2,standing,not-looking,16397,510,732,539,822,2,standing,not-looking,16398,504,732,534,823,2,standing,not-looking,16399,499,732,529,823,2,standing,not-looking,16400,494,731,524,824,2,standing,not-looking,16401,489,731,519,825,2,standing,not-looking,16402,483,731,514,825,2,standing,not-looking,16403,478,730,509,826,2,standing,not-looking,16404,473,730,504,826,2,standing,not-looking,16405,468,729,499,827,2,standing,not-looking,16406,462,729,494,828,2,standing,not-looking,16407,457,729,489,828,2,standing,not-looking,16408,452,728,484,829,2,standing,not-looking,16409,447,728,479,829,2,standing,not-looking,16410,441,728,474,830,2,standing,not-looking,16411,436,727,469,831,2,standing,not-looking,16412,431,727,464,831,2,standing,not-looking,16413,426,726,459,832,2,standing,not-looking,16414,420,726,454,832,2,standing,not-looking,16415,415,726,449,833,2,standing,not-looking,16416,410,725,444,834,2,standing,not-looking,16417,405,725,439,834,1,standing,not-looking,16418,397,724,432,834,0,standing,not-looking
3_12_764,11408,1228,743,1245,801,0,standing,not-looking,11409,1230,741,1246,800,0,standing,not-looking,11410,1232,738,1247,798,0,standing,not-looking,11411,1233,736,1249,796,0,standing,not-looking,11412,1235,734,1251,795,0,standing,not-looking,11413,1237,732,1253,793,0,standing,not-looking,11414,1239,732,1256,794,0,standing,not-looking,11415,1242,731,1259,794,0,standing,not-looking,11416,1244,732,1261,794,0,standing,not-looking,11417,1246,732,1264,795,0,standing,not-looking,11418,1248,732,1266,796,0,standing,not-looking,11419,1250,732,1268,796,0,standing,not-looking,11420,1252,732,1271,797,0,standing,not-looking,11421,1255,732,1274,798,0,standing,not-looking,11422,1258,732,1278,799,0,standing,not-looking,11423,1262,732,1282,800,0,standing,not-looking,11424,1265,733,1285,802,0,standing,not-looking,11425,1268,733,1289,803,0,standing,not-looking,11426,1271,733,1292,805,0,standing,not-looking,11427,1274,734,1296,806,0,standing,not-looking,11428,1278,735,1299,808,0,standing,not-looking,11429,1281,736,1302,810,0,standing,not-looking,11430,1284,737,1306,812,0,standing,not-looking,11431,1288,738,1310,813,0,standing,not-looking,11432,1292,739,1314,815,0,standing,not-looking,11433,1295,740,1318,817,0,standing,not-looking,11434,1299,741,1322,819,0,standing,not-looking,11435,1302,742,1326,822,0,standing,not-looking,11436,1307,744,1331,825,0,standing,not-looking,11437,1311,746,1335,828,0,standing,not-looking,11438,1315,748,1340,831,0,standing,not-looking,11439,1319,752,1344,836,0,standing,not-looking
3_12_803,17904,1241,696,1289,832,0,walking,not-looking,17905,1242,696,1290,833,0,walking,not-looking,17906,1242,696,1290,834,0,walking,not-looking,17907,1242,696,1291,836,0,walking,not-looking,17908,1242,696,1291,837,0,walking,not-looking,17909,1242,696,1292,839,0,walking,not-looking,17910,1242,696,1292,840,0,walking,not-looking,17911,1241,696,1293,842,0,walking,not-looking,17912,1241,696,1294,843,0,walking,not-looking,17913,1241,696,1294,845,0,walking,not-looking,17914,1241,696,1295,846,0,walking,not-looking,17915,1241,696,1295,848,0,walking,not-looking,17916,1241,696,1296,849,0,walking,not-looking,17917,1241,696,1296,851,0,walking,not-looking,17918,1241,696,1297,852,0,walking,not-looking,17919,1241,696,1297,854,0,walking,not-looking,17920,1241,696,1298,855,0,walking,not-looking,17921,1241,696,1298,857,0,walking,not-looking,17922,1241,696,1299,858,0,walking,not-looking,17923,1241,696,1300,860,0,walking,not-looking,17924,1241,696,1300,861,0,walking,not-looking,17925,1241,696,1301,862,0,walking,not-looking,17926,1243,694,1303,865,0,walking,not-looking,17927,1245,693,1306,867,0,walking,not-looking,17928,1247,692,1308,869,0,walking,not-looking,17929,1249,690,1311,871,0,walking,not-looking,17930,1251,689,1313,873,0,walking,not-looking,17931,1253,687,1316,876,0,walking,not-looking,17932,1255,686,1318,878,0,walking,not-looking,17933,1257,684,1321,880,0,walking,not-looking,17934,1258,683,1323,882,0,walking,not-looking,17935,1260,682,1326,884,0,walking,not-looking
3_12_759,11326,1369,709,1415,825,0,standing,not-looking,11327,1374,708,1420,827,0,standing,not-looking,11328,1378,708,1425,829,0,standing,not-looking,11329,1383,707,1430,831,0,standing,not-looking,11330,1390,706,1438,830,0,standing,not-looking,11331,1396,704,1445,828,0,standing,not-looking,11332,1402,703,1452,827,0,standing,not-looking,11333,1408,701,1458,827,0,standing,not-looking,11334,1414,698,1465,826,0,standing,not-looking,11335,1420,696,1472,826,0,standing,not-looking,11336,1426,694,1479,826,0,standing,not-looking,11337,1432,692,1486,826,0,standing,not-looking,11338,1438,690,1494,826,0,standing,not-looking,11339,1444,687,1502,827,0,standing,not-looking,11340,1449,685,1510,827,0,standing,not-looking,11341,1455,683,1518,827,0,standing,not-looking,11342,1461,680,1527,827,0,standing,not-looking,11343,1467,678,1535,827,0,standing,not-looking,11344,1477,677,1545,829,0,standing,not-looking,11345,1486,676,1555,831,0,standing,not-looking,11346,1496,676,1564,832,0,standing,not-looking,11347,1505,675,1574,834,0,standing,not-looking,11348,1514,674,1584,835,0,standing,not-looking,11349,1524,673,1594,837,0,standing,not-looking,11350,1533,672,1604,839,0,standing,not-looking,11351,1543,671,1614,840,0,standing,not-looking,11352,1552,670,1624,842,0,standing,not-looking,11353,1564,668,1636,844,0,standing,not-looking,11354,1576,665,1648,845,0,standing,not-looking,11355,1588,662,1661,847,0,standing,not-looking,11356,1600,659,1673,849,0,standing,not-looking,11357,1612,656,1686,851,0,standing,not-looking
3_12_794,16476,460,717,509,802,0,standing,not-looking,16477,454,716,503,802,0,standing,not-looking,16478,448,716,498,802,0,standing,not-looking,16479,443,715,492,804,0,standing,not-looking,16480,437,714,486,805,0,standing,not-looking,16481,432,714,480,806,0,standing,not-looking,16482,427,713,473,807,0,standing,not-looking,16483,421,712,467,808,0,standing,not-looking,16484,416,712,461,809,0,standing,not-looking,16485,411,711,454,810,0,standing,not-looking,16486,405,711,448,811,0,standing,not-looking,16487,400,710,441,812,0,standing,not-looking,16488,395,710,435,813,0,standing,not-looking,16489,387,709,426,813,0,standing,not-looking,16490,380,707,417,813,0,standing,not-looking,16491,373,706,408,813,0,standing,not-looking,16492,365,705,399,812,0,standing,not-looking,16493,358,704,390,812,0,standing,not-looking,16494,346,703,382,812,1,standing,not-looking,16495,337,700,374,809,1,standing,not-looking,16496,328,696,365,805,2,standing,not-looking,16497,316,695,354,807,2,standing,not-looking,16498,304,695,342,809,2,standing,not-looking,16499,292,694,331,811,2,standing,not-looking,16500,280,693,320,813,2,standing,not-looking,16501,268,692,309,815,2,standing,not-looking,16502,257,691,298,817,2,standing,not-looking,16503,245,690,287,818,2,standing,not-looking,16504,233,690,275,820,2,standing,not-looking,16505,221,689,264,822,1,standing,not-looking,16506,201,693,263,827,0,standing,not-looking,16507,185,692,250,828,0,standing,not-looking
3_12_739,4600,1094,729,1127,825,0,walking,not-looking,4601,1096,728,1130,826,0,walking,not-looking,4602,1099,727,1134,827,0,walking,not-looking,4603,1102,726,1137,827,0,walking,not-looking,4604,1105,724,1140,828,0,walking,not-looking,4605,1108,723,1143,828,0,walking,not-looking,4606,1111,722,1147,829,0,walking,not-looking,4607,1113,721,1150,829,0,walking,not-looking,4608,1116,720,1153,830,0,walking,not-looking,4609,1119,719,1157,830,0,walking,not-looking,4610,1123,718,1160,831,0,walking,not-looking,4611,1126,717,1164,831,0,walking,not-looking,4612,1129,715,1168,831,0,walking,not-looking,4613,1133,714,1172,832,0,walking,not-looking,4614,1136,713,1176,832,0,walking,not-looking,4615,1140,716,1181,837,0,walking,not-looking,4616,1144,719,1186,842,0,walking,not-looking,4617,1148,722,1192,847,0,walking,not-looking,4618,1152,725,1197,852,0,walking,not-looking,4619,1157,728,1202,857,0,walking,not-looking,4620,1161,729,1209,861,0,walking,not-looking,4621,1166,731,1216,864,0,walking,not-looking,4622,1171,732,1223,868,0,walking,not-looking,4623,1175,734,1231,872,0,walking,not-looking,4624,1180,735,1238,875,0,walking,not-looking,4625,1184,732,1244,875,0,walking,not-looking,4626,1188,728,1250,874,0,walking,not-looking,4627,1192,725,1256,874,0,walking,not-looking,4628,1196,721,1262,873,0,walking,not-looking,4629,1200,718,1268,873,0,walking,not-looking,4630,1204,714,1274,872,0,walking,not-looking,4631,1216,711,1283,874,0,walking,not-looking
3_12_776,15784,1255,708,1286,821,0,standing,not-looking,15785,1260,708,1291,823,0,standing,not-looking,15786,1265,709,1297,825,0,standing,not-looking,15787,1269,709,1302,826,0,standing,not-looking,15788,1274,710,1308,828,0,standing,not-looking,15789,1279,711,1313,830,0,standing,not-looking,15790,1283,711,1319,832,0,standing,not-looking,15791,1288,712,1325,834,0,standing,not-looking,15792,1293,711,1330,835,0,standing,not-looking,15793,1298,710,1336,836,0,standing,not-looking,15794,1303,708,1341,837,0,standing,not-looking,15795,1309,707,1348,838,0,standing,not-looking,15796,1315,705,1354,838,0,standing,not-looking,15797,1321,704,1361,839,0,standing,not-looking,15798,1327,702,1367,839,0,standing,not-looking,15799,1333,701,1374,840,0,standing,not-looking,15800,1339,700,1380,841,0,standing,not-looking,15801,1345,698,1387,841,0,standing,not-looking,15802,1350,697,1393,842,0,standing,not-looking,15803,1356,695,1400,843,0,standing,not-looking,15804,1362,694,1406,843,0,standing,not-looking,15805,1369,692,1414,845,0,standing,not-looking,15806,1376,691,1421,846,0,standing,not-looking,15807,1384,689,1429,848,0,standing,not-looking,15808,1391,688,1437,849,0,standing,not-looking,15809,1398,687,1444,850,0,standing,not-looking,15810,1405,685,1452,852,0,standing,not-looking,15811,1412,684,1459,853,0,standing,not-looking,15812,1419,682,1467,855,0,standing,not-looking,15813,1426,681,1475,856,0,standing,not-looking,15814,1433,680,1482,858,0,standing,not-looking,15815,1445,679,1495,860,0,standing,not-looking
3_12_791,16424,1515,678,1559,839,2,walking,looking,16424,1515,678,1559,839,2,walking,looking,16424,1515,678,1559,839,2,walking,looking,16424,1515,678,1559,839,2,walking,looking,16424,1515,678,1559,839,2,walking,looking,16424,1515,678,1559,839,2,walking,looking,16424,1515,678,1559,839,2,walking,looking,16424,1515,678,1559,839,2,walking,looking,16424,1515,678,1559,839,2,walking,looking,16424,1515,678,1559,839,2,walking,looking,16424,1515,678,1559,839,2,walking,looking,16424,1515,678,1559,839,2,walking,looking,16424,1515,678,1559,839,2,walking,looking,16424,1515,678,1559,839,2,walking,looking,16424,1515,678,1559,839,2,walking,looking,16425,1525,678,1568,840,1,walking,looking,16426,1534,678,1578,841,1,walking,looking,16427,1544,677,1588,842,1,walking,looking,16428,1554,677,1597,843,0,walking,looking,16429,1563,675,1606,844,0,walking,looking,16430,1572,673,1615,844,0,walking,looking,16431,1580,671,1624,844,0,walking,looking,16432,1592,669,1637,844,0,walking,looking,16433,1603,666,1649,843,0,walking,looking,16434,1614,663,1662,843,0,walking,looking,16435,1625,660,1675,843,0,walking,looking,16436,1636,658,1688,842,0,walking,looking,16437,1649,654,1702,844,0,walking,looking,16438,1661,651,1717,846,0,walking,looking,16439,1673,648,1731,848,0,walking,looking,16440,1685,645,1745,850,0,walking,looking,16441,1697,641,1760,852,0,walking,looking
3_12_726,3668,1423,684,1512,900,0,standing,not-looking,3669,1426,684,1516,901,0,standing,not-looking,3670,1430,683,1520,902,0,standing,not-looking,3671,1433,682,1524,903,0,standing,not-looking,3672,1436,682,1528,904,0,standing,not-looking,3673,1440,681,1532,906,0,standing,not-looking,3674,1443,681,1536,907,0,standing,not-looking,3675,1447,680,1540,908,0,standing,not-looking,3676,1450,678,1545,909,0,standing,not-looking,3677,1454,677,1549,910,0,standing,not-looking,3678,1458,676,1554,911,0,standing,not-looking,3679,1462,674,1559,912,0,standing,not-looking,3680,1466,673,1563,913,0,standing,not-looking,3681,1472,672,1570,914,0,standing,not-looking,3682,1478,670,1577,915,0,standing,not-looking,3683,1485,669,1584,916,0,standing,not-looking,3684,1491,667,1591,917,0,standing,not-looking,3685,1497,666,1598,918,0,standing,not-looking,3686,1503,665,1605,920,0,standing,not-looking,3687,1509,664,1612,921,0,standing,not-looking,3688,1515,663,1619,922,0,standing,not-looking,3689,1521,662,1626,923,0,standing,not-looking,3690,1527,661,1633,924,0,standing,not-looking,3691,1535,659,1641,926,0,standing,not-looking,3692,1542,656,1649,928,0,standing,not-looking,3693,1550,654,1657,929,0,standing,not-looking,3694,1558,652,1665,931,0,standing,not-looking,3695,1566,649,1674,933,0,standing,not-looking,3696,1576,647,1684,935,0,standing,not-looking,3697,1585,645,1694,937,0,standing,not-looking,3698,1595,643,1705,939,0,standing,not-looking,3699,1604,640,1715,942,0,standing,not-looking
3_12_721,1074,1353,714,1394,845,0,standing,looking,1075,1359,714,1401,846,0,standing,looking,1076,1365,713,1408,847,0,standing,looking,1077,1371,713,1415,848,0,standing,looking,1078,1376,712,1422,850,0,standing,looking,1079,1382,712,1429,851,0,standing,looking,1080,1388,711,1436,852,0,standing,looking,1081,1394,711,1442,854,0,standing,looking,1082,1400,710,1449,855,0,standing,looking,1083,1408,708,1459,856,0,standing,looking,1084,1416,705,1469,857,0,standing,looking,1085,1425,702,1478,858,0,standing,looking,1086,1433,699,1488,856,0,standing,looking,1087,1441,697,1498,855,0,standing,looking,1088,1450,693,1508,855,0,standing,looking,1089,1459,690,1518,855,0,standing,looking,1090,1468,687,1528,855,0,standing,looking,1091,1477,684,1538,854,0,standing,looking,1092,1485,680,1548,854,0,standing,looking,1093,1495,685,1560,863,0,standing,looking,1094,1505,690,1572,871,0,standing,looking,1095,1515,695,1584,880,0,standing,looking,1096,1525,701,1596,888,0,standing,looking,1097,1535,706,1608,896,0,standing,looking,1098,1547,708,1621,904,0,standing,looking,1099,1560,710,1635,911,0,standing,looking,1100,1572,712,1648,918,0,standing,looking,1101,1587,707,1663,917,0,standing,looking,1102,1601,702,1679,917,0,standing,looking,1103,1615,697,1694,917,0,standing,looking,1104,1630,692,1709,916,0,standing,looking,1105,1644,686,1724,916,0,standing,looking
3_12_736,2988,486,735,510,809,2,standing,looking,2989,479,733,503,808,2,standing,looking,2990,471,730,497,806,2,standing,looking,2991,464,728,490,805,2,standing,looking,2992,456,725,483,803,2,standing,looking,2993,449,723,476,802,2,standing,looking,2994,441,720,469,801,2,standing,looking,2995,434,720,463,801,2,standing,looking,2996,427,719,456,802,2,standing,looking,2997,419,719,449,803,2,standing,looking,2998,412,718,443,804,2,standing,looking,2999,405,718,436,804,2,standing,looking,3000,397,718,429,805,2,standing,looking,3001,390,717,423,806,0,standing,looking,3002,380,717,414,807,0,standing,looking,3003,370,717,404,809,0,standing,looking,3004,360,716,395,810,0,standing,looking,3005,350,716,386,812,0,standing,looking,3006,340,715,377,813,0,standing,looking,3007,329,716,367,816,0,standing,looking,3008,318,717,357,818,0,standing,looking,3009,307,718,347,821,0,standing,looking,3010,297,718,337,823,0,standing,looking,3011,286,719,327,826,0,standing,looking,3012,273,717,316,826,0,standing,looking,3013,261,716,304,826,0,standing,looking,3014,248,714,293,826,0,standing,looking,3015,235,712,281,826,0,standing,looking,3016,223,711,270,826,0,standing,looking,3017,209,708,257,826,0,standing,looking,3018,195,706,244,825,0,standing,looking,3019,181,703,231,825,0,standing,looking
3_12_757,11326,445,717,469,820,0,standing,not-looking,11327,441,716,465,820,0,standing,not-looking,11328,437,716,461,820,0,standing,not-looking,11329,431,714,455,820,0,standing,not-looking,11330,425,713,449,820,0,standing,not-looking,11331,420,711,444,820,0,standing,not-looking,11332,414,710,438,819,0,standing,not-looking,11333,408,708,433,819,0,standing,not-looking,11334,402,707,427,819,0,standing,not-looking,11335,397,705,422,818,0,standing,not-looking,11336,391,703,416,818,0,standing,not-looking,11337,385,702,411,818,0,standing,not-looking,11338,380,700,405,818,0,standing,not-looking,11339,374,699,400,817,0,standing,not-looking,11340,368,697,394,817,0,standing,not-looking,11341,362,696,388,817,0,standing,not-looking,11342,357,694,383,816,0,standing,not-looking,11343,351,693,377,816,0,standing,not-looking,11344,344,693,371,818,0,standing,not-looking,11345,336,693,364,819,0,standing,not-looking,11346,329,694,357,821,0,standing,not-looking,11347,321,694,350,823,0,standing,not-looking,11348,314,694,344,824,0,standing,not-looking,11349,305,697,336,829,0,standing,not-looking,11350,296,700,328,833,0,standing,not-looking,11351,288,704,320,837,0,standing,not-looking,11352,279,707,312,842,0,standing,not-looking,11353,270,708,303,844,0,standing,not-looking,11354,261,708,294,847,0,standing,not-looking,11355,252,709,285,849,0,standing,not-looking,11356,243,710,276,852,0,standing,not-looking,11357,233,708,266,849,0,standing,not-looking
3_12_758,11326,402,718,425,807,0,standing,not-looking,11327,396,717,420,807,0,standing,not-looking,11328,390,717,414,808,0,standing,not-looking,11329,385,716,409,808,0,standing,not-looking,11330,379,715,403,809,0,standing,not-looking,11331,373,714,398,809,0,standing,not-looking,11332,367,712,392,809,0,standing,not-looking,11333,361,711,387,809,0,standing,not-looking,11334,355,710,381,809,0,standing,not-looking,11335,348,708,374,809,0,standing,not-looking,11336,341,707,367,809,0,standing,not-looking,11337,334,706,360,808,0,standing,not-looking,11338,326,704,354,808,0,standing,not-looking,11339,319,703,347,808,0,standing,not-looking,11340,312,701,340,808,0,standing,not-looking,11341,305,700,333,808,0,standing,not-looking,11342,298,699,326,808,0,standing,not-looking,11343,290,697,319,807,0,standing,not-looking,11344,283,696,312,807,0,standing,not-looking,11345,276,694,305,807,0,standing,not-looking,11346,269,693,298,807,0,standing,not-looking,11347,260,695,290,811,0,standing,not-looking,11348,251,698,282,816,0,standing,not-looking,11349,243,700,274,820,0,standing,not-looking,11350,234,702,265,825,0,standing,not-looking,11351,225,705,257,829,0,standing,not-looking,11352,216,707,249,833,0,standing,not-looking,11353,207,709,240,837,0,standing,not-looking,11354,198,711,231,841,0,standing,not-looking,11355,186,710,220,843,0,standing,not-looking,11356,174,710,208,844,0,standing,not-looking,11357,164,708,198,842,0,standing,not-looking
3_12_799,17081,517,731,539,807,2,standing,not-looking,17082,512,730,535,807,2,standing,not-looking,17083,507,730,530,808,2,standing,not-looking,17084,502,729,525,808,2,standing,not-looking,17085,497,729,521,808,2,standing,not-looking,17086,492,728,516,809,2,standing,not-looking,17087,487,727,512,809,2,standing,not-looking,17088,482,727,507,809,1,standing,not-looking,17089,476,726,501,814,0,standing,not-looking,17090,470,724,496,814,0,standing,not-looking,17091,464,723,491,815,0,standing,not-looking,17092,459,722,486,815,0,standing,not-looking,17093,453,720,481,816,0,standing,not-looking,17094,447,719,476,816,0,standing,not-looking,17095,439,719,469,817,0,standing,not-looking,17096,432,718,461,817,0,standing,not-looking,17097,425,718,454,818,0,standing,not-looking,17098,418,718,447,819,0,standing,not-looking,17099,410,718,439,820,0,standing,not-looking,17100,402,717,432,820,0,standing,not-looking,17101,394,715,425,821,0,standing,not-looking,17102,387,714,418,821,0,standing,not-looking,17103,379,713,411,822,0,standing,not-looking,17104,371,712,404,822,0,standing,not-looking,17105,362,711,395,823,0,standing,not-looking,17106,352,710,386,824,0,standing,not-looking,17107,343,709,377,825,0,standing,not-looking,17108,334,709,368,826,0,standing,not-looking,17109,325,708,359,827,0,standing,not-looking,17110,314,707,348,827,0,standing,not-looking,17111,303,707,338,828,0,standing,not-looking,17112,292,706,328,828,0,standing,not-looking
3_12_798,16563,1271,722,1309,809,0,walking,not-looking,16564,1274,722,1313,810,0,walking,not-looking,16565,1278,723,1317,813,0,walking,not-looking,16566,1283,724,1321,815,0,walking,not-looking,16567,1287,725,1325,817,0,walking,not-looking,16568,1291,726,1329,819,0,walking,not-looking,16569,1295,726,1333,821,0,walking,not-looking,16570,1299,726,1339,822,0,walking,not-looking,16571,1303,725,1345,823,0,walking,not-looking,16572,1308,725,1350,824,0,walking,not-looking,16573,1312,724,1356,825,0,walking,not-looking,16574,1316,723,1362,826,0,walking,not-looking,16575,1322,723,1368,828,0,walking,not-looking,16576,1329,723,1373,830,0,walking,not-looking,16577,1335,722,1379,831,0,walking,not-looking,16578,1342,722,1385,833,0,walking,not-looking,16579,1348,722,1391,835,0,walking,not-looking,16580,1356,719,1399,835,0,walking,not-looking,16581,1363,717,1407,835,0,walking,not-looking,16582,1370,715,1415,836,0,walking,not-looking,16583,1378,713,1424,836,0,walking,not-looking,16584,1385,711,1432,836,0,walking,not-looking,16585,1393,709,1440,836,0,walking,not-looking,16586,1402,706,1448,837,0,walking,not-looking,16587,1410,704,1456,837,0,walking,not-looking,16588,1418,701,1464,837,0,walking,not-looking,16589,1426,699,1472,838,0,walking,not-looking,16590,1432,699,1483,841,0,walking,not-looking,16591,1438,699,1494,843,0,walking,not-looking,16592,1444,699,1504,846,0,walking,not-looking,16593,1450,699,1515,849,0,walking,not-looking,16594,1457,699,1526,852,0,walking,not-looking
3_12_801,17098,1294,719,1323,824,0,standing,not-looking,17099,1299,719,1328,825,0,standing,not-looking,17100,1303,718,1333,826,0,standing,not-looking,17101,1307,718,1337,826,0,standing,not-looking,17102,1313,717,1344,828,0,standing,not-looking,17103,1319,717,1351,829,0,standing,not-looking,17104,1325,716,1358,831,0,standing,not-looking,17105,1331,716,1364,832,0,standing,not-looking,17106,1337,715,1371,833,0,standing,not-looking,17107,1343,715,1378,835,0,standing,not-looking,17108,1349,714,1385,836,0,standing,not-looking,17109,1356,713,1393,837,0,standing,not-looking,17110,1363,712,1401,839,0,standing,not-looking,17111,1371,710,1409,840,0,standing,not-looking,17112,1378,709,1418,842,0,standing,not-looking,17113,1385,708,1426,843,0,standing,not-looking,17114,1393,706,1434,845,0,standing,not-looking,17115,1400,705,1442,846,0,standing,not-looking,17116,1409,703,1452,846,0,standing,not-looking,17117,1418,702,1462,847,0,standing,not-looking,17118,1428,700,1472,848,0,standing,not-looking,17119,1437,698,1482,849,0,standing,not-looking,17120,1446,697,1493,850,0,standing,not-looking,17121,1455,695,1503,850,0,standing,not-looking,17122,1467,693,1516,852,0,standing,not-looking,17123,1478,691,1529,853,0,standing,not-looking,17124,1490,689,1542,854,0,standing,not-looking,17125,1501,687,1555,855,0,standing,not-looking,17126,1512,685,1568,857,0,standing,not-looking,17127,1524,683,1581,858,0,standing,not-looking,17128,1539,680,1597,859,0,standing,not-looking,17129,1553,677,1612,861,0,standing,not-looking
3_12_786,15864,479,741,502,828,2,standing,not-looking,15865,474,742,497,829,2,standing,not-looking,15866,468,743,492,831,2,standing,not-looking,15867,462,744,486,833,2,standing,not-looking,15868,457,745,481,834,2,standing,not-looking,15869,451,742,475,833,2,standing,not-looking,15870,445,738,470,831,2,standing,not-looking,15871,439,735,464,829,2,standing,not-looking,15872,432,732,459,827,2,standing,not-looking,15873,426,729,453,825,2,standing,not-looking,15874,420,726,447,824,2,standing,not-looking,15875,414,723,442,822,2,standing,not-looking,15876,408,719,436,820,2,standing,not-looking,15877,402,716,431,818,2,standing,not-looking,15878,396,713,425,816,2,standing,not-looking,15879,387,715,417,820,2,standing,not-looking,15880,379,717,410,823,2,standing,not-looking,15881,371,718,402,826,2,standing,not-looking,15882,363,720,394,829,2,standing,not-looking,15883,355,722,387,832,2,standing,not-looking,15884,346,724,379,835,2,standing,not-looking,15885,338,726,372,839,2,standing,not-looking,15886,330,726,363,839,2,standing,not-looking,15887,322,727,355,840,2,standing,not-looking,15888,313,728,347,841,1,standing,not-looking,15889,304,728,338,843,1,standing,not-looking,15890,295,727,329,845,1,standing,not-looking,15891,286,727,320,847,1,standing,not-looking,15892,277,726,311,849,1,standing,not-looking,15893,268,726,302,850,1,standing,not-looking,15894,259,725,292,852,1,standing,not-looking,15895,247,723,282,853,1,standing,not-looking
3_12_728,2924,583,729,599,795,0,standing,not-looking,2925,579,729,596,796,0,standing,not-looking,2926,575,729,592,796,0,standing,not-looking,2927,572,728,589,796,0,standing,not-looking,2928,567,728,584,796,0,standing,not-looking,2929,562,727,580,797,0,standing,not-looking,2930,557,727,575,797,0,standing,not-looking,2931,552,726,570,797,0,standing,not-looking,2932,548,726,566,797,0,standing,not-looking,2933,543,725,561,797,0,standing,not-looking,2934,538,724,557,797,0,standing,not-looking,2935,533,724,552,797,0,standing,not-looking,2936,528,723,548,798,0,standing,not-looking,2937,524,723,543,798,0,standing,not-looking,2938,517,723,537,799,0,standing,not-looking,2939,511,722,531,800,0,standing,not-looking,2940,505,722,526,802,0,standing,not-looking,2941,499,722,520,803,0,standing,not-looking,2942,493,722,514,804,0,standing,not-looking,2943,487,722,508,806,0,standing,not-looking,2944,481,722,502,807,0,standing,not-looking,2945,475,722,496,808,0,standing,not-looking,2946,468,722,491,809,0,standing,not-looking,2947,462,721,485,811,0,standing,not-looking,2948,455,721,477,812,0,standing,not-looking,2949,447,720,470,812,0,standing,not-looking,2950,439,720,462,813,0,standing,not-looking,2951,431,719,455,814,0,standing,not-looking,2952,424,719,447,815,0,standing,not-looking,2953,416,718,440,816,0,standing,not-looking,2954,408,718,432,817,0,standing,not-looking,2955,399,716,423,817,0,standing,not-looking
3_12_755,8489,560,711,580,785,2,standing,looking,8490,555,710,576,786,2,standing,looking,8491,551,710,571,786,2,standing,looking,8492,547,709,567,786,2,standing,looking,8493,538,708,560,788,0,standing,looking,8494,532,707,555,788,0,standing,looking,8495,526,706,550,788,0,standing,looking,8496,520,705,545,788,0,standing,looking,8497,515,704,540,788,0,standing,looking,8498,509,704,535,789,0,standing,looking,8499,504,704,530,790,0,standing,looking,8500,499,703,525,791,0,standing,looking,8501,492,704,519,793,0,standing,looking,8502,485,705,513,795,0,standing,looking,8503,478,706,507,797,0,standing,looking,8504,471,706,500,799,0,standing,looking,8505,464,707,494,801,0,standing,looking,8506,458,708,488,804,0,standing,looking,8507,451,709,482,806,0,standing,looking,8508,444,709,476,808,0,standing,looking,8509,437,710,469,810,0,standing,looking,8510,430,711,463,812,0,standing,looking,8511,422,711,455,814,0,standing,looking,8512,413,711,446,816,0,standing,looking,8513,405,712,438,819,0,standing,looking,8514,396,712,429,821,0,standing,looking,8515,388,712,421,823,0,standing,looking,8516,378,710,411,822,0,standing,looking,8517,368,707,401,822,0,standing,looking,8518,358,704,392,822,0,standing,looking,8519,348,702,382,821,0,standing,looking,8520,338,699,372,821,0,standing,looking
3_12_768,11391,1324,739,1338,795,0,standing,not-looking,11392,1327,739,1341,796,0,standing,not-looking,11393,1330,739,1345,796,0,standing,not-looking,11394,1333,740,1348,798,0,standing,not-looking,11395,1337,741,1352,800,0,standing,not-looking,11396,1340,741,1356,802,0,standing,not-looking,11397,1344,742,1360,804,0,standing,not-looking,11398,1347,743,1363,806,0,standing,not-looking,11399,1351,744,1368,809,0,standing,not-looking,11400,1355,745,1372,811,0,standing,not-looking,11401,1359,746,1376,814,0,standing,not-looking,11402,1363,747,1380,816,0,standing,not-looking,11403,1367,748,1384,819,0,standing,not-looking,11404,1371,746,1388,818,0,standing,not-looking,11405,1374,744,1392,816,0,standing,not-looking,11406,1378,742,1395,815,0,standing,not-looking,11407,1382,740,1399,813,0,standing,not-looking,11408,1385,738,1403,812,0,standing,not-looking,11409,1390,736,1407,810,0,standing,not-looking,11410,1394,734,1412,809,0,standing,not-looking,11411,1399,732,1416,807,0,standing,not-looking,11412,1403,730,1421,806,0,standing,not-looking,11413,1407,727,1425,804,0,standing,not-looking,11414,1412,727,1430,805,0,standing,not-looking,11415,1417,726,1435,805,0,standing,not-looking,11416,1421,725,1441,806,0,standing,not-looking,11417,1426,725,1446,806,0,standing,not-looking,11418,1431,724,1451,807,0,standing,not-looking,11419,1436,724,1457,808,0,standing,not-looking,11420,1441,724,1464,809,0,standing,not-looking,11421,1447,724,1471,810,0,standing,not-looking,11422,1452,723,1478,811,0,standing,not-looking
3_12_785,15868,459,731,478,801,2,standing,not-looking,15869,453,730,472,801,2,standing,not-looking,15870,447,728,466,800,2,standing,not-looking,15871,442,724,462,798,2,standing,not-looking,15872,437,720,457,797,2,standing,not-looking,15873,431,716,452,795,2,standing,not-looking,15874,426,713,448,794,2,standing,not-looking,15875,421,709,443,792,2,standing,not-looking,15876,413,704,436,790,2,standing,not-looking,15877,406,700,430,788,2,standing,not-looking,15878,400,702,425,792,2,standing,not-looking,15879,394,704,420,797,2,standing,not-looking,15880,388,705,414,801,2,standing,not-looking,15881,381,707,408,805,2,standing,not-looking,15882,374,708,402,808,2,standing,not-looking,15883,367,710,395,812,2,standing,not-looking,15884,360,711,389,816,2,standing,not-looking,15885,353,712,383,820,1,standing,not-looking,15886,345,713,375,823,1,standing,not-looking,15887,336,714,367,826,1,standing,not-looking,15888,328,714,360,829,1,standing,not-looking,15889,320,715,352,832,1,standing,not-looking,15890,311,716,345,835,1,standing,not-looking,15891,302,715,336,834,1,standing,not-looking,15892,293,714,327,834,1,standing,not-looking,15893,283,713,318,834,1,standing,not-looking,15894,274,712,309,833,1,standing,not-looking,15895,264,711,300,833,1,standing,not-looking,15896,258,710,294,831,1,standing,not-looking,15897,251,708,287,839,1,standing,not-looking,15898,240,706,276,837,0,standing,not-looking,15899,229,703,268,838,0,standing,not-looking
3_12_790,16409,1392,707,1426,822,0,walking,not-looking,16410,1396,707,1430,822,0,walking,not-looking,16411,1399,706,1435,823,0,walking,not-looking,16412,1403,706,1439,824,0,walking,not-looking,16413,1406,706,1443,825,0,walking,not-looking,16414,1410,706,1448,826,0,walking,not-looking,16415,1414,705,1454,827,0,walking,not-looking,16416,1419,705,1461,828,0,walking,not-looking,16417,1423,705,1468,830,0,walking,not-looking,16418,1427,704,1474,831,0,walking,not-looking,16419,1431,704,1481,832,0,walking,not-looking,16420,1439,704,1488,833,0,walking,not-looking,16421,1446,704,1496,835,0,walking,not-looking,16422,1453,703,1503,837,0,walking,not-looking,16423,1461,703,1511,838,0,walking,not-looking,16424,1468,703,1518,840,0,walking,not-looking,16425,1476,701,1526,840,0,walking,not-looking,16426,1484,699,1534,840,0,walking,not-looking,16427,1492,699,1542,842,0,walking,not-looking,16428,1499,698,1549,845,0,walking,not-looking,16429,1507,697,1557,847,0,walking,not-looking,16430,1516,696,1566,848,0,walking,not-looking,16431,1525,695,1576,850,0,walking,not-looking,16432,1534,693,1586,851,0,walking,looking,16433,1542,692,1595,852,0,walking,looking,16434,1551,691,1605,853,0,walking,looking,16435,1561,689,1616,854,0,walking,looking,16436,1572,687,1627,854,0,walking,looking,16437,1582,685,1638,855,0,walking,looking,16438,1592,683,1649,856,0,walking,looking,16439,1602,681,1660,857,0,walking,looking,16440,1616,680,1674,859,0,walking,looking
3_12_775,15365,1028,741,1065,814,0,walking,not-looking,15366,1030,738,1068,814,0,walking,not-looking,15367,1032,736,1071,813,0,walking,not-looking,15368,1034,734,1075,812,0,walking,not-looking,15369,1037,732,1078,812,0,walking,not-looking,15370,1040,735,1082,815,0,walking,not-looking,15371,1043,734,1083,814,0,walking,not-looking,15372,1044,734,1087,816,0,walking,not-looking,15373,1045,734,1090,818,0,walking,not-looking,15374,1046,734,1094,820,0,walking,not-looking,15375,1047,734,1098,822,0,walking,not-looking,15376,1053,736,1098,824,0,walking,not-looking,15377,1055,735,1101,825,0,walking,not-looking,15378,1057,734,1105,825,0,walking,not-looking,15379,1059,732,1109,826,0,walking,not-looking,15380,1061,731,1112,827,0,walking,not-looking,15381,1064,730,1116,828,0,walking,not-looking,15382,1067,731,1120,830,0,walking,not-looking,15383,1071,732,1124,833,0,walking,not-looking,15384,1074,732,1128,835,0,walking,not-looking,15385,1078,733,1131,837,0,walking,not-looking,15386,1081,734,1135,840,0,walking,not-looking,15387,1086,733,1140,841,0,walking,not-looking,15388,1091,733,1145,842,0,walking,not-looking,15389,1096,732,1149,844,0,walking,not-looking,15390,1101,732,1154,845,0,walking,not-looking,15391,1105,732,1159,846,0,walking,not-looking,15392,1110,730,1165,848,0,walking,not-looking,15393,1115,728,1171,849,0,walking,not-looking,15394,1120,726,1177,851,0,walking,not-looking,15395,1125,724,1184,853,0,walking,not-looking,15396,1130,722,1190,854,0,walking,not-looking
3_12_722,1222,1333,715,1372,862,1,standing,not-looking,1223,1339,714,1378,864,1,standing,not-looking,1224,1344,713,1385,865,1,standing,not-looking,1225,1350,712,1392,867,1,standing,not-looking,1226,1357,711,1400,869,1,standing,not-looking,1227,1365,710,1409,871,1,standing,not-looking,1228,1372,709,1418,874,1,standing,not-looking,1229,1380,708,1426,876,1,standing,not-looking,1230,1387,707,1435,879,1,standing,not-looking,1231,1395,706,1443,881,1,standing,not-looking,1232,1402,705,1452,884,1,standing,not-looking,1233,1410,704,1461,886,1,standing,not-looking,1234,1418,703,1469,889,1,standing,not-looking,1235,1425,702,1478,891,1,standing,not-looking,1236,1435,701,1489,892,1,standing,not-looking,1237,1445,699,1500,894,1,standing,not-looking,1238,1456,697,1511,895,1,standing,not-looking,1239,1466,696,1523,896,1,standing,not-looking,1240,1476,694,1534,898,1,standing,not-looking,1241,1486,693,1545,899,1,standing,not-looking,1242,1496,691,1556,901,1,standing,not-looking,1243,1506,689,1567,902,1,standing,not-looking,1244,1518,687,1579,904,1,standing,not-looking,1245,1530,685,1591,907,1,standing,not-looking,1246,1541,682,1602,909,1,standing,not-looking,1247,1552,680,1623,912,0,standing,not-looking,1248,1565,678,1636,914,0,standing,not-looking,1249,1578,675,1648,917,0,standing,not-looking,1250,1591,673,1661,920,0,standing,not-looking,1251,1604,670,1674,922,0,standing,not-looking,1252,1619,669,1687,924,0,standing,not-looking,1253,1635,666,1705,928,0,standing,not-looking
3_12_761,11394,1314,729,1332,797,0,standing,not-looking,11395,1317,730,1335,798,0,standing,not-looking,11396,1320,730,1338,799,0,standing,not-looking,11397,1324,732,1342,802,0,standing,not-looking,11398,1328,734,1346,805,0,standing,not-looking,11399,1331,736,1350,808,0,standing,not-looking,11400,1335,738,1354,810,0,standing,not-looking,11401,1339,741,1358,813,0,standing,not-looking,11402,1343,741,1362,814,0,standing,not-looking,11403,1346,740,1365,814,0,standing,not-looking,11404,1349,740,1369,815,0,standing,not-looking,11405,1352,740,1372,814,0,standing,not-looking,11406,1355,739,1375,814,0,standing,not-looking,11407,1359,736,1379,812,0,standing,not-looking,11408,1362,733,1382,811,0,standing,not-looking,11409,1366,731,1386,809,0,standing,not-looking,11410,1369,728,1390,807,0,standing,not-looking,11411,1372,725,1394,806,0,standing,not-looking,11412,1377,723,1399,805,0,standing,not-looking,11413,1381,722,1404,805,0,standing,not-looking,11414,1385,720,1409,804,0,standing,not-looking,11415,1390,718,1414,804,0,standing,not-looking,11416,1394,717,1419,803,0,standing,not-looking,11417,1399,716,1424,804,0,standing,not-looking,11418,1404,716,1430,805,0,standing,not-looking,11419,1409,716,1435,806,0,standing,not-looking,11420,1414,716,1440,807,0,standing,not-looking,11421,1419,716,1445,807,0,standing,not-looking,11422,1425,716,1452,808,0,standing,not-looking,11423,1431,716,1458,810,0,standing,not-looking,11424,1437,716,1464,811,0,standing,not-looking,11425,1443,716,1471,812,0,standing,not-looking
3_12_727,3659,1473,667,1530,897,0,standing,not-looking,3660,1474,666,1532,897,0,standing,not-looking,3661,1475,666,1535,898,0,standing,not-looking,3662,1480,665,1538,899,0,standing,not-looking,3663,1484,665,1541,899,0,standing,not-looking,3664,1489,664,1544,900,0,standing,not-looking,3665,1493,664,1547,901,0,standing,not-looking,3666,1498,663,1550,901,0,standing,not-looking,3667,1502,662,1555,902,0,standing,not-looking,3668,1505,662,1559,903,0,standing,not-looking,3669,1509,661,1564,903,0,standing,not-looking,3670,1513,660,1569,904,0,standing,not-looking,3671,1516,660,1573,904,0,standing,not-looking,3672,1522,658,1578,906,0,standing,not-looking,3673,1528,656,1583,907,0,standing,not-looking,3674,1534,655,1588,908,0,standing,not-looking,3675,1539,653,1592,910,0,standing,not-looking,3676,1545,651,1597,911,0,standing,not-looking,3677,1551,649,1603,912,0,standing,not-looking,3678,1557,648,1609,913,0,standing,not-looking,3679,1562,646,1615,914,0,standing,not-looking,3680,1568,644,1621,915,0,standing,not-looking,3681,1574,642,1627,916,0,standing,not-looking,3682,1581,641,1635,917,0,standing,not-looking,3683,1589,641,1643,918,0,standing,not-looking,3684,1597,640,1652,919,0,standing,not-looking,3685,1605,639,1660,920,0,standing,not-looking,3686,1612,638,1668,921,0,standing,not-looking,3687,1621,636,1676,923,0,standing,not-looking,3688,1629,633,1684,924,0,standing,not-looking,3689,1638,631,1693,926,0,standing,not-looking,3690,1646,628,1701,927,0,standing,not-looking
3_12_777,15784,1291,711,1315,814,0,standing,not-looking,15785,1295,712,1320,815,0,standing,not-looking,15786,1300,712,1325,817,0,standing,not-looking,15787,1304,712,1330,818,0,standing,not-looking,15788,1309,713,1335,820,0,standing,not-looking,15789,1313,713,1340,821,0,standing,not-looking,15790,1318,714,1345,823,0,standing,not-looking,15791,1322,714,1350,824,0,standing,not-looking,15792,1327,715,1355,826,0,standing,not-looking,15793,1331,715,1360,828,0,standing,not-looking,15794,1337,714,1366,828,0,standing,not-looking,15795,1342,713,1372,828,0,standing,not-looking,15796,1348,712,1378,829,0,standing,not-looking,15797,1353,711,1384,829,0,standing,not-looking,15798,1358,710,1391,829,0,standing,not-looking,15799,1364,709,1398,830,0,standing,not-looking,15800,1369,707,1405,830,0,standing,not-looking,15801,1375,705,1412,830,0,standing,not-looking,15802,1380,704,1419,830,0,standing,not-looking,15803,1386,702,1426,830,0,standing,not-looking,15804,1391,700,1433,830,0,standing,not-looking,15805,1398,699,1440,831,0,standing,not-looking,15806,1405,697,1447,832,0,standing,not-looking,15807,1412,696,1454,832,0,standing,not-looking,15808,1419,694,1462,833,0,standing,not-looking,15809,1426,693,1469,834,0,standing,not-looking,15810,1433,691,1476,834,0,standing,not-looking,15811,1440,691,1484,836,0,standing,not-looking,15812,1448,691,1491,838,0,standing,not-looking,15813,1455,691,1498,840,0,standing,not-looking,15814,1464,690,1507,842,0,standing,not-looking,15815,1472,689,1516,844,0,standing,not-looking
3_12_751,8417,1223,729,1251,817,0,standing,not-looking,8418,1227,729,1256,819,0,standing,not-looking,8419,1229,729,1262,820,0,standing,not-looking,8420,1234,726,1266,819,0,standing,not-looking,8421,1240,724,1271,818,0,standing,not-looking,8422,1245,721,1276,817,0,standing,not-looking,8423,1251,719,1280,816,0,standing,not-looking,8424,1254,716,1286,815,0,standing,not-looking,8425,1261,714,1292,815,0,standing,not-looking,8426,1268,712,1298,814,0,standing,not-looking,8427,1273,711,1304,815,0,standing,not-looking,8428,1279,710,1310,817,0,standing,not-looking,8429,1281,711,1319,819,0,standing,not-looking,8430,1289,712,1325,822,0,standing,not-looking,8431,1296,713,1331,825,0,standing,not-looking,8432,1304,714,1338,828,0,standing,not-looking,8433,1312,715,1344,830,0,standing,not-looking,8434,1309,715,1352,833,0,standing,not-looking,8435,1318,714,1360,835,0,standing,not-looking,8436,1326,714,1367,837,0,standing,not-looking,8437,1334,713,1375,839,0,standing,not-looking,8438,1342,713,1382,841,0,standing,not-looking,8439,1351,712,1392,843,0,standing,not-looking,8440,1360,711,1401,845,0,standing,not-looking,8441,1368,710,1411,847,0,standing,not-looking,8442,1377,710,1420,850,0,standing,not-looking,8443,1386,709,1430,852,0,standing,not-looking,8444,1395,706,1441,853,0,standing,not-looking,8445,1405,704,1452,854,0,standing,not-looking,8446,1414,702,1463,855,0,standing,not-looking,8447,1424,699,1474,856,0,standing,not-looking,8448,1433,697,1486,856,0,standing,not-looking
3_12_762,11394,1340,732,1355,799,0,standing,not-looking,11395,1344,732,1359,800,0,standing,not-looking,11396,1347,734,1363,803,0,standing,not-looking,11397,1351,736,1367,805,0,standing,not-looking,11398,1355,738,1370,808,0,standing,not-looking,11399,1358,740,1374,810,0,standing,not-looking,11400,1363,743,1379,814,0,standing,not-looking,11401,1368,743,1384,815,0,standing,not-looking,11402,1372,743,1388,816,0,standing,not-looking,11403,1376,744,1392,817,0,standing,not-looking,11404,1380,744,1397,818,0,standing,not-looking,11405,1385,743,1402,818,0,standing,not-looking,11406,1389,741,1406,816,0,standing,not-looking,11407,1393,739,1409,815,0,standing,not-looking,11408,1396,738,1413,813,0,standing,not-looking,11409,1400,736,1417,812,0,standing,not-looking,11410,1404,733,1422,810,0,standing,not-looking,11411,1409,731,1426,808,0,standing,not-looking,11412,1414,728,1431,807,0,standing,not-looking,11413,1418,726,1436,805,0,standing,not-looking,11414,1423,723,1440,804,0,standing,not-looking,11415,1428,723,1446,805,0,standing,not-looking,11416,1433,723,1451,806,0,standing,not-looking,11417,1438,722,1456,807,0,standing,not-looking,11418,1443,722,1462,808,0,standing,not-looking,11419,1448,722,1467,809,0,standing,not-looking,11420,1455,721,1474,810,0,standing,not-looking,11421,1462,721,1482,811,0,standing,not-looking,11422,1469,720,1489,813,0,standing,not-looking,11423,1475,720,1496,814,0,standing,not-looking,11424,1482,719,1504,815,0,standing,not-looking,11425,1489,719,1511,817,0,standing,not-looking
3_12_784,15861,640,735,681,830,0,walking,looking,15862,636,737,678,833,0,walking,looking,15863,633,739,675,836,0,walking,looking,15864,630,741,672,839,0,walking,looking,15865,626,743,669,842,0,walking,looking,15866,623,745,666,845,0,walking,looking,15867,620,747,663,848,0,walking,looking,15868,616,745,664,851,0,walking,looking,15869,613,742,660,849,0,walking,looking,15870,610,738,656,847,0,walking,looking,15871,606,735,653,845,0,walking,looking,15872,603,731,649,843,0,walking,looking,15873,599,728,645,841,0,walking,looking,15874,596,724,642,839,0,walking,looking,15875,593,721,638,837,0,walking,looking,15876,589,717,634,835,0,walking,looking,15877,586,714,631,833,0,walking,looking,15878,580,714,625,836,0,walking,looking,15879,574,715,620,839,0,walking,looking,15880,568,716,614,842,0,walking,looking,15881,562,716,609,844,0,walking,looking,15882,556,717,604,847,0,walking,looking,15883,550,718,598,850,0,standing,looking,15884,543,719,592,853,0,standing,looking,15885,535,720,585,856,0,standing,looking,15886,528,721,578,860,0,standing,looking,15887,521,723,571,863,0,standing,looking,15888,513,724,565,866,0,standing,not-looking,15889,507,724,558,868,0,standing,not-looking,15890,500,724,550,871,0,standing,not-looking,15891,494,724,543,873,0,standing,not-looking,15892,488,724,536,876,0,standing,not-looking
3_12_802,17097,384,708,412,811,1,standing,not-looking,17098,375,706,404,812,1,standing,not-looking,17099,366,705,396,813,1,standing,not-looking,17100,357,703,388,814,1,standing,not-looking,17101,348,702,380,814,1,standing,not-looking,17102,339,700,371,815,0,standing,not-looking,17103,330,699,362,816,0,standing,not-looking,17104,321,698,353,817,0,standing,not-looking,17105,312,696,343,818,0,standing,not-looking,17106,300,695,333,819,0,standing,not-looking,17107,288,694,323,821,0,standing,not-looking,17108,276,694,313,823,0,standing,not-looking,17109,264,693,303,825,0,standing,not-looking,17110,253,692,293,826,0,standing,not-looking,17111,240,690,281,828,0,standing,not-looking,17112,227,688,269,829,0,standing,not-looking,17113,213,686,257,830,0,standing,not-looking,17114,200,684,245,831,0,standing,not-looking,17115,187,682,232,833,0,standing,not-looking,17116,176,681,221,831,0,standing,not-looking,17117,161,678,206,829,0,standing,not-looking,17118,147,676,192,826,1,standing,not-looking,17119,132,673,177,824,1,standing,not-looking,17120,120,673,165,823,2,standing,not-looking,17121,104,670,150,823,2,standing,not-looking,17122,88,667,135,823,2,standing,not-looking,17123,71,664,120,823,2,standing,not-looking,17124,55,661,104,823,2,standing,not-looking,17125,39,658,89,823,2,standing,not-looking,17126,23,655,74,823,1,standing,not-looking,17127,5,651,56,829,1,standing,not-looking,17128,0,648,42,839,0,standing,not-looking
3_12_753,8489,1257,727,1287,809,0,walking,not-looking,8490,1261,726,1291,808,0,walking,not-looking,8491,1265,725,1295,808,0,walking,not-looking,8492,1270,725,1300,809,0,walking,not-looking,8493,1274,725,1305,811,0,walking,not-looking,8494,1278,725,1310,813,0,walking,not-looking,8495,1283,725,1315,814,0,walking,not-looking,8496,1287,725,1320,816,0,walking,not-looking,8497,1289,724,1326,816,0,walking,not-looking,8498,1292,723,1331,816,0,walking,not-looking,8499,1294,722,1336,816,0,walking,not-looking,8500,1296,720,1341,816,0,walking,not-looking,8501,1298,719,1346,816,0,walking,not-looking,8502,1305,720,1351,818,0,walking,not-looking,8503,1312,721,1356,821,0,walking,not-looking,8504,1318,723,1362,824,0,walking,not-looking,8505,1325,724,1367,826,0,walking,not-looking,8506,1331,725,1372,829,0,walking,not-looking,8507,1339,725,1381,831,0,walking,not-looking,8508,1348,725,1389,833,0,walking,not-looking,8509,1356,725,1398,835,0,walking,not-looking,8510,1364,725,1407,837,0,walking,not-looking,8511,1372,725,1415,840,0,walking,not-looking,8512,1380,724,1425,841,0,walking,not-looking,8513,1389,723,1434,842,0,walking,not-looking,8514,1397,723,1443,844,0,walking,not-looking,8515,1405,722,1453,845,0,walking,not-looking,8516,1414,721,1462,846,0,walking,not-looking,8517,1424,719,1473,846,0,walking,not-looking,8518,1434,716,1483,847,0,walking,not-looking,8519,1443,714,1494,847,0,walking,not-looking,8520,1453,712,1504,847,0,walking,not-looking
3_12_779,15772,499,736,540,818,2,standing,not-looking,15773,494,735,536,819,2,standing,not-looking,15774,489,735,531,819,2,standing,not-looking,15775,484,734,527,820,2,standing,not-looking,15776,479,733,523,820,2,standing,not-looking,15777,475,732,519,820,2,standing,not-looking,15778,470,731,515,821,2,standing,not-looking,15779,465,731,511,821,2,standing,not-looking,15780,460,730,507,822,2,standing,not-looking,15781,455,729,502,822,2,standing,not-looking,15782,450,728,498,823,2,standing,not-looking,15783,446,727,494,823,2,standing,not-looking,15784,441,726,490,824,2,standing,not-looking,15785,436,726,486,824,2,standing,not-looking,15786,431,725,482,825,2,standing,not-looking,15787,426,724,478,825,1,standing,not-looking,15788,424,724,475,826,0,standing,not-looking,15789,419,726,469,829,0,standing,not-looking,15790,414,726,462,829,0,standing,not-looking,15791,408,726,456,830,0,standing,not-looking,15792,403,726,449,830,0,standing,not-looking,15793,398,726,443,831,0,standing,not-looking,15794,393,726,436,832,0,standing,not-looking,15795,386,725,429,832,0,standing,not-looking,15796,379,723,422,832,0,standing,not-looking,15797,372,722,416,832,0,standing,not-looking,15798,365,721,409,832,0,standing,not-looking,15799,358,720,402,832,0,standing,not-looking,15800,351,719,394,832,0,standing,not-looking,15801,344,717,386,832,0,standing,not-looking,15802,337,716,378,832,0,standing,not-looking,15803,330,715,371,832,0,standing,not-looking
3_12_752,8426,1282,705,1307,807,0,standing,not-looking,8427,1286,703,1312,807,0,standing,not-looking,8428,1292,702,1318,808,0,standing,not-looking,8429,1298,703,1325,810,0,standing,not-looking,8430,1304,704,1332,812,1,standing,not-looking,8431,1310,704,1338,814,1,standing,not-looking,8432,1316,705,1345,816,1,standing,not-looking,8433,1322,705,1352,818,1,standing,not-looking,8434,1329,705,1360,819,1,standing,not-looking,8435,1336,704,1367,819,1,standing,not-looking,8436,1343,704,1375,820,1,standing,not-looking,8437,1350,703,1382,821,1,standing,not-looking,8438,1357,702,1390,821,1,standing,not-looking,8439,1363,702,1398,822,1,standing,not-looking,8440,1370,701,1405,822,2,standing,not-looking,8441,1380,700,1416,825,2,standing,not-looking,8442,1389,698,1426,827,2,standing,not-looking,8443,1399,696,1436,830,2,standing,not-looking,8444,1408,695,1446,832,2,standing,not-looking,8445,1418,693,1456,835,2,standing,not-looking,8446,1427,692,1467,837,2,standing,not-looking,8447,1437,690,1477,840,2,standing,not-looking,8448,1446,689,1487,842,2,standing,not-looking,8449,1456,687,1497,845,2,standing,not-looking,8450,1466,686,1508,847,1,standing,not-looking,8451,1475,684,1518,850,1,standing,not-looking,8452,1488,684,1531,853,1,standing,not-looking,8453,1500,683,1544,857,1,standing,not-looking,8454,1513,683,1557,860,1,standing,not-looking,8455,1530,679,1577,863,0,standing,not-looking,8456,1541,675,1589,863,0,standing,not-looking,8457,1552,671,1601,862,0,standing,not-looking
3_12_724,2530,409,724,435,813,0,standing,not-looking,2531,403,723,430,813,0,standing,not-looking,2532,397,723,424,814,0,standing,not-looking,2533,391,722,419,814,0,standing,not-looking,2534,384,721,413,815,0,standing,not-looking,2535,378,721,408,815,0,standing,not-looking,2536,372,720,402,815,0,standing,not-looking,2537,366,719,396,816,0,standing,not-looking,2538,360,718,391,816,0,standing,not-looking,2539,354,718,385,817,0,standing,not-looking,2540,348,717,380,817,0,standing,not-looking,2541,342,716,374,818,0,standing,not-looking,2542,336,716,369,818,0,standing,not-looking,2543,329,715,362,818,0,standing,not-looking,2544,322,714,356,819,0,standing,not-looking,2545,315,713,349,819,0,standing,not-looking,2546,308,712,342,819,0,standing,not-looking,2547,301,712,336,820,0,standing,not-looking,2548,293,711,328,821,0,standing,not-looking,2549,285,711,320,822,0,standing,not-looking,2550,277,710,312,822,0,standing,not-looking,2551,269,710,304,823,0,standing,not-looking,2552,261,710,296,824,0,standing,not-looking,2553,252,709,288,825,0,standing,not-looking,2554,243,708,279,825,0,standing,not-looking,2555,234,707,271,825,0,standing,not-looking,2556,225,706,263,826,0,standing,not-looking,2557,217,706,254,826,0,standing,not-looking,2558,206,704,244,827,0,standing,not-looking,2559,196,702,235,828,0,standing,not-looking,2560,185,701,225,829,0,standing,not-looking,2561,175,699,215,829,0,standing,not-looking
3_12_795,16476,550,704,578,793,0,standing,not-looking,16477,545,704,573,794,0,standing,not-looking,16478,541,705,569,795,0,standing,not-looking,16479,536,705,564,796,0,standing,not-looking,16480,532,705,560,797,0,standing,not-looking,16481,527,705,556,798,0,standing,not-looking,16482,522,705,551,799,0,standing,not-looking,16483,517,705,547,800,0,standing,not-looking,16484,512,704,543,801,0,standing,not-looking,16485,507,704,538,801,0,standing,not-looking,16486,502,704,534,802,0,standing,not-looking,16487,497,704,529,802,0,standing,not-looking,16488,492,704,524,802,0,standing,not-looking,16489,486,704,518,802,0,standing,not-looking,16490,481,704,513,802,0,standing,not-looking,16491,476,702,508,800,1,standing,not-looking,16492,469,700,501,798,1,standing,not-looking,16493,462,697,495,795,1,standing,not-looking,16494,458,695,491,793,2,standing,not-looking,16495,452,694,484,792,2,standing,not-looking,16496,445,692,478,790,2,standing,not-looking,16497,439,691,471,789,2,standing,not-looking,16498,432,689,464,787,2,standing,not-looking,16499,426,687,458,786,2,standing,not-looking,16500,419,686,451,784,2,standing,not-looking,16501,412,684,445,782,2,standing,not-looking,16502,402,683,441,804,1,standing,not-looking,16503,391,683,430,804,1,standing,not-looking,16504,384,686,423,813,0,standing,not-looking,16505,375,687,414,815,0,standing,not-looking,16506,366,688,405,818,0,standing,not-looking,16507,356,689,396,820,0,standing,not-looking
3_12_737,3765,1086,739,1116,818,0,standing,looking,3766,1086,738,1117,818,0,standing,looking,3767,1087,737,1117,819,0,standing,looking,3768,1088,737,1118,819,0,standing,looking,3769,1088,736,1118,819,0,standing,not-looking,3770,1089,736,1119,820,0,standing,not-looking,3771,1089,737,1119,820,0,standing,not-looking,3772,1090,737,1120,820,0,standing,not-looking,3773,1090,737,1120,821,0,standing,not-looking,3774,1091,738,1121,821,0,standing,not-looking,3775,1091,738,1122,822,0,standing,not-looking,3776,1092,738,1124,823,0,standing,not-looking,3777,1092,738,1126,823,0,standing,not-looking,3778,1092,738,1128,824,0,standing,not-looking,3779,1093,738,1129,825,0,standing,not-looking,3780,1096,737,1131,827,0,standing,not-looking,3781,1100,737,1133,828,0,standing,not-looking,3782,1100,737,1133,828,1,standing,not-looking,3783,1102,736,1136,828,1,standing,not-looking,3784,1104,735,1140,828,1,standing,not-looking,3785,1106,734,1143,828,1,standing,not-looking,3786,1108,733,1146,828,1,standing,not-looking,3787,1110,733,1148,827,1,standing,not-looking,3788,1110,733,1151,827,2,standing,not-looking,3789,1112,733,1153,828,2,standing,not-looking,3790,1115,734,1156,828,2,standing,not-looking,3791,1118,734,1159,829,2,standing,not-looking,3792,1120,734,1161,829,2,standing,not-looking,3793,1123,735,1164,829,2,standing,not-looking,3794,1126,731,1168,830,2,standing,not-looking,3795,1130,728,1171,831,2,standing,not-looking,3796,1134,726,1175,832,1,standing,not-looking
3_12_730,2924,574,735,595,795,0,standing,not-looking,2925,569,734,591,795,0,standing,not-looking,2926,565,734,587,796,0,standing,not-looking,2927,561,733,583,796,0,standing,not-looking,2928,556,733,579,796,0,standing,not-looking,2929,552,732,575,797,0,standing,not-looking,2930,547,731,570,797,0,standing,not-looking,2931,542,731,566,797,0,standing,not-looking,2932,537,731,561,797,0,standing,not-looking,2933,531,730,556,797,0,standing,not-looking,2934,526,730,551,797,0,standing,not-looking,2935,521,729,545,797,0,standing,not-looking,2936,515,728,540,798,0,standing,not-looking,2937,509,728,534,798,0,standing,not-looking,2938,503,727,529,799,0,standing,not-looking,2939,497,726,523,799,0,standing,not-looking,2940,491,727,517,801,0,standing,not-looking,2941,485,727,511,803,0,standing,not-looking,2942,478,728,504,805,0,standing,not-looking,2943,472,729,498,807,0,standing,not-looking,2944,465,729,492,808,0,standing,not-looking,2945,457,729,485,809,0,standing,not-looking,2946,449,729,477,811,0,standing,not-looking,2947,441,729,470,812,0,standing,not-looking,2948,433,729,462,813,0,standing,not-looking,2949,425,729,455,814,0,standing,not-looking,2950,417,728,447,814,0,standing,not-looking,2951,409,728,439,815,0,standing,not-looking,2952,400,727,431,816,0,standing,not-looking,2953,392,726,422,816,0,standing,not-looking,2954,384,725,414,817,0,standing,not-looking,2955,374,724,406,816,0,standing,not-looking
3_12_731,2939,1246,740,1261,804,0,standing,not-looking,2940,1250,739,1266,805,0,standing,not-looking,2941,1255,739,1270,806,0,standing,not-looking,2942,1259,740,1275,808,0,standing,not-looking,2943,1264,741,1280,809,0,standing,not-looking,2944,1268,741,1286,811,0,standing,not-looking,2945,1273,742,1291,813,0,standing,not-looking,2946,1277,743,1296,815,0,standing,not-looking,2947,1283,742,1302,816,0,standing,not-looking,2948,1288,742,1308,816,0,standing,not-looking,2949,1294,741,1314,817,0,standing,not-looking,2950,1299,740,1319,818,0,standing,not-looking,2951,1305,740,1325,819,0,standing,not-looking,2952,1312,738,1332,819,0,standing,not-looking,2953,1318,737,1339,819,0,standing,not-looking,2954,1325,736,1346,820,0,standing,not-looking,2955,1331,735,1353,820,0,standing,not-looking,2956,1338,734,1359,820,0,standing,not-looking,2957,1345,732,1368,821,0,standing,not-looking,2958,1353,731,1376,821,0,standing,not-looking,2959,1360,729,1384,822,0,standing,not-looking,2960,1368,728,1392,823,0,standing,not-looking,2961,1375,727,1400,823,0,standing,not-looking,2962,1385,726,1410,824,0,standing,not-looking,2963,1394,724,1420,825,0,standing,not-looking,2964,1403,723,1430,826,0,standing,not-looking,2965,1412,722,1439,827,0,standing,not-looking,2966,1421,721,1449,828,0,standing,not-looking,2967,1433,720,1461,830,0,standing,not-looking,2968,1444,719,1472,831,0,standing,not-looking,2969,1455,718,1484,832,0,standing,not-looking,2970,1466,717,1495,833,0,standing,not-looking
3_13_811,6758,1207,676,1286,920,0,walking,not-looking,6759,1209,674,1286,921,0,walking,not-looking,6760,1210,673,1286,923,0,walking,not-looking,6761,1211,672,1286,924,0,walking,not-looking,6762,1213,670,1286,926,0,walking,not-looking,6763,1215,670,1289,926,0,walking,not-looking,6764,1218,670,1292,927,0,walking,not-looking,6765,1220,670,1295,927,0,walking,not-looking,6766,1222,670,1298,927,0,walking,not-looking,6767,1225,670,1301,928,0,walking,not-looking,6768,1227,670,1304,928,0,walking,not-looking,6769,1229,670,1307,929,0,walking,not-looking,6770,1232,670,1310,929,0,walking,not-looking,6771,1234,670,1313,930,0,walking,not-looking,6772,1236,670,1316,930,0,walking,not-looking,6773,1237,670,1321,931,0,walking,not-looking,6774,1239,670,1325,933,0,walking,not-looking,6775,1240,670,1330,934,0,walking,not-looking,6776,1241,670,1335,935,0,walking,not-looking,6777,1242,670,1339,937,0,walking,not-looking,6778,1243,670,1344,938,0,walking,not-looking,6779,1244,670,1349,939,0,walking,not-looking,6780,1245,670,1353,941,0,walking,not-looking,6781,1247,670,1358,942,0,walking,not-looking,6782,1248,670,1363,943,0,walking,not-looking,6783,1248,668,1366,944,0,walking,not-looking,6784,1249,666,1369,945,0,walking,not-looking,6785,1249,664,1372,946,0,walking,not-looking,6786,1250,662,1375,947,0,walking,not-looking,6787,1250,660,1378,948,0,walking,not-looking,6788,1250,658,1381,949,0,walking,not-looking,6789,1251,656,1383,950,0,walking,not-looking
3_13_807,705,341,731,367,814,0,standing,not-looking,706,338,731,365,814,0,standing,not-looking,707,335,731,362,815,0,standing,not-looking,708,332,731,359,815,0,standing,not-looking,709,329,730,356,815,0,standing,not-looking,710,325,730,352,815,0,standing,not-looking,711,322,729,349,815,0,standing,not-looking,712,318,729,346,815,0,standing,not-looking,713,315,728,342,815,0,standing,not-looking,714,311,728,339,815,0,standing,not-looking,715,308,727,336,815,0,standing,not-looking,716,304,727,333,815,0,standing,not-looking,717,301,726,329,815,0,standing,not-looking,718,298,725,326,815,0,standing,not-looking,719,294,725,322,815,0,standing,not-looking,720,290,724,318,814,0,standing,not-looking,721,286,723,315,814,0,standing,not-looking,722,282,722,311,813,0,standing,not-looking,723,278,721,307,813,0,standing,not-looking,724,274,720,304,813,0,standing,not-looking,725,270,719,300,812,0,standing,not-looking,726,266,718,296,812,0,standing,not-looking,727,263,717,292,812,0,standing,not-looking,728,259,716,288,811,0,standing,not-looking,729,255,716,285,812,0,standing,not-looking,730,251,716,281,812,0,standing,not-looking,731,247,716,277,812,0,standing,not-looking,732,244,716,273,813,0,standing,not-looking,733,240,715,270,813,0,standing,not-looking,734,236,715,266,813,0,standing,not-looking,735,232,715,262,814,0,standing,not-looking,736,229,715,258,814,0,standing,not-looking
3_13_805,792,1482,636,1556,890,1,standing,not-looking,792,1482,636,1556,890,1,standing,not-looking,792,1482,636,1556,890,1,standing,not-looking,792,1482,636,1556,890,1,standing,not-looking,792,1482,636,1556,890,1,standing,not-looking,792,1482,636,1556,890,1,standing,not-looking,792,1482,636,1556,890,1,standing,not-looking,792,1482,636,1556,890,1,standing,not-looking,792,1482,636,1556,890,1,standing,not-looking,792,1482,636,1556,890,1,standing,not-looking,792,1482,636,1556,890,1,standing,not-looking,792,1482,636,1556,890,1,standing,not-looking,792,1482,636,1556,890,1,standing,not-looking,792,1482,636,1556,890,1,standing,not-looking,792,1482,636,1556,890,1,standing,not-looking,792,1482,636,1556,890,1,standing,not-looking,792,1482,636,1556,890,1,standing,not-looking,792,1482,636,1556,890,1,standing,not-looking,792,1482,636,1556,890,1,standing,not-looking,793,1496,637,1571,891,1,standing,not-looking,794,1504,636,1578,895,1,standing,not-looking,795,1511,635,1586,898,0,standing,not-looking,796,1519,633,1593,901,0,standing,not-looking,797,1529,631,1603,904,0,standing,not-looking,798,1539,629,1614,907,0,standing,not-looking,799,1549,627,1624,910,0,standing,not-looking,800,1559,625,1634,913,0,standing,not-looking,801,1570,623,1644,916,0,standing,not-looking,802,1580,621,1654,919,0,standing,not-looking,803,1589,617,1664,921,0,standing,not-looking,804,1599,614,1674,922,0,standing,not-looking,805,1609,610,1684,924,0,standing,not-looking
3_13_810,6658,1203,698,1288,914,0,walking,not-looking,6659,1206,697,1290,915,0,walking,not-looking,6660,1209,697,1292,916,0,walking,not-looking,6661,1211,697,1295,917,0,walking,not-looking,6662,1214,696,1297,918,0,walking,not-looking,6663,1217,696,1299,919,0,walking,not-looking,6664,1220,696,1302,920,0,walking,not-looking,6665,1222,695,1304,921,0,walking,not-looking,6666,1225,695,1306,922,0,walking,not-looking,6667,1228,695,1309,923,0,walking,not-looking,6668,1230,694,1311,924,0,walking,not-looking,6669,1232,694,1314,926,0,walking,not-looking,6670,1234,693,1317,927,0,walking,not-looking,6671,1236,692,1321,929,0,walking,not-looking,6672,1238,691,1324,930,0,walking,not-looking,6673,1240,690,1327,932,0,walking,not-looking,6674,1241,690,1330,934,0,walking,not-looking,6675,1243,689,1334,935,0,walking,not-looking,6676,1245,688,1337,937,0,walking,not-looking,6677,1247,687,1340,939,0,walking,not-looking,6678,1249,686,1343,940,0,walking,not-looking,6679,1251,685,1345,942,0,walking,not-looking,6680,1253,685,1346,943,0,walking,not-looking,6681,1256,684,1348,945,0,walking,not-looking,6682,1258,683,1350,947,0,walking,not-looking,6683,1260,682,1351,948,0,walking,not-looking,6684,1262,681,1353,950,0,walking,not-looking,6685,1265,681,1355,952,0,walking,not-looking,6686,1267,680,1356,953,0,walking,not-looking,6687,1269,679,1358,955,0,walking,not-looking,6688,1271,678,1359,956,0,walking,not-looking,6689,1275,677,1362,958,0,walking,not-looking
3_13_804,785,1399,668,1446,870,1,standing,not-looking,785,1399,668,1446,870,1,standing,not-looking,785,1399,668,1446,870,1,standing,not-looking,785,1399,668,1446,870,1,standing,not-looking,785,1399,668,1446,870,1,standing,not-looking,785,1399,668,1446,870,1,standing,not-looking,785,1399,668,1446,870,1,standing,not-looking,785,1399,668,1446,870,1,standing,not-looking,785,1399,668,1446,870,1,standing,not-looking,785,1399,668,1446,870,1,standing,not-looking,785,1399,668,1446,870,1,standing,not-looking,785,1399,668,1446,870,1,standing,not-looking,786,1403,673,1453,871,1,standing,not-looking,787,1403,673,1453,871,0,standing,not-looking,788,1410,671,1461,871,0,standing,not-looking,789,1417,669,1469,871,0,standing,not-looking,790,1425,667,1476,871,0,standing,not-looking,791,1432,665,1484,871,0,standing,not-looking,792,1439,663,1492,871,0,standing,not-looking,793,1446,663,1500,874,0,standing,not-looking,794,1453,663,1507,876,0,standing,not-looking,795,1459,662,1515,879,0,standing,not-looking,796,1466,662,1522,882,0,standing,not-looking,797,1473,662,1530,885,0,standing,not-looking,798,1481,662,1537,887,0,standing,not-looking,799,1488,661,1545,889,0,standing,not-looking,800,1496,660,1553,892,0,standing,not-looking,801,1504,659,1561,894,0,standing,not-looking,802,1512,659,1569,896,0,standing,not-looking,803,1519,657,1578,898,0,standing,not-looking,804,1527,654,1587,900,0,standing,not-looking,805,1534,652,1597,902,0,standing,not-looking
3_13_812,20392,1725,395,1920,1080,0,walking,not-looking,20393,1701,407,1920,1080,0,walking,not-looking,20394,1678,432,1905,1080,0,walking,not-looking,20395,1654,458,1878,1080,0,walking,not-looking,20396,1631,485,1851,1080,0,walking,not-looking,20397,1607,488,1824,1080,0,walking,not-looking,20398,1583,492,1797,1080,0,walking,not-looking,20399,1559,495,1769,1080,0,walking,not-looking,20400,1535,499,1742,1080,0,walking,not-looking,20401,1511,502,1715,1080,0,walking,not-looking,20402,1497,505,1699,1074,0,walking,not-looking,20403,1483,507,1683,1068,0,walking,not-looking,20404,1470,520,1662,1072,0,walking,not-looking,20405,1458,533,1640,1076,0,walking,not-looking,20406,1446,547,1618,1080,0,walking,not-looking,20407,1433,550,1608,1076,0,walking,not-looking,20408,1420,553,1598,1072,0,walking,not-looking,20409,1407,556,1588,1067,0,walking,not-looking,20410,1394,559,1579,1063,0,walking,not-looking,20411,1381,562,1569,1059,0,walking,not-looking,20412,1369,564,1553,1055,0,walking,not-looking,20413,1357,566,1537,1051,0,walking,not-looking,20414,1349,571,1525,1051,0,walking,not-looking,20415,1341,577,1513,1051,0,walking,not-looking,20416,1333,583,1501,1051,0,walking,not-looking,20417,1325,589,1489,1051,0,walking,not-looking,20418,1317,595,1477,1051,0,walking,not-looking,20419,1309,600,1466,1051,0,walking,not-looking,20420,1301,606,1454,1051,0,walking,not-looking,20421,1293,612,1442,1050,0,walking,not-looking,20422,1287,604,1434,1050,0,walking,not-looking,20423,1281,596,1427,1048,0,walking,not-looking
3_13_806,791,1427,672,1470,863,1,standing,not-looking,791,1427,672,1470,863,1,standing,not-looking,791,1427,672,1470,863,1,standing,not-looking,791,1427,672,1470,863,1,standing,not-looking,791,1427,672,1470,863,1,standing,not-looking,791,1427,672,1470,863,1,standing,not-looking,791,1427,672,1470,863,1,standing,not-looking,791,1427,672,1470,863,1,standing,not-looking,791,1427,672,1470,863,1,standing,not-looking,791,1427,672,1470,863,1,standing,not-looking,791,1427,672,1470,863,1,standing,not-looking,791,1427,672,1470,863,1,standing,not-looking,791,1427,672,1470,863,1,standing,not-looking,791,1427,672,1470,863,1,standing,not-looking,791,1427,672,1470,863,1,standing,not-looking,792,1432,672,1476,865,1,standing,not-looking,793,1438,672,1481,867,1,standing,not-looking,794,1443,673,1487,869,1,standing,not-looking,795,1449,673,1492,870,1,standing,not-looking,796,1454,673,1498,873,1,standing,not-looking,797,1459,672,1503,876,0,standing,not-looking,798,1466,671,1510,877,0,standing,not-looking,799,1472,670,1516,879,0,standing,not-looking,800,1479,669,1522,880,0,standing,not-looking,801,1485,668,1529,881,0,standing,not-looking,802,1492,666,1535,883,0,standing,not-looking,803,1498,665,1542,884,0,standing,not-looking,804,1504,664,1548,885,0,standing,not-looking,805,1511,663,1555,887,0,standing,not-looking,806,1517,662,1561,888,0,standing,not-looking,807,1524,660,1567,890,0,standing,not-looking,808,1533,659,1576,892,0,standing,not-looking
3_13_808,4289,1192,712,1265,916,0,walking,not-looking,4290,1194,712,1268,917,0,walking,not-looking,4291,1196,711,1270,918,0,walking,not-looking,4292,1198,711,1272,919,0,walking,not-looking,4293,1200,710,1274,919,0,walking,not-looking,4294,1202,710,1276,920,0,walking,not-looking,4295,1204,709,1278,921,0,walking,not-looking,4296,1207,709,1280,922,0,walking,not-looking,4297,1209,708,1283,923,0,walking,not-looking,4298,1211,708,1285,924,0,walking,not-looking,4299,1213,707,1287,924,0,walking,not-looking,4300,1216,706,1289,925,0,walking,not-looking,4301,1218,706,1291,926,0,walking,not-looking,4302,1220,706,1293,928,0,walking,not-looking,4303,1221,706,1296,930,0,walking,not-looking,4304,1223,706,1299,932,0,walking,not-looking,4305,1225,706,1301,934,0,walking,not-looking,4306,1227,706,1304,936,0,walking,not-looking,4307,1229,706,1307,938,0,walking,not-looking,4308,1230,706,1309,940,0,walking,not-looking,4309,1232,706,1312,942,0,walking,not-looking,4310,1234,706,1315,944,0,walking,not-looking,4311,1236,706,1317,946,0,walking,not-looking,4312,1238,705,1320,946,0,walking,not-looking,4313,1240,704,1322,947,0,walking,not-looking,4314,1242,703,1324,948,0,walking,not-looking,4315,1244,702,1327,948,0,walking,not-looking,4316,1246,701,1329,949,0,walking,not-looking,4317,1248,700,1332,950,0,walking,not-looking,4318,1250,699,1334,950,0,walking,not-looking,4319,1252,698,1337,951,0,walking,not-looking,4320,1255,698,1339,951,0,walking,not-looking
3_13_809,4599,1420,599,1539,1030,0,walking,not-looking,4600,1416,600,1534,1030,0,walking,not-looking,4601,1413,602,1529,1029,0,walking,not-looking,4602,1409,603,1525,1029,0,walking,not-looking,4603,1405,605,1520,1028,0,walking,not-looking,4604,1402,606,1515,1028,0,walking,not-looking,4605,1398,607,1511,1027,0,walking,not-looking,4606,1395,609,1506,1027,0,walking,not-looking,4607,1391,610,1502,1026,0,walking,not-looking,4608,1387,612,1497,1026,0,walking,not-looking,4609,1384,613,1492,1025,0,walking,not-looking,4610,1380,615,1488,1025,0,walking,not-looking,4611,1377,616,1485,1024,0,walking,not-looking,4612,1374,617,1482,1022,0,walking,not-looking,4613,1371,619,1479,1021,0,walking,not-looking,4614,1369,620,1477,1019,0,walking,not-looking,4615,1366,621,1474,1018,0,walking,not-looking,4616,1363,623,1471,1017,0,walking,not-looking,4617,1360,624,1468,1015,0,walking,not-looking,4618,1357,625,1466,1014,0,walking,not-looking,4619,1354,627,1463,1012,0,walking,not-looking,4620,1351,628,1460,1011,0,walking,not-looking,4621,1347,629,1456,1009,0,walking,not-looking,4622,1342,630,1453,1007,0,walking,not-looking,4623,1338,631,1449,1005,0,walking,not-looking,4624,1334,632,1445,1003,0,walking,not-looking,4625,1330,633,1441,1001,0,walking,not-looking,4626,1325,634,1438,999,0,walking,not-looking,4627,1321,635,1434,997,0,walking,not-looking,4628,1317,636,1430,995,0,walking,not-looking,4629,1312,636,1426,993,0,walking,not-looking,4630,1308,637,1422,991,0,walking,not-looking
3_14_820,8185,1397,685,1458,835,0,walking,not-looking,8186,1401,684,1462,837,0,walking,not-looking,8187,1404,683,1465,839,1,walking,not-looking,8188,1407,682,1468,841,1,walking,not-looking,8189,1407,682,1468,841,1,walking,not-looking,8190,1415,683,1476,841,1,walking,not-looking,8191,1419,681,1480,843,1,walking,not-looking,8192,1423,679,1484,844,1,walking,not-looking,8193,1426,678,1487,846,2,walking,not-looking,8194,1424,679,1493,847,2,walking,not-looking,8195,1422,680,1498,848,2,walking,not-looking,8196,1420,681,1504,849,2,walking,not-looking,8197,1418,682,1509,850,2,walking,not-looking,8198,1422,678,1515,851,2,walking,not-looking,8199,1427,675,1520,852,2,walking,not-looking,8200,1431,671,1525,853,1,walking,not-looking,8201,1439,668,1530,854,1,walking,not-looking,8202,1446,666,1536,855,0,walking,not-looking,8203,1453,664,1541,856,0,walking,not-looking,8204,1463,661,1546,856,0,walking,not-looking,8205,1473,658,1551,857,0,walking,not-looking,8206,1482,656,1556,858,0,walking,not-looking,8207,1492,653,1561,859,0,walking,not-looking,8208,1502,650,1565,859,0,walking,not-looking,8209,1503,650,1569,860,0,walking,not-looking,8210,1505,650,1574,861,1,walking,not-looking,8211,1505,650,1574,861,2,walking,not-looking,8212,1505,650,1574,866,2,walking,not-looking,8213,1507,650,1576,875,1,walking,not-looking,8214,1514,647,1583,878,0,walking,not-looking,8215,1520,644,1596,878,0,walking,not-looking,8216,1525,641,1609,879,0,walking,not-looking
3_14_821,8324,1108,751,1138,852,0,standing,not-looking,8325,1109,751,1140,853,0,standing,not-looking,8326,1110,750,1142,853,0,standing,not-looking,8327,1111,750,1144,853,0,standing,not-looking,8328,1112,750,1145,853,0,standing,not-looking,8329,1113,748,1147,852,0,standing,not-looking,8330,1115,745,1149,850,0,standing,not-looking,8331,1116,743,1151,849,0,standing,not-looking,8332,1118,742,1153,848,0,standing,not-looking,8333,1119,741,1155,848,0,standing,not-looking,8334,1121,740,1157,847,0,standing,not-looking,8335,1122,739,1159,847,0,standing,not-looking,8336,1124,738,1160,846,0,standing,not-looking,8337,1125,737,1162,846,0,standing,not-looking,8338,1126,736,1163,847,0,standing,not-looking,8339,1128,736,1165,847,0,standing,not-looking,8340,1129,735,1166,848,0,standing,not-looking,8341,1130,735,1167,848,0,standing,not-looking,8342,1131,734,1169,848,0,standing,not-looking,8343,1133,733,1170,848,0,standing,not-looking,8344,1134,733,1172,848,0,standing,not-looking,8345,1135,732,1173,848,0,standing,not-looking,8346,1137,731,1175,848,0,standing,not-looking,8347,1138,730,1176,848,0,standing,not-looking,8348,1139,729,1178,848,0,standing,not-looking,8349,1141,728,1180,848,0,standing,not-looking,8350,1142,727,1181,848,0,standing,not-looking,8351,1144,726,1183,848,0,standing,not-looking,8352,1145,725,1185,848,0,standing,not-looking,8353,1146,724,1186,849,0,standing,not-looking,8354,1148,723,1188,849,0,standing,not-looking,8355,1149,722,1189,850,0,standing,not-looking
3_14_823,8863,1301,627,1410,927,0,walking,not-looking,8864,1306,627,1413,928,0,walking,not-looking,8865,1311,627,1416,929,0,walking,not-looking,8866,1312,626,1418,932,0,walking,not-looking,8867,1314,626,1420,934,0,walking,not-looking,8868,1316,625,1422,937,0,walking,not-looking,8869,1318,624,1424,939,0,walking,not-looking,8870,1320,623,1427,942,0,walking,not-looking,8871,1321,623,1428,943,0,walking,not-looking,8872,1322,623,1429,944,0,walking,not-looking,8873,1323,623,1431,944,0,walking,not-looking,8874,1324,623,1432,945,0,walking,not-looking,8875,1325,623,1434,946,0,walking,not-looking,8876,1326,621,1435,946,0,walking,not-looking,8877,1326,619,1436,947,0,walking,not-looking,8878,1327,618,1437,947,0,walking,not-looking,8879,1328,616,1438,947,0,walking,not-looking,8880,1328,614,1439,947,0,walking,not-looking,8881,1330,613,1440,947,0,walking,not-looking,8882,1331,612,1441,947,0,walking,not-looking,8883,1332,611,1443,947,0,walking,not-looking,8884,1333,610,1444,947,0,walking,not-looking,8885,1334,609,1446,947,0,walking,not-looking,8886,1336,608,1449,947,0,walking,not-looking,8887,1339,607,1452,947,0,walking,not-looking,8888,1342,607,1454,948,0,walking,not-looking,8889,1344,606,1457,948,0,walking,not-looking,8890,1347,605,1460,948,0,walking,not-looking,8891,1348,605,1463,950,0,walking,not-looking,8892,1349,604,1466,951,0,walking,not-looking,8893,1350,603,1469,953,0,walking,not-looking,8894,1351,602,1472,955,0,walking,not-looking
3_14_825,10399,1129,687,1207,924,1,walking,not-looking,10400,1130,687,1208,926,1,walking,not-looking,10401,1131,687,1210,928,1,walking,not-looking,10402,1132,687,1211,931,1,walking,not-looking,10403,1133,687,1213,933,1,walking,not-looking,10404,1133,687,1214,936,0,walking,not-looking,10405,1135,685,1217,938,0,walking,not-looking,10406,1137,683,1219,940,0,walking,not-looking,10407,1138,681,1222,942,0,walking,not-looking,10408,1140,679,1224,944,0,walking,not-looking,10409,1142,677,1226,946,0,walking,not-looking,10410,1142,678,1227,948,0,walking,not-looking,10411,1143,679,1229,950,0,walking,not-looking,10412,1143,680,1230,953,0,walking,not-looking,10413,1144,681,1231,955,0,walking,not-looking,10414,1144,682,1232,958,0,walking,not-looking,10415,1146,681,1235,960,0,walking,not-looking,10416,1148,680,1238,962,0,walking,not-looking,10417,1149,679,1240,964,0,walking,not-looking,10418,1151,678,1243,966,0,walking,not-looking,10419,1152,677,1246,968,0,walking,not-looking,10420,1154,676,1249,970,0,walking,not-looking,10421,1156,675,1251,972,0,walking,not-looking,10422,1157,674,1254,974,0,walking,not-looking,10423,1159,673,1257,976,0,walking,not-looking,10424,1161,672,1260,978,0,walking,not-looking,10425,1162,671,1262,980,0,walking,not-looking,10426,1164,670,1265,982,0,walking,not-looking,10427,1166,669,1268,984,0,walking,looking,10428,1167,668,1270,986,0,walking,looking,10429,1169,668,1273,988,0,walking,looking,10430,1170,667,1276,990,0,walking,looking
3_14_816,387,1087,717,1125,829,0,walking,looking,388,1088,717,1126,829,0,walking,looking,389,1089,716,1127,830,0,walking,looking,390,1090,716,1128,831,0,walking,not-looking,391,1091,717,1130,832,0,walking,not-looking,392,1092,717,1131,833,0,walking,not-looking,393,1093,717,1132,833,0,walking,not-looking,394,1094,718,1134,834,0,walking,not-looking,395,1095,718,1135,835,0,walking,not-looking,396,1097,717,1137,835,0,walking,not-looking,397,1098,716,1139,836,0,walking,not-looking,398,1099,715,1141,836,0,walking,not-looking,399,1100,714,1143,837,0,walking,not-looking,400,1101,712,1145,837,0,walking,not-looking,401,1102,712,1147,837,0,walking,not-looking,402,1104,711,1149,837,0,walking,not-looking,403,1105,710,1150,837,0,walking,not-looking,404,1107,709,1152,837,0,walking,not-looking,405,1108,708,1154,837,0,walking,not-looking,406,1110,708,1158,838,0,walking,not-looking,407,1112,709,1162,839,0,walking,not-looking,408,1114,709,1166,839,0,walking,not-looking,409,1116,710,1170,840,0,walking,not-looking,410,1118,710,1174,841,0,walking,not-looking,411,1120,710,1176,841,0,walking,not-looking,412,1122,710,1178,842,0,walking,not-looking,413,1125,710,1180,843,0,walking,not-looking,414,1127,706,1182,843,0,walking,not-looking,415,1130,702,1184,844,0,walking,not-looking,416,1133,701,1186,844,0,walking,not-looking,417,1136,700,1188,845,0,walking,not-looking,418,1139,699,1190,845,0,walking,not-looking
3_14_822,8350,1257,726,1305,879,0,walking,not-looking,8351,1258,724,1305,879,0,walking,not-looking,8352,1257,725,1306,880,0,walking,not-looking,8353,1256,725,1307,882,0,walking,not-looking,8354,1256,725,1307,883,0,walking,not-looking,8355,1255,725,1308,884,0,walking,not-looking,8356,1254,726,1309,885,0,walking,not-looking,8357,1254,726,1312,887,0,walking,not-looking,8358,1254,726,1316,889,0,walking,not-looking,8359,1254,726,1319,891,0,walking,not-looking,8360,1254,726,1322,894,0,walking,not-looking,8361,1254,726,1326,896,0,walking,not-looking,8362,1256,725,1328,896,0,walking,not-looking,8363,1258,725,1330,897,0,walking,not-looking,8364,1260,724,1332,897,0,walking,not-looking,8365,1262,724,1334,898,0,walking,not-looking,8366,1264,723,1336,898,0,walking,not-looking,8367,1261,723,1336,901,0,walking,not-looking,8368,1259,723,1336,904,0,walking,not-looking,8369,1256,723,1336,907,0,walking,not-looking,8370,1254,723,1336,910,0,walking,not-looking,8371,1251,723,1336,913,0,walking,not-looking,8372,1254,724,1339,916,0,walking,not-looking,8373,1256,726,1341,918,0,walking,not-looking,8374,1259,727,1344,921,0,walking,not-looking,8375,1261,729,1346,924,0,walking,not-looking,8376,1264,731,1349,927,0,walking,not-looking,8377,1268,729,1352,930,0,walking,not-looking,8378,1272,727,1355,934,0,walking,not-looking,8379,1277,726,1357,937,0,walking,not-looking,8380,1281,724,1360,940,0,walking,not-looking,8381,1285,722,1363,943,0,walking,not-looking
3_14_819,8179,1363,684,1407,847,0,walking,not-looking,8180,1365,684,1409,847,0,walking,not-looking,8181,1367,683,1411,848,0,walking,not-looking,8182,1370,682,1415,849,0,walking,not-looking,8183,1373,681,1419,850,0,walking,not-looking,8184,1376,681,1423,851,0,walking,not-looking,8185,1379,680,1427,853,0,walking,not-looking,8186,1382,679,1431,854,0,walking,not-looking,8187,1387,679,1438,855,0,walking,not-looking,8188,1392,679,1445,857,0,walking,not-looking,8189,1398,679,1451,859,0,walking,not-looking,8190,1403,679,1458,860,0,walking,not-looking,8191,1409,678,1465,862,0,walking,not-looking,8192,1414,677,1471,864,0,walking,not-looking,8193,1420,675,1478,865,0,walking,not-looking,8194,1425,674,1485,867,0,walking,not-looking,8195,1431,672,1491,869,0,walking,not-looking,8196,1436,671,1498,870,0,walking,not-looking,8197,1444,668,1506,871,0,walking,not-looking,8198,1451,664,1514,872,0,walking,not-looking,8199,1458,661,1523,873,0,walking,not-looking,8200,1465,658,1531,874,0,walking,not-looking,8201,1472,655,1539,875,0,walking,not-looking,8202,1480,652,1549,876,0,walking,not-looking,8203,1489,650,1558,878,0,walking,not-looking,8204,1497,647,1568,879,0,walking,not-looking,8205,1505,644,1577,880,0,walking,not-looking,8206,1513,641,1587,881,0,walking,not-looking,8207,1521,639,1598,883,0,walking,not-looking,8208,1529,636,1610,885,0,walking,not-looking,8209,1537,633,1621,887,0,walking,not-looking,8210,1545,630,1633,890,0,walking,not-looking
3_14_818,8189,1215,715,1266,868,2,standing,not-looking,8190,1219,715,1270,869,2,standing,not-looking,8191,1222,715,1273,870,2,standing,not-looking,8192,1225,715,1277,871,2,standing,not-looking,8193,1229,715,1281,872,2,standing,not-looking,8194,1232,716,1285,873,2,standing,not-looking,8195,1237,713,1290,873,2,standing,not-looking,8196,1241,711,1294,874,2,standing,not-looking,8197,1245,709,1299,874,2,standing,not-looking,8198,1250,706,1304,875,2,standing,not-looking,8199,1253,709,1307,881,2,standing,not-looking,8200,1259,705,1314,881,2,standing,not-looking,8201,1265,701,1320,882,2,standing,not-looking,8202,1271,697,1327,882,2,standing,not-looking,8203,1277,693,1333,883,2,standing,not-looking,8204,1283,689,1340,884,2,standing,not-looking,8205,1290,686,1347,885,2,standing,not-looking,8206,1297,682,1354,887,2,standing,not-looking,8207,1303,679,1362,889,2,standing,not-looking,8208,1310,676,1369,890,2,standing,not-looking,8209,1317,672,1377,892,2,standing,not-looking,8210,1324,672,1384,895,2,standing,not-looking,8211,1331,671,1392,898,2,standing,not-looking,8212,1338,671,1399,901,2,standing,not-looking,8213,1345,670,1407,904,2,standing,not-looking,8214,1352,670,1414,907,2,standing,not-looking,8215,1364,666,1428,910,1,standing,not-looking,8216,1367,666,1433,917,1,standing,not-looking,8217,1377,662,1445,920,0,standing,not-looking,8218,1388,659,1460,922,0,standing,not-looking,8219,1399,655,1476,924,0,standing,not-looking,8220,1410,651,1491,925,0,standing,not-looking
3_14_824,8324,1133,749,1169,852,0,standing,looking,8325,1135,749,1171,852,0,standing,looking,8326,1137,749,1173,853,0,standing,looking,8327,1138,749,1175,853,0,standing,looking,8328,1140,748,1177,854,0,standing,looking,8329,1142,746,1178,852,0,standing,looking,8330,1144,744,1180,850,0,standing,looking,8331,1145,742,1182,848,0,standing,looking,8332,1147,740,1183,846,0,standing,looking,8333,1148,738,1185,844,0,standing,looking,8334,1150,738,1187,844,0,standing,looking,8335,1152,737,1189,845,0,standing,looking,8336,1154,736,1190,845,0,standing,looking,8337,1156,735,1192,845,0,standing,looking,8338,1158,735,1194,845,0,standing,looking,8339,1159,734,1196,845,0,standing,looking,8340,1161,733,1198,845,0,standing,looking,8341,1163,732,1200,845,0,standing,looking,8342,1165,731,1202,845,0,standing,looking,8343,1167,731,1203,846,0,standing,looking,8344,1168,730,1205,846,0,standing,looking,8345,1170,728,1207,846,0,standing,looking,8346,1171,727,1208,846,0,standing,looking,8347,1173,726,1210,846,0,standing,looking,8348,1174,725,1211,846,0,standing,looking,8349,1176,724,1213,846,0,standing,looking,8350,1177,724,1215,846,0,standing,looking,8351,1179,723,1217,846,0,standing,looking,8352,1180,722,1219,847,0,standing,looking,8353,1182,721,1220,847,0,standing,not-looking,8354,1184,721,1223,847,0,standing,not-looking,8355,1185,720,1225,848,0,standing,not-looking
3_14_817,8183,1188,692,1252,863,0,standing,not-looking,8184,1190,691,1255,865,0,standing,not-looking,8185,1193,690,1258,866,0,standing,not-looking,8186,1195,690,1261,867,0,standing,not-looking,8187,1197,689,1264,868,0,standing,not-looking,8188,1200,688,1268,870,0,standing,not-looking,8189,1202,688,1271,871,0,standing,not-looking,8190,1204,687,1275,872,0,standing,not-looking,8191,1207,685,1280,874,0,standing,not-looking,8192,1209,684,1284,875,0,standing,not-looking,8193,1211,683,1288,877,0,standing,not-looking,8194,1214,682,1293,878,0,standing,not-looking,8195,1219,680,1301,880,0,standing,not-looking,8196,1224,678,1309,881,0,standing,not-looking,8197,1230,676,1317,883,0,standing,not-looking,8198,1235,674,1325,885,0,standing,not-looking,8199,1241,671,1333,886,0,standing,not-looking,8200,1247,669,1340,887,0,standing,not-looking,8201,1253,667,1348,888,0,standing,not-looking,8202,1258,665,1355,889,0,standing,not-looking,8203,1264,662,1363,890,0,standing,not-looking,8204,1270,660,1370,892,0,standing,not-looking,8205,1274,659,1386,893,0,standing,not-looking,8206,1283,655,1395,895,0,standing,not-looking,8207,1292,651,1404,897,0,standing,not-looking,8208,1302,647,1413,898,0,standing,not-looking,8209,1311,643,1422,900,0,standing,not-looking,8210,1322,641,1433,905,0,walking,not-looking,8211,1333,640,1444,909,0,walking,not-looking,8212,1343,638,1455,913,0,walking,not-looking,8213,1354,637,1466,917,0,walking,not-looking,8214,1365,636,1476,922,0,walking,not-looking
3_15_887,15875,577,673,632,877,2,standing,not-looking,15876,573,672,629,879,2,standing,not-looking,15877,569,671,626,880,2,standing,not-looking,15878,565,670,624,882,2,standing,not-looking,15879,561,669,621,884,2,standing,not-looking,15880,557,668,618,885,2,standing,not-looking,15881,553,668,615,887,2,standing,not-looking,15882,549,667,612,888,2,standing,not-looking,15883,546,666,609,890,2,standing,not-looking,15884,542,665,606,892,2,standing,not-looking,15885,538,664,603,893,2,standing,not-looking,15886,534,663,600,895,1,standing,not-looking,15887,530,662,597,897,1,standing,not-looking,15888,526,662,594,898,1,standing,not-looking,15889,522,661,591,900,1,standing,not-looking,15890,518,660,589,902,1,standing,not-looking,15891,513,658,584,903,1,standing,not-looking,15892,508,657,580,904,1,standing,not-looking,15893,503,656,576,905,1,standing,not-looking,15894,497,654,572,906,1,standing,not-looking,15895,492,653,567,908,1,standing,not-looking,15896,489,653,565,909,1,standing,not-looking,15897,485,652,562,910,1,standing,not-looking,15898,482,651,559,912,1,standing,not-looking,15899,480,651,558,912,1,standing,not-looking,15900,479,651,556,912,0,standing,not-looking,15901,475,650,553,914,0,standing,not-looking,15902,472,649,549,916,0,standing,not-looking,15903,468,648,545,918,0,standing,not-looking,15904,464,646,542,920,0,standing,not-looking,15905,461,645,538,922,0,standing,not-looking,15906,454,644,534,924,0,standing,not-looking
3_15_884,13031,695,746,727,827,0,standing,looking,13032,692,746,724,829,0,standing,looking,13033,689,746,721,830,0,standing,looking,13034,686,746,719,830,0,standing,looking,13035,682,746,716,831,0,standing,looking,13036,679,745,713,831,0,standing,looking,13037,676,745,710,832,0,standing,looking,13038,672,745,707,832,0,standing,looking,13039,669,743,704,831,0,standing,looking,13040,665,742,701,831,0,standing,looking,13041,662,740,697,830,0,standing,looking,13042,658,739,694,829,0,standing,looking,13043,655,738,691,828,0,standing,looking,13044,650,737,687,829,0,standing,looking,13045,646,735,683,829,0,standing,looking,13046,641,734,680,829,0,standing,looking,13047,637,733,676,830,0,standing,looking,13048,632,732,672,830,0,standing,looking,13049,627,732,668,832,0,standing,looking,13050,621,732,665,834,0,standing,looking,13051,616,733,661,836,0,standing,looking,13052,610,733,657,837,0,standing,looking,13053,605,733,653,839,0,standing,looking,13054,599,732,648,840,0,standing,looking,13055,594,732,642,841,0,standing,looking,13056,589,731,637,842,0,standing,looking,13057,583,730,632,843,0,standing,looking,13058,578,729,626,844,0,standing,looking,13059,571,727,621,845,0,standing,looking,13060,564,725,616,845,0,standing,looking,13061,557,724,611,845,0,standing,looking,13062,550,722,605,845,0,standing,looking
3_15_866,6903,1416,737,1446,822,0,standing,not-looking,6904,1409,738,1440,823,0,standing,not-looking,6905,1403,738,1433,824,0,standing,not-looking,6906,1396,739,1427,825,0,standing,not-looking,6907,1390,739,1421,826,0,standing,not-looking,6908,1384,739,1416,827,0,standing,not-looking,6909,1378,740,1410,829,0,standing,not-looking,6910,1371,740,1404,830,0,standing,not-looking,6911,1364,741,1397,831,0,standing,not-looking,6912,1358,741,1391,833,0,standing,not-looking,6913,1351,742,1385,834,0,standing,not-looking,6914,1344,743,1378,836,0,standing,not-looking,6915,1337,743,1372,837,0,standing,not-looking,6916,1333,744,1368,839,0,standing,not-looking,6917,1329,744,1363,840,0,standing,not-looking,6918,1325,745,1359,841,0,standing,not-looking,6919,1320,746,1355,842,0,standing,not-looking,6920,1316,746,1351,843,0,standing,not-looking,6921,1314,745,1350,843,0,standing,not-looking,6922,1313,744,1348,842,0,standing,not-looking,6923,1311,743,1347,841,0,standing,not-looking,6924,1309,742,1346,841,0,standing,not-looking,6925,1307,740,1344,840,0,standing,not-looking,6926,1307,740,1344,841,0,standing,not-looking,6927,1306,740,1344,842,0,standing,not-looking,6928,1306,740,1344,843,0,standing,not-looking,6929,1306,740,1344,844,0,standing,not-looking,6930,1305,740,1344,845,0,standing,not-looking,6931,1306,740,1346,847,0,standing,not-looking,6932,1307,740,1347,848,0,standing,not-looking,6933,1308,741,1348,850,0,standing,not-looking,6934,1309,741,1350,851,0,standing,not-looking
3_15_850,4897,1133,739,1161,840,0,standing,looking,4898,1134,739,1163,841,0,standing,looking,4899,1136,739,1164,841,0,standing,looking,4900,1137,739,1166,842,0,standing,looking,4901,1138,739,1167,843,0,standing,looking,4902,1140,739,1169,843,0,standing,looking,4903,1141,739,1171,844,0,standing,looking,4904,1143,738,1173,845,0,standing,looking,4905,1146,738,1176,846,0,standing,looking,4906,1148,737,1179,847,0,standing,looking,4907,1150,736,1182,848,0,standing,looking,4908,1153,736,1185,849,0,standing,looking,4909,1155,736,1188,850,0,standing,looking,4910,1158,736,1191,851,0,standing,looking,4911,1160,736,1194,853,0,standing,looking,4912,1162,736,1197,854,0,standing,looking,4913,1165,736,1201,855,0,standing,looking,4914,1167,736,1204,857,0,standing,looking,4915,1169,736,1207,858,0,standing,looking,4916,1172,736,1210,859,0,standing,looking,4917,1174,736,1214,861,0,standing,looking,4918,1177,736,1217,862,0,standing,looking,4919,1180,736,1221,863,0,standing,looking,4920,1184,735,1225,864,0,standing,looking,4921,1187,734,1230,866,0,standing,looking,4922,1191,734,1234,867,0,standing,looking,4923,1194,733,1238,868,0,standing,looking,4924,1198,732,1243,869,0,standing,looking,4925,1201,732,1247,871,0,standing,looking,4926,1205,731,1251,872,0,standing,looking,4927,1209,730,1256,873,0,standing,looking,4928,1212,730,1260,874,0,standing,looking
3_15_878,6956,965,749,987,806,0,standing,not-looking,6957,968,749,990,806,0,standing,not-looking,6958,970,748,993,807,0,standing,not-looking,6959,975,750,998,808,0,standing,not-looking,6960,979,751,1002,810,0,standing,not-looking,6961,984,752,1007,811,0,standing,not-looking,6962,989,753,1012,813,0,standing,not-looking,6963,993,754,1016,815,0,standing,not-looking,6964,999,756,1022,817,0,standing,not-looking,6965,1004,757,1028,818,0,standing,not-looking,6966,1010,758,1033,820,0,standing,not-looking,6967,1015,759,1039,822,0,standing,not-looking,6968,1021,761,1045,824,0,standing,not-looking,6969,1027,762,1051,826,0,standing,not-looking,6970,1033,760,1058,825,0,standing,not-looking,6971,1039,759,1064,824,0,standing,not-looking,6972,1045,757,1070,822,0,standing,not-looking,6973,1051,755,1076,821,0,standing,not-looking,6974,1057,753,1082,819,0,standing,not-looking,6975,1063,750,1088,817,0,standing,not-looking,6976,1068,750,1094,818,0,standing,not-looking,6977,1074,750,1100,818,0,standing,not-looking,6978,1079,750,1105,819,0,standing,not-looking,6979,1085,750,1112,821,0,standing,not-looking,6980,1091,750,1119,822,0,standing,not-looking,6981,1096,750,1126,824,0,standing,not-looking,6982,1102,751,1133,825,0,standing,not-looking,6983,1107,751,1140,827,0,standing,not-looking,6984,1114,750,1146,826,0,standing,not-looking,6985,1120,749,1152,826,0,standing,not-looking,6986,1126,748,1159,826,0,standing,not-looking,6987,1132,747,1165,825,0,standing,not-looking
3_15_882,6955,1028,743,1049,812,1,standing,not-looking,6955,1028,743,1049,812,1,standing,not-looking,6955,1028,743,1049,812,1,standing,not-looking,6955,1028,743,1049,812,1,standing,not-looking,6955,1028,743,1049,812,1,standing,not-looking,6955,1028,743,1049,812,1,standing,not-looking,6955,1028,743,1049,812,1,standing,not-looking,6955,1028,743,1049,812,1,standing,not-looking,6955,1028,743,1049,812,1,standing,not-looking,6955,1028,743,1049,812,1,standing,not-looking,6955,1028,743,1049,812,1,standing,not-looking,6955,1028,743,1049,812,1,standing,not-looking,6955,1028,743,1049,812,1,standing,not-looking,6955,1028,743,1049,812,1,standing,not-looking,6955,1028,743,1049,812,1,standing,not-looking,6956,1031,742,1053,812,1,standing,not-looking,6957,1035,741,1056,812,1,standing,not-looking,6958,1038,740,1060,811,1,standing,not-looking,6959,1044,740,1066,813,1,standing,not-looking,6960,1049,741,1072,815,1,standing,not-looking,6961,1054,742,1078,817,1,standing,not-looking,6962,1060,743,1083,819,1,standing,not-looking,6963,1065,744,1089,821,1,standing,not-looking,6964,1071,745,1095,823,1,standing,not-looking,6965,1076,746,1101,825,0,standing,not-looking,6966,1083,748,1108,827,0,standing,not-looking,6967,1091,749,1116,830,0,standing,not-looking,6968,1098,749,1124,830,0,standing,not-looking,6969,1105,748,1131,831,0,standing,not-looking,6970,1112,748,1138,832,0,standing,not-looking,6971,1119,746,1146,831,0,standing,not-looking,6972,1126,744,1153,829,0,standing,not-looking
3_15_886,13006,1173,744,1192,799,0,standing,not-looking,13007,1174,744,1194,799,0,standing,not-looking,13008,1174,743,1194,798,0,standing,not-looking,13009,1174,742,1194,798,0,standing,not-looking,13010,1176,743,1196,798,0,standing,not-looking,13011,1177,743,1197,798,0,standing,not-looking,13012,1179,743,1199,799,0,standing,not-looking,13013,1180,743,1201,800,0,standing,not-looking,13014,1181,744,1203,801,0,standing,not-looking,13015,1183,744,1205,802,0,standing,not-looking,13016,1184,744,1207,802,0,standing,not-looking,13017,1185,744,1209,803,0,standing,not-looking,13018,1187,744,1210,804,0,standing,not-looking,13019,1189,744,1211,805,0,standing,not-looking,13020,1191,745,1212,805,0,standing,not-looking,13021,1193,745,1213,806,0,standing,not-looking,13022,1194,745,1214,806,0,standing,not-looking,13023,1196,746,1216,807,0,standing,not-looking,13024,1198,746,1218,808,0,standing,not-looking,13025,1200,747,1219,809,0,standing,not-looking,13026,1202,747,1221,810,0,standing,not-looking,13027,1204,748,1223,811,0,standing,not-looking,13028,1206,748,1225,813,0,standing,not-looking,13029,1208,749,1228,814,0,standing,not-looking,13030,1210,750,1230,815,0,standing,not-looking,13031,1212,751,1232,817,0,standing,not-looking,13032,1214,752,1234,818,0,standing,not-looking,13033,1216,752,1237,819,0,standing,not-looking,13034,1219,752,1240,820,0,standing,not-looking,13035,1222,752,1242,821,0,standing,not-looking,13036,1225,752,1245,821,0,standing,not-looking,13037,1228,752,1248,822,0,standing,not-looking
3_15_889,7923,1723,655,1760,809,2,standing,not-looking,7924,1724,655,1761,808,2,standing,not-looking,7925,1725,654,1762,808,2,standing,not-looking,7926,1726,654,1763,808,2,standing,not-looking,7927,1727,654,1764,808,2,standing,not-looking,7928,1728,654,1765,807,2,standing,not-looking,7929,1729,654,1766,807,2,standing,not-looking,7930,1729,654,1766,807,1,standing,not-looking,7931,1731,653,1768,807,1,standing,not-looking,7932,1733,653,1770,806,1,standing,not-looking,7933,1734,652,1772,806,1,standing,not-looking,7934,1734,652,1772,806,0,standing,not-looking,7935,1736,652,1773,807,0,standing,not-looking,7936,1737,651,1774,808,0,standing,not-looking,7937,1739,651,1776,809,0,standing,not-looking,7938,1740,650,1777,809,0,standing,not-looking,7939,1741,650,1779,810,0,standing,not-looking,7940,1743,649,1780,810,0,standing,not-looking,7941,1744,649,1781,810,0,standing,not-looking,7942,1745,648,1783,810,0,standing,not-looking,7943,1747,647,1784,810,0,standing,not-looking,7944,1748,647,1786,810,0,standing,not-looking,7945,1749,647,1787,810,0,standing,not-looking,7946,1750,647,1788,810,0,standing,not-looking,7947,1750,647,1789,810,0,standing,not-looking,7948,1751,647,1790,810,0,standing,not-looking,7949,1752,647,1791,810,0,standing,not-looking,7950,1752,647,1792,810,0,standing,not-looking,7951,1753,647,1793,810,0,standing,not-looking,7952,1754,647,1794,810,0,standing,not-looking,7953,1755,647,1795,810,0,standing,not-looking,7954,1755,647,1796,810,0,standing,not-looking
3_15_863,6414,1726,654,1788,858,2,walking,not-looking,6415,1725,654,1787,859,2,walking,not-looking,6416,1724,654,1786,860,2,walking,not-looking,6417,1723,654,1785,861,2,walking,not-looking,6418,1722,654,1785,862,2,walking,not-looking,6419,1721,654,1784,863,2,walking,not-looking,6420,1720,654,1783,864,2,walking,not-looking,6421,1719,654,1782,865,2,walking,not-looking,6422,1717,654,1781,866,2,walking,not-looking,6423,1716,654,1781,867,2,walking,not-looking,6424,1715,653,1780,868,2,walking,not-looking,6425,1715,653,1779,869,1,walking,not-looking,6426,1709,653,1779,869,1,walking,not-looking,6427,1704,653,1779,870,1,walking,not-looking,6428,1701,652,1779,871,1,walking,not-looking,6429,1698,652,1778,872,0,walking,not-looking,6430,1698,652,1778,872,0,walking,not-looking,6431,1698,651,1778,873,0,walking,not-looking,6432,1698,651,1778,874,0,walking,not-looking,6433,1698,651,1777,874,0,walking,not-looking,6434,1698,651,1777,875,0,walking,not-looking,6435,1698,650,1777,876,0,walking,not-looking,6436,1698,650,1776,877,0,walking,not-looking,6437,1697,650,1776,877,0,walking,not-looking,6438,1697,649,1776,878,0,walking,not-looking,6439,1697,649,1776,879,0,walking,not-looking,6440,1697,649,1775,879,0,walking,not-looking,6441,1697,649,1775,880,0,walking,not-looking,6442,1697,648,1775,881,0,walking,not-looking,6443,1697,648,1774,882,0,walking,not-looking,6444,1696,648,1774,882,0,walking,not-looking,6445,1695,648,1774,883,0,walking,not-looking
3_15_888,7923,1466,694,1529,858,0,standing,not-looking,7924,1468,694,1531,858,0,standing,not-looking,7925,1469,694,1533,859,0,standing,not-looking,7926,1471,694,1534,859,0,standing,not-looking,7927,1473,694,1536,859,0,standing,not-looking,7928,1474,694,1538,860,0,walking,not-looking,7929,1476,694,1540,860,0,walking,not-looking,7930,1478,694,1541,860,0,walking,not-looking,7931,1480,694,1543,861,0,walking,not-looking,7932,1481,694,1545,861,0,walking,not-looking,7933,1483,694,1546,861,0,walking,not-looking,7934,1485,694,1548,862,0,walking,not-looking,7935,1486,694,1550,862,0,walking,not-looking,7936,1488,694,1552,862,0,walking,not-looking,7937,1489,694,1553,862,0,walking,not-looking,7938,1490,694,1554,862,0,walking,not-looking,7939,1491,694,1555,862,0,walking,not-looking,7940,1491,694,1556,862,0,walking,not-looking,7941,1492,694,1557,862,0,walking,not-looking,7942,1494,693,1559,863,0,walking,not-looking,7943,1496,693,1561,863,0,walking,not-looking,7944,1497,692,1562,863,0,walking,not-looking,7945,1499,692,1564,863,0,walking,not-looking,7946,1501,691,1566,864,0,walking,not-looking,7947,1505,691,1570,864,0,walking,not-looking,7948,1508,691,1573,864,0,walking,not-looking,7949,1512,690,1577,864,0,walking,not-looking,7950,1515,690,1580,864,0,walking,not-looking,7951,1519,690,1584,864,0,walking,not-looking,7952,1522,689,1587,864,0,walking,not-looking,7953,1526,688,1591,864,0,walking,not-looking,7954,1529,687,1594,864,0,walking,not-looking
3_15_860,4918,1115,745,1145,833,0,standing,not-looking,4919,1116,745,1147,832,0,standing,not-looking,4920,1118,745,1148,833,0,standing,not-looking,4921,1119,745,1150,835,0,standing,not-looking,4922,1120,745,1151,836,0,standing,not-looking,4923,1122,744,1154,837,0,standing,not-looking,4924,1125,744,1156,837,0,standing,not-looking,4925,1127,743,1159,838,0,standing,not-looking,4926,1129,743,1162,838,0,standing,not-looking,4927,1131,743,1164,839,0,standing,not-looking,4928,1134,742,1167,839,0,standing,not-looking,4929,1136,742,1170,840,0,standing,not-looking,4930,1138,742,1172,841,0,standing,not-looking,4931,1139,742,1174,842,0,standing,not-looking,4932,1141,742,1176,844,0,standing,not-looking,4933,1143,742,1179,845,0,standing,not-looking,4934,1145,741,1181,846,0,standing,not-looking,4935,1148,741,1184,847,0,standing,not-looking,4936,1151,741,1188,848,0,standing,not-looking,4937,1155,741,1192,849,0,standing,not-looking,4938,1158,740,1195,849,0,standing,not-looking,4939,1161,740,1199,850,0,standing,not-looking,4940,1165,740,1203,851,0,standing,not-looking,4941,1168,740,1207,852,0,standing,not-looking,4942,1172,739,1211,854,0,standing,not-looking,4943,1175,739,1215,855,0,standing,not-looking,4944,1179,739,1219,856,0,standing,not-looking,4945,1183,738,1223,856,0,standing,not-looking,4946,1187,736,1227,857,0,standing,not-looking,4947,1191,735,1232,858,0,standing,not-looking,4948,1195,734,1236,858,0,standing,not-looking,4949,1198,733,1241,859,0,standing,not-looking
3_15_846,4842,1312,725,1360,866,0,standing,looking,4843,1317,724,1365,867,0,standing,looking,4844,1322,724,1370,869,0,standing,looking,4845,1327,723,1376,870,0,standing,looking,4846,1332,723,1381,872,0,standing,looking,4847,1337,723,1386,874,0,standing,looking,4848,1342,722,1391,875,0,standing,looking,4849,1347,722,1396,877,0,standing,looking,4850,1352,722,1401,878,0,standing,looking,4851,1357,721,1406,880,0,standing,looking,4852,1365,720,1414,882,0,standing,looking,4853,1372,720,1423,885,0,standing,looking,4854,1380,719,1431,888,0,standing,looking,4855,1388,718,1440,890,0,standing,looking,4856,1396,717,1448,893,0,standing,looking,4857,1403,716,1457,896,0,standing,looking,4858,1411,716,1465,898,0,standing,looking,4859,1419,715,1474,901,0,standing,looking,4860,1426,714,1482,904,0,standing,looking,4861,1434,713,1491,906,0,standing,looking,4862,1442,712,1499,909,0,standing,looking,4863,1449,712,1508,912,0,standing,looking,4864,1457,711,1516,914,0,standing,looking,4865,1465,710,1525,917,0,standing,looking,4866,1472,709,1533,920,0,standing,looking,4867,1480,708,1542,922,0,standing,looking,4868,1488,708,1550,925,0,standing,looking,4869,1495,707,1558,928,0,standing,looking,4870,1503,706,1567,930,0,standing,looking,4871,1511,705,1575,933,0,standing,looking,4872,1519,704,1586,936,0,standing,looking,4873,1528,703,1597,939,0,standing,looking
3_15_885,13031,1189,745,1211,813,2,standing,not-looking,13032,1191,746,1213,815,2,standing,not-looking,13033,1194,746,1215,816,2,standing,not-looking,13034,1196,747,1217,817,2,standing,not-looking,13035,1198,748,1220,818,2,standing,not-looking,13036,1200,748,1222,819,2,standing,not-looking,13037,1202,749,1224,820,2,standing,not-looking,13038,1204,749,1227,821,2,standing,not-looking,13039,1207,746,1230,819,1,standing,not-looking,13040,1209,746,1232,818,1,standing,not-looking,13041,1211,746,1234,817,0,standing,not-looking,13042,1212,740,1235,816,0,standing,not-looking,13043,1215,739,1237,815,0,standing,not-looking,13044,1217,738,1240,815,0,standing,not-looking,13045,1221,738,1245,815,0,standing,not-looking,13046,1222,738,1248,814,0,standing,not-looking,13047,1226,738,1253,814,0,standing,not-looking,13048,1229,738,1257,814,0,standing,not-looking,13049,1232,739,1260,816,0,standing,not-looking,13050,1234,740,1263,818,0,standing,not-looking,13051,1237,740,1267,820,0,standing,not-looking,13052,1240,741,1271,822,0,standing,not-looking,13053,1243,741,1275,823,0,standing,not-looking,13054,1247,741,1279,825,0,standing,not-looking,13055,1250,741,1283,826,0,standing,not-looking,13056,1253,742,1288,828,0,standing,not-looking,13057,1257,741,1293,828,0,standing,not-looking,13058,1261,740,1298,829,0,standing,not-looking,13059,1265,739,1303,830,0,standing,not-looking,13060,1270,738,1308,830,0,standing,not-looking,13061,1274,737,1313,831,0,standing,not-looking,13062,1279,736,1318,832,0,standing,not-looking
3_15_845,4823,1348,727,1386,886,1,standing,not-looking,4824,1346,726,1385,888,1,standing,not-looking,4825,1345,725,1383,890,1,standing,not-looking,4826,1343,724,1382,892,1,standing,not-looking,4827,1343,722,1382,893,0,standing,not-looking,4828,1342,721,1383,895,0,standing,not-looking,4829,1342,719,1383,896,0,standing,not-looking,4830,1342,718,1383,898,0,standing,not-looking,4831,1341,716,1384,899,0,standing,not-looking,4832,1344,715,1388,901,0,standing,not-looking,4833,1347,713,1392,903,0,standing,not-looking,4834,1350,712,1397,905,0,standing,not-looking,4835,1353,711,1401,907,0,standing,not-looking,4836,1356,709,1405,909,0,standing,not-looking,4837,1359,708,1409,911,0,standing,not-looking,4838,1362,706,1414,912,0,standing,not-looking,4839,1366,705,1418,914,0,standing,not-looking,4840,1369,703,1422,916,0,standing,not-looking,4841,1372,702,1426,918,0,standing,not-looking,4842,1380,701,1437,921,0,standing,not-looking,4843,1389,699,1447,925,0,standing,not-looking,4844,1398,698,1457,928,0,standing,not-looking,4845,1406,697,1467,932,0,standing,not-looking,4846,1415,695,1478,935,0,standing,not-looking,4847,1423,694,1488,938,0,standing,not-looking,4848,1432,693,1498,942,0,standing,not-looking,4849,1441,691,1509,945,0,standing,not-looking,4850,1449,690,1519,948,0,standing,not-looking,4851,1458,689,1529,952,0,standing,not-looking,4852,1471,687,1545,956,0,standing,not-looking,4853,1484,685,1561,960,0,standing,not-looking,4854,1497,684,1576,965,0,standing,not-looking
3_15_883,7058,1215,727,1241,805,1,standing,not-looking,7059,1218,727,1243,806,1,standing,not-looking,7060,1220,727,1246,808,1,standing,not-looking,7061,1227,727,1252,811,0,standing,not-looking,7062,1231,726,1257,811,0,standing,not-looking,7063,1235,725,1261,812,0,standing,not-looking,7064,1239,724,1266,813,0,standing,not-looking,7065,1244,723,1270,814,0,standing,not-looking,7066,1248,722,1275,815,0,standing,not-looking,7067,1253,721,1280,816,0,standing,not-looking,7068,1258,720,1286,816,0,standing,not-looking,7069,1263,719,1292,817,0,standing,not-looking,7070,1268,718,1297,817,0,standing,not-looking,7071,1272,717,1303,818,0,standing,not-looking,7072,1278,716,1309,819,0,standing,not-looking,7073,1283,716,1315,820,0,standing,not-looking,7074,1288,716,1321,822,0,standing,not-looking,7075,1294,715,1327,823,0,standing,not-looking,7076,1299,715,1333,824,0,standing,not-looking,7077,1306,713,1339,825,0,standing,not-looking,7078,1312,710,1346,826,0,standing,not-looking,7079,1319,708,1352,826,0,standing,not-looking,7080,1325,706,1359,827,0,standing,not-looking,7081,1333,705,1368,829,0,standing,not-looking,7082,1342,705,1377,831,0,standing,not-looking,7083,1350,704,1386,833,0,standing,not-looking,7084,1358,703,1395,835,0,standing,not-looking,7085,1366,703,1404,837,0,standing,not-looking,7086,1375,702,1414,839,0,standing,not-looking,7087,1384,702,1424,842,0,standing,not-looking,7088,1393,701,1434,844,0,standing,not-looking,7089,1402,700,1444,846,0,standing,not-looking
3_15_872,6885,1725,710,1747,824,1,standing,not-looking,6886,1722,711,1743,825,1,standing,not-looking,6887,1719,712,1740,827,1,standing,not-looking,6888,1715,712,1737,828,1,standing,not-looking,6889,1712,713,1734,830,1,standing,not-looking,6890,1709,714,1731,831,1,standing,not-looking,6891,1706,715,1728,832,1,standing,not-looking,6892,1703,715,1726,833,1,standing,not-looking,6893,1700,715,1723,834,1,standing,not-looking,6894,1697,715,1721,835,1,standing,not-looking,6895,1694,715,1719,836,1,standing,not-looking,6896,1690,715,1716,838,1,standing,not-looking,6897,1688,715,1714,838,1,standing,not-looking,6898,1685,715,1712,839,1,standing,not-looking,6899,1682,715,1710,839,1,standing,not-looking,6900,1679,714,1708,840,1,standing,not-looking,6901,1676,714,1706,840,0,standing,not-looking,6902,1673,715,1704,842,0,standing,not-looking,6903,1671,715,1702,844,0,standing,not-looking,6904,1668,715,1700,846,0,standing,not-looking,6905,1665,715,1698,848,0,standing,not-looking,6906,1662,716,1696,850,0,standing,not-looking,6907,1659,716,1694,852,0,standing,not-looking,6908,1656,716,1692,854,0,standing,not-looking,6909,1653,716,1690,856,0,standing,not-looking,6910,1650,716,1688,858,0,standing,not-looking,6911,1648,716,1686,860,0,standing,not-looking,6912,1645,717,1685,862,0,standing,not-looking,6913,1643,717,1683,864,0,standing,not-looking,6914,1641,718,1682,867,0,standing,not-looking,6915,1639,718,1681,869,0,standing,not-looking,6916,1637,719,1679,871,0,standing,not-looking
3_15_876,6963,968,758,986,811,0,standing,not-looking,6964,973,759,991,813,0,standing,not-looking,6965,978,761,996,815,0,standing,not-looking,6966,983,763,1001,817,0,standing,not-looking,6967,988,764,1007,819,0,standing,not-looking,6968,993,765,1012,821,0,standing,not-looking,6969,999,764,1018,821,0,standing,not-looking,6970,1005,763,1024,821,0,standing,not-looking,6971,1010,762,1030,821,0,standing,not-looking,6972,1015,761,1035,820,0,standing,not-looking,6973,1020,760,1041,818,0,standing,not-looking,6974,1026,758,1046,817,0,standing,not-looking,6975,1031,757,1051,816,0,standing,not-looking,6976,1036,756,1056,815,0,standing,not-looking,6977,1042,755,1062,816,0,standing,not-looking,6978,1047,755,1068,817,0,standing,not-looking,6979,1053,755,1074,818,0,standing,not-looking,6980,1058,755,1080,819,0,standing,not-looking,6981,1064,755,1085,820,0,standing,not-looking,6982,1068,756,1090,822,0,standing,not-looking,6983,1073,755,1096,821,0,standing,looking,6984,1079,754,1102,821,0,standing,looking,6985,1085,753,1108,821,0,standing,looking,6986,1091,752,1114,820,0,standing,looking,6987,1096,750,1120,820,0,standing,looking,6988,1102,749,1126,819,0,standing,looking,6989,1107,747,1132,819,0,standing,looking,6990,1112,746,1137,818,0,standing,looking,6991,1118,744,1143,818,0,standing,looking,6992,1122,745,1148,819,0,standing,looking,6993,1127,745,1153,820,0,standing,looking,6994,1131,746,1157,821,0,standing,looking
3_15_852,4935,1115,730,1144,832,0,standing,looking,4936,1117,730,1147,833,0,standing,looking,4937,1120,730,1149,833,0,standing,looking,4938,1122,729,1152,834,0,standing,looking,4939,1124,729,1155,835,0,standing,looking,4940,1127,728,1158,835,0,standing,looking,4941,1129,728,1161,836,0,standing,looking,4942,1132,727,1163,837,0,standing,looking,4943,1134,727,1166,838,0,standing,looking,4944,1136,727,1169,838,0,standing,looking,4945,1139,727,1172,839,0,standing,looking,4946,1141,726,1175,840,0,standing,looking,4947,1144,726,1178,841,0,standing,looking,4948,1146,725,1181,841,0,standing,looking,4949,1149,724,1184,841,0,standing,looking,4950,1152,724,1187,842,0,standing,looking,4951,1154,723,1190,842,0,standing,looking,4952,1157,723,1193,843,0,standing,looking,4953,1160,722,1196,844,0,standing,looking,4954,1163,722,1199,846,0,standing,looking,4955,1166,721,1203,847,0,standing,looking,4956,1169,721,1206,848,0,standing,looking,4957,1172,722,1210,850,0,standing,looking,4958,1175,722,1213,852,0,standing,looking,4959,1179,723,1217,854,0,standing,looking,4960,1182,724,1221,856,0,standing,looking,4961,1186,725,1225,858,0,standing,looking,4962,1188,724,1229,860,0,standing,looking,4963,1190,724,1232,861,0,standing,looking,4964,1193,724,1236,862,0,standing,looking,4965,1195,723,1240,864,0,standing,looking,4966,1198,723,1244,866,0,standing,looking
3_15_877,6947,1012,749,1027,807,0,standing,not-looking,6948,1011,748,1025,807,0,standing,not-looking,6949,1010,747,1024,806,0,standing,not-looking,6950,1009,747,1024,806,0,standing,not-looking,6951,1008,747,1024,806,0,standing,not-looking,6952,1007,747,1024,806,0,standing,not-looking,6953,1006,747,1023,805,0,standing,not-looking,6954,1005,747,1023,805,0,standing,not-looking,6955,1007,746,1026,805,0,standing,not-looking,6956,1010,746,1030,806,0,standing,not-looking,6957,1012,745,1033,806,0,standing,not-looking,6958,1014,745,1036,806,0,standing,not-looking,6959,1020,746,1041,808,0,standing,not-looking,6960,1025,747,1047,809,0,standing,not-looking,6961,1030,747,1052,811,0,standing,not-looking,6962,1036,748,1057,813,0,standing,not-looking,6963,1041,749,1062,814,0,standing,not-looking,6964,1047,750,1068,816,0,standing,not-looking,6965,1053,752,1075,818,0,standing,not-looking,6966,1060,753,1081,820,0,standing,not-looking,6967,1066,754,1088,822,0,standing,not-looking,6968,1072,755,1094,824,0,standing,not-looking,6969,1078,753,1101,823,0,standing,not-looking,6970,1084,752,1107,822,0,standing,not-looking,6971,1091,750,1114,821,0,standing,not-looking,6972,1097,749,1120,820,0,standing,not-looking,6973,1103,747,1127,819,0,standing,not-looking,6974,1109,745,1134,818,0,standing,not-looking,6975,1116,745,1141,819,0,standing,not-looking,6976,1123,744,1148,819,0,standing,looking,6977,1129,743,1155,820,0,standing,looking,6978,1136,742,1162,820,0,standing,looking
3_15_855,5074,609,723,631,804,2,standing,not-looking,5074,609,723,631,804,2,standing,not-looking,5074,609,723,631,804,2,standing,not-looking,5074,609,723,631,804,2,standing,not-looking,5074,609,723,631,804,2,standing,not-looking,5074,609,723,631,804,2,standing,not-looking,5074,609,723,631,804,2,standing,not-looking,5075,605,722,627,803,2,standing,not-looking,5076,601,723,623,805,1,standing,not-looking,5077,595,723,617,804,1,standing,not-looking,5078,590,722,612,804,1,standing,not-looking,5079,584,723,606,805,1,standing,not-looking,5080,579,722,601,803,0,standing,not-looking,5081,573,721,596,804,0,standing,not-looking,5082,566,720,590,804,0,standing,not-looking,5083,560,719,585,804,0,standing,not-looking,5084,554,718,580,805,0,standing,not-looking,5085,547,717,574,805,0,standing,not-looking,5086,540,716,568,806,0,standing,not-looking,5087,533,716,562,806,0,standing,not-looking,5088,526,715,556,806,0,standing,not-looking,5089,519,714,550,806,0,standing,not-looking,5090,512,713,544,807,0,standing,not-looking,5091,504,711,537,807,0,standing,not-looking,5092,496,709,530,808,0,standing,not-looking,5093,488,707,523,809,0,standing,not-looking,5094,480,705,516,810,0,standing,not-looking,5095,472,703,509,810,0,standing,not-looking,5096,463,701,501,810,0,standing,not-looking,5097,453,698,492,809,0,standing,not-looking,5098,444,695,484,808,0,standing,looking,5099,435,693,475,807,0,standing,looking
3_15_871,6884,1691,707,1714,830,0,standing,not-looking,6885,1687,708,1711,832,0,standing,not-looking,6886,1683,709,1707,833,0,standing,not-looking,6887,1679,710,1703,834,0,standing,not-looking,6888,1675,711,1699,834,0,standing,not-looking,6889,1671,712,1695,835,0,standing,not-looking,6890,1667,712,1691,836,0,standing,not-looking,6891,1662,712,1687,837,0,standing,not-looking,6892,1658,712,1684,837,0,standing,not-looking,6893,1653,711,1680,838,0,standing,not-looking,6894,1648,711,1676,838,0,standing,not-looking,6895,1643,711,1672,839,0,standing,not-looking,6896,1640,711,1669,840,0,standing,not-looking,6897,1637,710,1666,841,0,standing,not-looking,6898,1634,710,1663,843,0,standing,not-looking,6899,1630,710,1659,844,0,standing,not-looking,6900,1627,710,1656,845,0,standing,not-looking,6901,1624,711,1653,847,0,standing,not-looking,6902,1621,711,1651,849,0,standing,not-looking,6903,1618,712,1648,851,0,standing,not-looking,6904,1615,712,1646,853,0,standing,not-looking,6905,1612,712,1643,855,0,standing,not-looking,6906,1609,713,1641,856,0,standing,not-looking,6907,1606,713,1639,858,0,standing,not-looking,6908,1602,714,1636,860,0,standing,not-looking,6909,1599,714,1634,862,0,standing,not-looking,6910,1596,715,1632,863,0,standing,not-looking,6911,1593,715,1630,865,0,standing,not-looking,6912,1590,716,1628,867,0,standing,not-looking,6913,1586,716,1625,869,0,standing,not-looking,6914,1583,716,1623,870,0,standing,not-looking,6915,1583,717,1624,873,0,standing,not-looking
3_15_875,6963,945,757,962,809,0,standing,not-looking,6964,950,759,966,811,0,standing,not-looking,6965,954,760,970,813,0,standing,not-looking,6966,959,761,976,814,0,standing,not-looking,6967,964,761,982,815,0,standing,not-looking,6968,970,762,987,816,0,standing,not-looking,6969,975,763,993,817,0,standing,not-looking,6970,981,764,998,819,0,standing,not-looking,6971,986,761,1003,817,0,standing,not-looking,6972,990,759,1008,816,0,standing,not-looking,6973,995,757,1013,814,0,standing,not-looking,6974,1000,755,1018,813,0,standing,not-looking,6975,1005,752,1023,811,0,standing,not-looking,6976,1010,753,1029,812,0,standing,not-looking,6977,1015,753,1034,813,0,standing,not-looking,6978,1020,753,1039,814,0,standing,not-looking,6979,1025,753,1044,815,0,standing,not-looking,6980,1030,753,1050,816,0,standing,not-looking,6981,1035,754,1055,817,0,standing,not-looking,6982,1039,754,1061,818,0,standing,not-looking,6983,1044,753,1066,818,0,standing,not-looking,6984,1049,753,1072,818,0,standing,not-looking,6985,1053,753,1077,818,0,standing,not-looking,6986,1058,751,1082,818,0,standing,not-looking,6987,1063,749,1087,817,0,standing,not-looking,6988,1068,748,1092,817,0,standing,not-looking,6989,1073,746,1098,816,0,standing,not-looking,6990,1078,745,1103,816,0,standing,not-looking,6991,1083,745,1107,816,0,standing,not-looking,6992,1087,745,1112,817,0,standing,not-looking,6993,1092,746,1117,818,0,standing,not-looking,6994,1096,746,1121,819,0,standing,not-looking
3_15_893,10562,1235,697,1304,887,2,standing,not-looking,10563,1237,697,1307,889,2,standing,not-looking,10564,1240,697,1310,890,2,standing,not-looking,10565,1242,696,1312,892,2,standing,not-looking,10566,1245,696,1315,894,1,standing,not-looking,10567,1247,696,1318,895,1,standing,not-looking,10568,1250,696,1321,897,1,standing,not-looking,10569,1252,696,1323,899,1,standing,not-looking,10570,1252,696,1323,899,1,standing,not-looking,10571,1252,696,1323,899,0,standing,not-looking,10572,1254,695,1325,899,0,standing,not-looking,10573,1256,695,1327,900,0,standing,not-looking,10574,1258,695,1329,901,0,standing,not-looking,10575,1260,694,1331,902,0,standing,not-looking,10576,1262,694,1333,903,0,standing,not-looking,10577,1264,694,1337,905,0,standing,not-looking,10578,1267,693,1342,907,0,standing,not-looking,10579,1269,693,1346,909,0,standing,not-looking,10580,1272,692,1350,912,0,standing,not-looking,10581,1274,692,1355,914,0,standing,not-looking,10582,1277,691,1358,915,0,standing,not-looking,10583,1280,690,1361,915,0,standing,not-looking,10584,1283,690,1363,916,0,standing,not-looking,10585,1286,689,1366,917,0,standing,not-looking,10586,1289,689,1369,918,0,standing,not-looking,10587,1293,688,1373,919,0,standing,not-looking,10588,1297,687,1377,921,0,standing,not-looking,10589,1301,687,1381,922,0,standing,not-looking,10590,1304,686,1385,923,0,standing,not-looking,10591,1308,685,1389,925,0,standing,not-looking,10592,1311,684,1394,927,0,standing,not-looking,10593,1314,683,1399,929,0,standing,not-looking
3_15_857,5096,621,724,655,792,0,walking,not-looking,5097,617,722,652,792,0,walking,not-looking,5098,613,721,649,792,0,walking,not-looking,5099,609,720,647,792,0,walking,not-looking,5100,604,719,642,793,0,walking,not-looking,5101,600,719,637,793,0,walking,not-looking,5102,595,718,633,794,0,walking,not-looking,5103,591,717,628,794,0,walking,not-looking,5104,586,717,623,795,0,walking,not-looking,5105,581,717,618,796,0,walking,not-looking,5106,575,717,612,798,0,walking,not-looking,5107,570,717,607,799,0,walking,not-looking,5108,565,718,602,800,0,walking,not-looking,5109,559,718,596,802,0,walking,not-looking,5110,553,716,590,801,0,walking,not-looking,5111,546,714,584,801,0,walking,not-looking,5112,540,713,578,800,0,walking,not-looking,5113,533,711,573,800,0,walking,not-looking,5114,526,709,567,799,0,walking,not-looking,5115,519,710,560,801,0,walking,not-looking,5116,511,710,554,803,0,walking,not-looking,5117,504,710,548,805,0,walking,not-looking,5118,497,710,542,807,0,walking,not-looking,5119,489,711,535,809,0,walking,not-looking,5120,481,709,528,810,0,walking,not-looking,5121,473,708,521,811,0,walking,not-looking,5122,465,706,514,812,0,walking,not-looking,5123,457,705,506,813,0,walking,not-looking,5124,449,703,499,814,0,walking,not-looking,5125,442,702,492,815,0,walking,not-looking,5126,434,700,485,816,0,walking,not-looking,5127,426,699,477,816,0,walking,not-looking
3_15_868,6892,1596,717,1623,815,0,standing,not-looking,6893,1590,717,1618,816,0,standing,not-looking,6894,1585,717,1613,816,0,standing,not-looking,6895,1579,717,1608,817,0,standing,not-looking,6896,1574,717,1602,818,0,standing,not-looking,6897,1568,718,1597,818,0,standing,not-looking,6898,1563,718,1592,819,0,standing,looking,6899,1559,718,1588,820,0,standing,looking,6900,1554,719,1583,822,0,standing,looking,6901,1550,720,1579,823,0,standing,looking,6902,1545,721,1575,824,0,standing,looking,6903,1540,721,1571,825,0,standing,looking,6904,1536,721,1566,826,0,standing,looking,6905,1531,721,1562,827,0,standing,looking,6906,1526,721,1557,828,0,standing,looking,6907,1521,721,1553,829,0,standing,looking,6908,1517,721,1548,830,0,standing,looking,6909,1512,722,1544,832,0,standing,looking,6910,1507,723,1539,833,0,standing,looking,6911,1502,723,1535,835,0,standing,looking,6912,1498,724,1530,836,0,standing,looking,6913,1493,725,1526,838,0,standing,looking,6914,1489,726,1523,840,0,standing,looking,6915,1486,728,1519,842,0,standing,looking,6916,1482,729,1516,845,0,standing,looking,6917,1478,730,1513,847,0,standing,looking,6918,1475,732,1509,849,0,standing,looking,6919,1475,731,1510,848,0,standing,looking,6920,1475,729,1511,848,0,standing,looking,6921,1476,728,1511,847,0,standing,looking,6922,1476,726,1512,847,0,standing,looking,6923,1477,725,1514,847,0,standing,looking
3_15_874,6940,1039,755,1065,833,0,standing,not-looking,6941,1037,755,1064,834,0,standing,not-looking,6942,1036,756,1063,835,0,standing,not-looking,6943,1035,757,1062,836,0,standing,not-looking,6944,1033,758,1061,837,0,standing,not-looking,6945,1033,756,1060,837,0,standing,not-looking,6946,1032,755,1060,838,0,standing,not-looking,6947,1031,754,1059,838,0,standing,not-looking,6948,1031,753,1059,838,0,standing,not-looking,6949,1030,752,1058,838,0,standing,not-looking,6950,1031,752,1059,839,0,standing,not-looking,6951,1032,751,1060,840,0,standing,not-looking,6952,1032,751,1061,840,0,standing,not-looking,6953,1033,751,1062,841,0,standing,not-looking,6954,1034,750,1063,842,0,standing,not-looking,6955,1038,750,1067,842,0,standing,not-looking,6956,1043,750,1072,842,0,standing,not-looking,6957,1047,750,1077,843,0,standing,not-looking,6958,1052,750,1081,843,0,standing,looking,6959,1056,749,1086,843,0,standing,looking,6960,1063,751,1092,846,0,standing,looking,6961,1069,752,1099,849,0,standing,looking,6962,1075,753,1105,852,0,standing,looking,6963,1081,754,1112,855,0,standing,looking,6964,1088,755,1118,858,0,standing,looking,6965,1097,756,1127,861,0,standing,looking,6966,1105,757,1136,864,0,standing,looking,6967,1114,758,1145,866,0,standing,looking,6968,1123,758,1155,869,0,standing,looking,6969,1132,759,1164,872,0,standing,looking,6970,1141,757,1175,874,0,standing,looking,6971,1150,755,1186,875,0,standing,looking
3_15_847,4861,1337,706,1388,880,2,standing,not-looking,4862,1342,706,1394,882,1,standing,not-looking,4863,1347,705,1398,884,1,standing,not-looking,4864,1352,704,1403,887,1,standing,not-looking,4865,1357,703,1408,889,1,standing,not-looking,4866,1362,702,1413,892,0,standing,not-looking,4867,1367,701,1418,894,0,standing,looking,4868,1370,700,1423,897,0,standing,looking,4869,1373,698,1428,900,0,standing,looking,4870,1376,696,1433,902,0,standing,looking,4871,1379,695,1438,905,0,standing,looking,4872,1382,693,1442,908,0,standing,looking,4873,1386,692,1448,910,0,standing,looking,4874,1390,690,1454,913,0,standing,looking,4875,1394,688,1459,916,0,standing,looking,4876,1398,687,1465,918,0,standing,looking,4877,1402,685,1470,921,0,standing,looking,4878,1409,684,1479,925,0,standing,looking,4879,1416,682,1487,929,0,standing,looking,4880,1422,681,1496,932,0,standing,looking,4881,1429,679,1504,936,0,standing,looking,4882,1436,678,1513,940,0,standing,looking,4883,1445,676,1523,944,0,standing,looking,4884,1453,675,1534,948,0,standing,looking,4885,1462,673,1545,951,0,standing,looking,4886,1470,672,1555,955,0,standing,looking,4887,1479,670,1566,959,0,standing,looking,4888,1490,667,1579,963,0,standing,looking,4889,1502,664,1592,966,0,standing,looking,4890,1514,661,1605,970,0,standing,looking,4891,1526,658,1618,974,0,standing,looking,4892,1538,655,1631,978,0,standing,looking
3_15_865,6583,1714,654,1793,898,2,walking,not-looking,6584,1711,654,1792,899,2,walking,not-looking,6585,1709,654,1791,900,2,walking,not-looking,6586,1707,655,1791,902,2,walking,not-looking,6587,1704,655,1790,903,2,walking,not-looking,6588,1702,655,1789,904,2,walking,not-looking,6589,1700,655,1788,905,2,walking,not-looking,6590,1698,656,1788,906,2,walking,not-looking,6591,1695,656,1787,907,1,walking,not-looking,6592,1693,656,1786,908,1,walking,not-looking,6593,1691,656,1786,909,1,walking,not-looking,6594,1693,654,1788,911,1,walking,not-looking,6595,1695,652,1790,912,1,walking,not-looking,6596,1698,650,1792,914,1,walking,not-looking,6597,1698,650,1792,914,1,walking,not-looking,6598,1698,650,1792,914,1,walking,not-looking,6599,1698,650,1792,914,0,walking,not-looking,6600,1700,649,1792,914,0,walking,not-looking,6601,1702,649,1792,915,0,walking,not-looking,6602,1704,648,1792,916,0,walking,not-looking,6603,1706,647,1792,917,0,walking,not-looking,6604,1708,646,1792,918,0,walking,not-looking,6605,1710,645,1792,919,0,walking,not-looking,6606,1712,644,1791,920,0,walking,not-looking,6607,1714,644,1791,921,0,walking,not-looking,6608,1716,643,1791,922,0,walking,not-looking,6609,1718,642,1791,923,0,walking,not-looking,6610,1718,642,1792,923,0,walking,not-looking,6611,1718,642,1793,923,0,walking,not-looking,6612,1718,642,1794,923,0,walking,not-looking,6613,1718,642,1795,923,0,walking,not-looking,6614,1718,641,1796,923,0,walking,not-looking
3_15_896,6951,1081,743,1112,841,1,standing,looking,6952,1082,743,1114,843,1,standing,looking,6953,1083,743,1116,845,1,standing,looking,6954,1084,742,1117,846,1,standing,looking,6955,1088,741,1122,846,1,standing,looking,6956,1093,741,1127,846,1,standing,looking,6957,1097,740,1132,845,1,standing,looking,6958,1102,739,1136,845,1,standing,looking,6959,1107,738,1141,845,1,standing,looking,6960,1114,739,1149,847,1,standing,looking,6961,1122,740,1157,849,1,standing,looking,6962,1129,741,1164,851,1,standing,looking,6963,1137,741,1172,853,1,standing,looking,6964,1144,742,1180,856,1,standing,looking,6965,1152,743,1188,858,1,standing,looking,6966,1162,744,1198,860,1,standing,looking,6967,1172,744,1208,862,1,standing,looking,6968,1182,745,1218,864,1,standing,looking,6969,1191,746,1228,865,1,standing,looking,6970,1201,746,1238,867,1,standing,looking,6971,1212,744,1250,868,1,standing,looking,6972,1222,741,1262,869,1,standing,looking,6973,1232,739,1274,870,1,standing,looking,6974,1243,736,1286,871,1,standing,looking,6975,1254,734,1299,872,1,standing,looking,6976,1266,731,1312,873,1,standing,looking,6977,1278,729,1326,874,1,standing,looking,6978,1289,726,1339,875,1,standing,looking,6979,1301,724,1352,876,1,standing,looking,6980,1314,722,1368,880,1,standing,looking,6981,1328,721,1385,884,1,standing,looking,6982,1341,719,1401,888,1,standing,looking
3_15_873,6883,1743,706,1770,830,0,standing,not-looking,6884,1740,706,1768,833,0,standing,not-looking,6885,1736,707,1764,834,0,standing,not-looking,6886,1733,708,1761,835,0,standing,not-looking,6887,1729,709,1757,836,0,standing,not-looking,6888,1725,709,1754,838,0,standing,not-looking,6889,1721,710,1751,839,0,standing,not-looking,6890,1717,711,1747,841,0,standing,not-looking,6891,1713,711,1744,842,0,standing,not-looking,6892,1710,711,1741,842,0,standing,not-looking,6893,1706,711,1738,843,0,standing,not-looking,6894,1703,711,1736,844,0,standing,not-looking,6895,1699,710,1733,844,0,standing,not-looking,6896,1696,710,1730,845,0,standing,not-looking,6897,1694,710,1728,846,0,standing,not-looking,6898,1692,710,1726,848,0,standing,not-looking,6899,1691,710,1725,850,0,standing,not-looking,6900,1689,710,1723,852,0,standing,not-looking,6901,1687,710,1721,853,0,standing,not-looking,6902,1686,710,1719,855,0,standing,not-looking,6903,1684,710,1718,857,0,standing,not-looking,6904,1682,710,1716,858,0,standing,not-looking,6905,1680,710,1714,860,0,standing,not-looking,6906,1679,710,1712,862,0,standing,not-looking,6907,1678,710,1712,863,0,standing,not-looking,6908,1677,710,1711,865,0,standing,not-looking,6909,1676,710,1710,867,0,standing,not-looking,6910,1675,710,1709,869,0,standing,not-looking,6911,1675,711,1708,870,0,standing,not-looking,6912,1675,711,1710,873,0,standing,not-looking,6913,1676,712,1711,875,0,standing,not-looking,6914,1677,712,1713,877,0,standing,not-looking
3_15_853,4940,1110,744,1131,829,0,standing,looking,4941,1112,744,1134,830,0,standing,looking,4942,1115,744,1136,830,0,standing,looking,4943,1117,743,1138,831,0,standing,looking,4944,1119,743,1140,832,0,standing,looking,4945,1121,743,1142,833,0,standing,looking,4946,1124,742,1145,833,0,standing,looking,4947,1126,742,1148,833,0,standing,looking,4948,1129,741,1150,833,0,standing,looking,4949,1131,741,1153,833,0,standing,looking,4950,1134,740,1156,833,0,standing,looking,4951,1136,739,1159,834,0,standing,looking,4952,1138,739,1162,835,0,standing,looking,4953,1140,738,1165,835,0,standing,looking,4954,1143,738,1168,836,0,standing,looking,4955,1145,737,1170,837,0,standing,looking,4956,1148,738,1174,839,0,standing,looking,4957,1151,739,1177,840,0,standing,looking,4958,1154,740,1180,842,0,standing,looking,4959,1156,740,1184,843,0,standing,looking,4960,1159,741,1187,845,0,standing,looking,4961,1162,742,1191,846,0,standing,looking,4962,1165,742,1194,848,0,standing,looking,4963,1168,742,1197,850,0,standing,looking,4964,1171,742,1201,851,0,standing,looking,4965,1174,741,1204,853,0,standing,looking,4966,1177,741,1207,854,0,standing,looking,4967,1180,740,1211,856,0,standing,looking,4968,1182,740,1214,858,0,standing,looking,4969,1185,739,1217,859,0,standing,looking,4970,1188,739,1221,861,0,standing,looking,4971,1191,739,1224,862,0,standing,looking
3_15_867,6892,1551,722,1576,816,0,standing,not-looking,6893,1545,723,1570,817,0,standing,not-looking,6894,1539,724,1565,818,0,standing,not-looking,6895,1534,724,1560,819,0,standing,not-looking,6896,1529,724,1555,819,0,standing,not-looking,6897,1524,724,1550,820,0,standing,not-looking,6898,1519,724,1544,820,0,standing,not-looking,6899,1514,724,1539,821,0,standing,not-looking,6900,1508,724,1535,822,0,standing,not-looking,6901,1503,725,1530,823,0,standing,not-looking,6902,1498,725,1525,824,0,standing,not-looking,6903,1492,726,1520,826,0,standing,not-looking,6904,1487,726,1516,827,0,standing,not-looking,6905,1482,727,1511,828,0,standing,not-looking,6906,1476,727,1506,829,0,standing,not-looking,6907,1471,727,1501,830,0,standing,not-looking,6908,1466,728,1497,832,0,standing,not-looking,6909,1461,728,1492,833,0,standing,not-looking,6910,1455,729,1487,835,0,standing,not-looking,6911,1450,730,1482,837,0,standing,not-looking,6912,1444,730,1477,839,0,standing,not-looking,6913,1439,731,1472,841,0,standing,not-looking,6914,1433,731,1467,843,0,standing,not-looking,6915,1430,732,1464,845,0,standing,not-looking,6916,1427,733,1462,847,0,standing,not-looking,6917,1424,734,1459,849,0,standing,not-looking,6918,1420,735,1456,851,0,standing,not-looking,6919,1417,736,1453,853,0,standing,not-looking,6920,1416,734,1453,852,0,standing,not-looking,6921,1416,732,1453,851,0,standing,not-looking,6922,1415,730,1453,850,0,standing,not-looking,6923,1414,728,1453,849,0,standing,not-looking
3_15_895,10631,1374,660,1439,932,2,standing,not-looking,10632,1378,660,1443,934,2,standing,not-looking,10633,1381,659,1447,935,2,standing,not-looking,10634,1385,658,1452,937,2,standing,not-looking,10635,1389,657,1456,938,2,standing,not-looking,10636,1392,656,1460,940,2,standing,not-looking,10637,1396,656,1464,941,2,standing,not-looking,10638,1400,655,1468,942,1,standing,not-looking,10639,1403,654,1472,944,1,standing,not-looking,10640,1403,652,1475,946,1,standing,not-looking,10641,1403,649,1477,948,1,standing,not-looking,10642,1410,647,1486,950,1,standing,looking,10643,1417,644,1496,951,1,standing,looking,10644,1424,641,1505,953,1,standing,looking,10645,1429,639,1513,955,1,standing,looking,10646,1434,638,1521,956,1,standing,looking,10647,1439,637,1529,958,1,standing,looking,10648,1444,635,1536,960,1,standing,looking,10649,1450,634,1544,961,0,standing,looking,10650,1458,632,1555,964,0,standing,looking,10651,1466,629,1565,967,0,standing,looking,10652,1474,627,1576,969,0,standing,looking,10653,1482,625,1587,972,0,standing,looking,10654,1490,623,1598,975,0,standing,looking,10655,1498,620,1608,977,0,standing,looking,10656,1506,617,1619,979,0,standing,looking,10657,1514,614,1630,981,0,standing,looking,10658,1522,611,1641,983,0,standing,looking,10659,1530,608,1652,985,0,standing,looking,10660,1539,605,1662,986,0,standing,looking,10661,1547,602,1673,988,0,standing,looking,10662,1555,598,1684,989,0,standing,looking
3_15_894,10566,1163,697,1240,887,1,standing,not-looking,10567,1164,697,1242,889,1,standing,not-looking,10568,1165,697,1244,892,1,standing,not-looking,10569,1166,697,1246,895,1,standing,not-looking,10570,1167,697,1248,897,1,standing,not-looking,10571,1167,697,1248,897,2,standing,not-looking,10572,1169,697,1252,899,2,standing,not-looking,10573,1171,696,1255,900,2,standing,not-looking,10574,1173,696,1259,901,2,standing,not-looking,10575,1175,695,1262,902,2,standing,not-looking,10576,1177,695,1265,904,2,standing,not-looking,10577,1179,695,1269,905,2,standing,not-looking,10578,1182,694,1272,906,2,standing,not-looking,10579,1184,694,1276,908,2,standing,not-looking,10580,1186,693,1279,909,2,standing,not-looking,10581,1188,693,1282,910,2,standing,not-looking,10582,1190,692,1286,912,2,standing,not-looking,10583,1192,692,1289,913,2,standing,not-looking,10584,1194,692,1292,914,2,standing,not-looking,10585,1196,691,1296,916,2,standing,not-looking,10586,1198,691,1299,917,2,standing,not-looking,10587,1198,691,1299,917,2,standing,not-looking,10588,1198,691,1299,917,0,standing,not-looking,10589,1201,690,1302,917,0,standing,not-looking,10590,1204,689,1306,917,0,standing,not-looking,10591,1207,689,1309,918,0,standing,not-looking,10592,1210,688,1312,918,0,standing,not-looking,10593,1214,687,1316,918,0,standing,not-looking,10594,1217,686,1320,919,0,standing,not-looking,10595,1220,684,1324,920,0,standing,not-looking,10596,1223,683,1328,921,0,standing,not-looking,10597,1226,682,1332,922,0,standing,not-looking
3_15_851,4909,1131,743,1163,841,0,standing,not-looking,4910,1133,743,1165,842,0,standing,not-looking,4911,1135,743,1167,842,0,standing,not-looking,4912,1137,743,1170,844,0,standing,not-looking,4913,1139,743,1173,846,0,standing,not-looking,4914,1141,743,1175,848,0,standing,not-looking,4915,1143,743,1178,850,0,standing,not-looking,4916,1145,743,1181,851,0,standing,not-looking,4917,1147,743,1184,852,0,standing,not-looking,4918,1150,743,1187,852,0,standing,not-looking,4919,1152,742,1190,853,0,standing,not-looking,4920,1155,742,1193,853,0,standing,not-looking,4921,1158,742,1196,854,0,standing,not-looking,4922,1160,741,1199,855,0,standing,not-looking,4923,1162,741,1202,857,0,standing,not-looking,4924,1164,741,1205,858,0,standing,not-looking,4925,1166,741,1209,860,0,standing,not-looking,4926,1169,741,1212,861,0,standing,not-looking,4927,1173,740,1216,863,0,standing,not-looking,4928,1176,739,1220,864,0,standing,not-looking,4929,1180,738,1225,865,0,standing,not-looking,4930,1184,737,1229,867,0,standing,not-looking,4931,1188,736,1233,868,0,standing,not-looking,4932,1192,737,1238,870,0,standing,not-looking,4933,1197,737,1243,873,0,standing,not-looking,4934,1201,738,1247,875,0,standing,not-looking,4935,1205,738,1252,877,0,standing,not-looking,4936,1209,739,1257,879,0,standing,not-looking,4937,1214,737,1263,880,0,standing,not-looking,4938,1219,736,1270,881,0,standing,not-looking,4939,1223,735,1276,882,0,standing,not-looking,4940,1228,734,1282,883,0,standing,not-looking
3_15_854,5049,1150,749,1177,827,0,walking,not-looking,5050,1152,749,1180,827,0,walking,not-looking,5051,1155,748,1183,828,0,walking,not-looking,5052,1157,746,1186,828,0,walking,not-looking,5053,1160,745,1188,828,0,walking,not-looking,5054,1162,744,1191,828,0,walking,not-looking,5055,1165,742,1194,828,0,walking,not-looking,5056,1169,741,1198,829,0,walking,not-looking,5057,1173,741,1202,830,0,walking,not-looking,5058,1176,740,1206,831,0,walking,not-looking,5059,1180,739,1209,832,0,walking,not-looking,5060,1184,739,1213,833,0,walking,not-looking,5061,1188,738,1217,834,0,walking,not-looking,5062,1192,737,1222,835,0,walking,not-looking,5063,1196,737,1226,837,0,walking,not-looking,5064,1199,736,1231,838,0,walking,not-looking,5065,1203,736,1235,839,0,walking,not-looking,5066,1209,735,1241,841,0,walking,not-looking,5067,1214,734,1248,842,0,walking,not-looking,5068,1220,734,1254,844,0,walking,not-looking,5069,1226,733,1260,845,0,walking,not-looking,5070,1231,732,1267,847,0,walking,not-looking,5071,1237,732,1273,848,0,walking,not-looking,5072,1242,731,1279,850,0,walking,not-looking,5073,1248,730,1286,851,0,walking,not-looking,5074,1254,730,1292,853,0,walking,not-looking,5075,1259,729,1298,854,0,walking,not-looking,5076,1266,728,1306,857,0,walking,not-looking,5077,1273,726,1314,859,0,walking,not-looking,5078,1280,724,1321,861,0,walking,not-looking,5079,1287,723,1329,864,0,walking,not-looking,5080,1294,721,1337,866,0,walking,not-looking
3_15_856,5113,621,719,650,792,0,standing,looking,5114,617,718,646,791,0,standing,looking,5115,612,718,642,793,0,standing,looking,5116,608,718,637,794,0,standing,looking,5117,603,718,632,796,0,standing,looking,5118,598,719,628,798,0,standing,looking,5119,594,719,623,799,0,standing,looking,5120,588,718,618,799,0,standing,looking,5121,583,717,614,799,0,standing,looking,5122,577,717,609,800,0,standing,looking,5123,572,716,604,800,0,standing,looking,5124,567,716,599,800,0,standing,looking,5125,560,715,594,801,0,standing,looking,5126,554,714,588,801,0,standing,looking,5127,547,713,582,802,0,standing,looking,5128,541,712,576,803,0,standing,looking,5129,534,711,571,804,0,standing,looking,5130,527,710,564,804,0,standing,looking,5131,521,710,558,804,0,standing,looking,5132,514,709,552,805,0,standing,looking,5133,507,708,546,805,0,standing,looking,5134,500,707,540,806,0,standing,looking,5135,492,705,532,806,0,standing,looking,5136,484,704,524,806,0,standing,looking,5137,477,702,516,806,0,standing,looking,5138,469,700,509,806,0,standing,looking,5139,461,699,501,806,0,standing,looking,5140,452,697,492,807,0,standing,looking,5141,443,696,483,808,0,standing,looking,5142,434,695,474,809,0,standing,looking,5143,425,694,465,811,0,standing,looking,5144,416,692,456,812,0,standing,looking
3_15_848,4907,1170,738,1224,861,0,standing,looking,4908,1173,738,1228,862,0,standing,looking,4909,1175,738,1231,863,0,standing,looking,4910,1178,738,1234,865,0,standing,looking,4911,1180,737,1238,866,0,standing,looking,4912,1184,737,1243,868,0,standing,looking,4913,1188,736,1248,869,0,standing,looking,4914,1193,736,1252,871,0,standing,looking,4915,1197,735,1257,873,0,standing,looking,4916,1201,735,1262,875,0,standing,looking,4917,1205,734,1267,876,0,standing,looking,4918,1209,733,1272,878,0,standing,looking,4919,1213,733,1277,880,0,standing,looking,4920,1218,732,1282,882,0,standing,looking,4921,1222,732,1287,883,0,standing,looking,4922,1226,731,1291,885,0,standing,looking,4923,1230,731,1296,887,0,standing,looking,4924,1234,730,1301,889,0,standing,looking,4925,1238,730,1306,890,0,standing,looking,4926,1245,729,1313,892,0,standing,looking,4927,1252,728,1321,894,0,standing,looking,4928,1258,727,1328,896,0,standing,looking,4929,1265,726,1335,898,0,standing,looking,4930,1271,725,1343,900,0,standing,looking,4931,1278,725,1350,902,0,standing,looking,4932,1284,724,1357,904,0,standing,looking,4933,1290,723,1367,908,0,standing,looking,4934,1297,723,1377,911,0,standing,looking,4935,1303,722,1388,915,0,standing,looking,4936,1309,722,1398,918,0,standing,looking,4937,1315,721,1408,922,0,standing,looking,4938,1325,720,1418,925,0,standing,looking
3_15_869,6886,1644,702,1669,814,0,standing,not-looking,6887,1640,702,1665,815,0,standing,not-looking,6888,1636,703,1661,817,0,standing,not-looking,6889,1631,703,1656,818,0,standing,not-looking,6890,1626,703,1652,819,0,standing,not-looking,6891,1621,703,1647,820,0,standing,not-looking,6892,1616,703,1643,821,0,standing,not-looking,6893,1612,703,1639,822,0,standing,not-looking,6894,1607,703,1634,823,0,standing,not-looking,6895,1602,704,1630,824,0,standing,not-looking,6896,1597,704,1625,825,0,standing,not-looking,6897,1593,704,1621,826,0,standing,not-looking,6898,1588,704,1617,827,0,standing,not-looking,6899,1583,704,1612,828,0,standing,not-looking,6900,1578,704,1608,829,0,standing,not-looking,6901,1574,704,1603,830,0,standing,not-looking,6902,1569,704,1599,831,0,standing,not-looking,6903,1564,704,1595,832,0,standing,not-looking,6904,1560,705,1591,833,0,standing,not-looking,6905,1555,705,1587,835,0,standing,not-looking,6906,1551,706,1584,836,0,standing,not-looking,6907,1546,707,1580,838,0,standing,not-looking,6908,1542,707,1576,839,0,standing,not-looking,6909,1538,708,1573,841,0,standing,not-looking,6910,1533,708,1569,842,0,standing,not-looking,6911,1529,709,1566,844,0,standing,not-looking,6912,1525,710,1562,845,0,standing,not-looking,6913,1520,710,1558,847,0,standing,not-looking,6914,1517,711,1556,849,0,standing,not-looking,6915,1515,712,1554,851,0,standing,not-looking,6916,1512,714,1553,853,0,standing,not-looking,6917,1509,715,1551,855,0,standing,not-looking
3_15_849,4888,1190,733,1221,849,0,standing,not-looking,4889,1190,733,1221,850,0,standing,not-looking,4890,1190,732,1221,851,0,standing,not-looking,4891,1192,732,1223,852,0,standing,not-looking,4892,1194,732,1226,853,0,standing,not-looking,4893,1196,732,1228,854,0,standing,not-looking,4894,1199,732,1230,856,0,standing,not-looking,4895,1201,732,1232,857,0,standing,not-looking,4896,1203,732,1234,858,0,standing,not-looking,4897,1205,732,1237,859,0,standing,not-looking,4898,1208,732,1240,861,0,standing,not-looking,4899,1210,731,1244,862,0,standing,not-looking,4900,1213,731,1247,864,0,standing,not-looking,4901,1216,730,1251,866,0,standing,not-looking,4902,1218,730,1254,867,0,standing,not-looking,4903,1223,730,1259,869,0,standing,not-looking,4904,1227,729,1263,870,0,standing,not-looking,4905,1232,729,1268,872,0,standing,not-looking,4906,1236,728,1273,873,0,standing,not-looking,4907,1240,728,1277,874,0,standing,not-looking,4908,1245,727,1282,876,0,standing,not-looking,4909,1249,727,1286,877,0,standing,looking,4910,1253,726,1291,879,0,standing,looking,4911,1258,726,1296,880,0,standing,looking,4912,1262,725,1300,882,0,standing,looking,4913,1266,724,1305,884,0,standing,looking,4914,1269,724,1310,886,0,standing,looking,4915,1273,723,1315,888,0,standing,looking,4916,1279,722,1322,891,0,standing,looking,4917,1285,721,1329,893,0,standing,looking,4918,1292,720,1336,895,0,standing,looking,4919,1298,719,1344,898,0,standing,looking
3_15_864,6498,1669,657,1724,885,1,walking,not-looking,6499,1668,657,1723,885,1,walking,not-looking,6500,1667,657,1723,885,1,walking,not-looking,6501,1666,657,1723,886,1,walking,not-looking,6502,1665,657,1722,886,1,walking,not-looking,6503,1664,656,1722,886,1,walking,not-looking,6504,1664,656,1721,886,1,walking,not-looking,6505,1663,656,1721,887,1,walking,not-looking,6506,1662,656,1720,887,1,walking,not-looking,6507,1661,656,1720,887,1,walking,not-looking,6508,1660,656,1719,887,1,walking,not-looking,6509,1659,655,1719,888,1,walking,not-looking,6510,1659,655,1719,888,1,walking,not-looking,6511,1658,655,1718,888,1,walking,not-looking,6512,1658,655,1718,888,1,walking,not-looking,6513,1658,655,1718,888,1,walking,not-looking,6514,1658,655,1718,888,0,walking,not-looking,6515,1657,656,1717,889,0,walking,not-looking,6516,1656,657,1716,890,0,walking,not-looking,6517,1655,659,1715,892,0,walking,not-looking,6518,1654,660,1714,893,0,walking,not-looking,6519,1652,661,1713,894,0,walking,not-looking,6520,1651,661,1712,894,0,walking,not-looking,6521,1650,661,1711,894,0,walking,not-looking,6522,1649,661,1710,894,0,walking,not-looking,6523,1648,661,1709,894,0,walking,not-looking,6524,1647,660,1708,895,0,walking,not-looking,6525,1646,660,1707,895,0,walking,not-looking,6526,1645,660,1706,895,0,walking,not-looking,6527,1643,660,1705,895,0,walking,not-looking,6528,1642,660,1704,895,0,walking,not-looking,6529,1641,660,1704,895,0,walking,not-looking
3_15_844,4815,1390,717,1438,893,1,standing,not-looking,4816,1385,719,1435,896,1,standing,not-looking,4817,1380,720,1432,900,1,standing,not-looking,4818,1379,719,1432,902,1,standing,not-looking,4819,1378,719,1432,905,1,standing,not-looking,4820,1376,718,1431,907,1,standing,not-looking,4821,1375,717,1431,910,1,standing,not-looking,4822,1374,717,1431,913,1,standing,not-looking,4823,1372,716,1430,915,1,standing,not-looking,4824,1371,716,1430,918,1,standing,not-looking,4825,1370,715,1429,920,1,standing,not-looking,4826,1368,714,1429,923,1,standing,not-looking,4827,1367,714,1429,925,1,standing,not-looking,4828,1369,712,1431,927,1,standing,not-looking,4829,1370,711,1434,929,1,standing,not-looking,4830,1372,709,1437,930,1,standing,not-looking,4831,1373,707,1439,932,1,standing,not-looking,4832,1375,706,1442,933,1,standing,not-looking,4833,1379,704,1449,935,1,standing,not-looking,4834,1382,701,1455,937,1,standing,not-looking,4835,1386,699,1462,939,1,standing,not-looking,4836,1389,697,1469,941,1,standing,not-looking,4837,1393,695,1475,943,1,standing,not-looking,4838,1396,693,1482,945,1,standing,not-looking,4839,1400,690,1489,947,1,standing,not-looking,4840,1404,688,1496,949,1,standing,not-looking,4841,1407,686,1502,951,1,standing,not-looking,4842,1411,684,1509,952,1,standing,not-looking,4843,1421,681,1522,957,1,standing,not-looking,4844,1430,679,1534,961,1,standing,not-looking,4845,1440,677,1547,966,1,standing,not-looking,4846,1450,674,1559,971,1,standing,not-looking
3_15_881,6996,1056,751,1079,808,2,standing,not-looking,6997,1060,752,1083,809,2,standing,not-looking,6998,1064,752,1087,810,2,standing,not-looking,6999,1068,752,1091,810,2,standing,not-looking,7000,1072,752,1095,811,2,standing,not-looking,7001,1076,752,1099,812,1,standing,not-looking,7002,1077,752,1100,812,1,standing,looking,7003,1078,751,1102,813,1,standing,looking,7004,1082,751,1107,813,0,standing,looking,7005,1084,751,1109,813,0,standing,looking,7006,1085,751,1110,814,0,standing,looking,7007,1087,750,1112,814,0,standing,looking,7008,1088,750,1114,814,0,standing,looking,7009,1090,749,1116,815,0,standing,looking,7010,1091,749,1118,815,0,standing,looking,7011,1093,749,1120,815,0,standing,looking,7012,1095,748,1123,815,0,standing,looking,7013,1098,747,1126,814,0,standing,looking,7014,1100,746,1129,815,0,standing,looking,7015,1103,746,1132,816,0,standing,looking,7016,1106,745,1136,817,0,standing,looking,7017,1108,745,1139,817,0,standing,looking,7018,1111,745,1142,818,0,standing,looking,7019,1113,744,1144,819,0,standing,looking,7020,1115,744,1147,820,0,standing,looking,7021,1117,743,1150,820,0,standing,looking,7022,1120,743,1152,821,0,standing,looking,7023,1122,743,1155,822,0,standing,looking,7024,1125,742,1159,823,0,standing,looking,7025,1128,742,1164,824,0,standing,looking,7026,1131,741,1168,825,0,standing,looking,7027,1134,741,1172,826,0,standing,looking
3_15_870,6886,1661,709,1688,820,0,standing,not-looking,6887,1656,710,1684,823,0,standing,not-looking,6888,1651,711,1681,826,0,standing,not-looking,6889,1646,711,1677,826,0,standing,not-looking,6890,1642,711,1673,827,0,standing,not-looking,6891,1638,711,1669,828,0,standing,not-looking,6892,1633,711,1665,829,0,standing,not-looking,6893,1629,711,1661,830,0,standing,looking,6894,1624,711,1657,830,0,standing,looking,6895,1620,711,1653,831,0,standing,looking,6896,1616,711,1649,832,0,standing,looking,6897,1611,711,1644,833,0,standing,looking,6898,1607,711,1640,834,0,standing,looking,6899,1602,711,1636,834,0,standing,looking,6900,1598,711,1632,835,0,standing,looking,6901,1594,712,1629,836,0,standing,looking,6902,1590,712,1625,837,0,standing,looking,6903,1586,712,1622,838,0,standing,looking,6904,1582,713,1618,839,0,standing,looking,6905,1579,713,1615,841,0,standing,looking,6906,1575,713,1611,842,0,standing,looking,6907,1571,713,1608,843,0,standing,looking,6908,1567,714,1604,844,0,standing,looking,6909,1563,714,1601,845,0,standing,looking,6910,1559,714,1597,846,0,standing,looking,6911,1557,715,1593,847,0,standing,looking,6912,1555,716,1588,849,0,standing,looking,6913,1552,716,1587,851,0,standing,looking,6914,1549,717,1585,853,0,standing,looking,6915,1546,717,1584,855,0,standing,looking,6916,1545,718,1585,857,0,standing,looking,6917,1544,718,1585,858,0,standing,looking
3_16_946,12198,1222,735,1264,856,1,standing,not-looking,12199,1227,736,1269,858,1,standing,not-looking,12200,1232,735,1274,859,1,standing,not-looking,12201,1237,735,1279,860,1,standing,not-looking,12202,1241,734,1285,861,1,standing,not-looking,12203,1246,734,1290,862,1,standing,not-looking,12204,1251,733,1296,862,1,standing,not-looking,12205,1256,732,1302,864,1,standing,not-looking,12206,1262,730,1309,865,1,standing,not-looking,12207,1267,729,1315,867,1,standing,not-looking,12208,1273,727,1322,869,1,standing,not-looking,12209,1278,726,1328,870,1,standing,not-looking,12210,1284,725,1336,873,1,standing,not-looking,12211,1290,725,1343,875,1,standing,not-looking,12212,1296,724,1350,878,1,standing,not-looking,12213,1302,724,1358,880,1,standing,not-looking,12214,1309,723,1365,882,1,standing,not-looking,12215,1316,722,1374,885,1,standing,not-looking,12216,1324,721,1383,887,1,standing,not-looking,12217,1331,720,1392,889,1,standing,not-looking,12218,1339,719,1400,891,1,standing,not-looking,12219,1347,718,1409,893,1,standing,not-looking,12220,1356,717,1420,896,1,standing,not-looking,12221,1365,715,1431,898,1,standing,not-looking,12222,1375,714,1443,901,1,standing,not-looking,12223,1384,712,1454,904,1,standing,not-looking,12224,1394,710,1465,906,1,standing,not-looking,12225,1403,709,1476,909,1,standing,not-looking,12226,1412,707,1487,911,1,standing,not-looking,12227,1422,706,1498,914,1,standing,not-looking,12228,1433,704,1511,917,1,standing,not-looking,12229,1444,702,1524,921,1,standing,not-looking
3_16_917,16155,1345,769,1395,851,2,standing,not-looking,16156,1349,769,1399,851,2,standing,not-looking,16157,1352,769,1403,852,2,standing,not-looking,16158,1356,769,1407,853,2,standing,not-looking,16159,1360,769,1411,853,2,standing,not-looking,16160,1363,768,1415,854,2,standing,not-looking,16161,1367,768,1419,855,2,standing,not-looking,16162,1371,768,1424,855,2,standing,not-looking,16163,1375,768,1428,856,2,standing,not-looking,16164,1378,768,1432,857,2,standing,not-looking,16165,1382,768,1436,857,2,standing,not-looking,16166,1386,768,1440,858,2,standing,not-looking,16167,1389,768,1444,859,2,standing,not-looking,16168,1393,768,1449,859,2,standing,not-looking,16169,1397,767,1453,860,2,standing,not-looking,16170,1405,770,1461,862,1,standing,not-looking,16171,1410,771,1466,864,0,standing,not-looking,16172,1417,772,1474,866,0,standing,not-looking,16173,1425,772,1483,868,0,standing,not-looking,16174,1433,772,1492,870,0,standing,not-looking,16175,1441,772,1500,873,0,standing,not-looking,16176,1448,772,1509,875,0,standing,not-looking,16177,1456,772,1518,877,0,standing,not-looking,16178,1464,773,1527,879,0,standing,not-looking,16179,1472,773,1535,881,0,standing,not-looking,16180,1479,773,1544,883,0,standing,not-looking,16181,1487,773,1553,886,0,standing,not-looking,16182,1497,773,1567,887,0,standing,not-looking,16183,1508,772,1581,888,0,standing,not-looking,16184,1518,772,1596,890,0,standing,not-looking,16185,1528,772,1610,891,0,standing,not-looking,16186,1538,771,1624,893,0,standing,not-looking
3_16_912,14463,1390,695,1467,888,0,walking,not-looking,14464,1395,694,1471,889,0,walking,not-looking,14465,1399,694,1475,889,0,walking,not-looking,14466,1403,694,1479,890,0,walking,not-looking,14467,1408,694,1484,890,0,walking,not-looking,14468,1412,693,1488,890,0,walking,not-looking,14469,1416,693,1492,891,0,walking,not-looking,14470,1421,693,1497,891,0,walking,not-looking,14471,1425,693,1501,891,0,standing,not-looking,14472,1429,692,1505,892,0,standing,not-looking,14473,1434,692,1509,892,0,standing,not-looking,14474,1438,692,1514,893,0,standing,not-looking,14475,1443,691,1520,893,0,standing,not-looking,14476,1449,690,1527,894,0,standing,not-looking,14477,1454,689,1534,894,0,standing,not-looking,14478,1459,689,1541,895,0,standing,not-looking,14479,1465,688,1547,895,0,standing,not-looking,14480,1470,687,1554,896,0,standing,not-looking,14481,1475,686,1561,897,0,standing,not-looking,14482,1480,685,1568,897,0,standing,not-looking,14483,1488,684,1576,898,0,standing,not-looking,14484,1497,682,1585,900,0,standing,not-looking,14485,1505,681,1594,901,0,standing,not-looking,14486,1513,679,1602,902,0,standing,not-looking,14487,1521,678,1611,903,0,standing,not-looking,14488,1529,676,1619,905,0,standing,not-looking,14489,1537,675,1628,906,0,standing,not-looking,14490,1545,673,1637,907,0,standing,not-looking,14491,1553,672,1645,908,0,standing,not-looking,14492,1562,670,1654,910,0,standing,not-looking,14493,1570,669,1663,911,0,standing,not-looking,14494,1578,667,1671,912,0,standing,not-looking
3_16_904,5993,1088,723,1120,841,0,standing,not-looking,5994,1089,722,1122,841,0,standing,not-looking,5995,1091,722,1124,842,0,standing,not-looking,5996,1093,721,1126,843,0,standing,not-looking,5997,1095,721,1128,845,0,standing,not-looking,5998,1097,720,1130,846,0,standing,not-looking,5999,1099,720,1132,847,0,standing,not-looking,6000,1101,719,1134,848,0,standing,not-looking,6001,1103,719,1136,850,0,standing,not-looking,6002,1105,719,1138,851,0,standing,not-looking,6003,1107,718,1140,852,0,standing,not-looking,6004,1110,718,1143,853,0,standing,not-looking,6005,1112,718,1145,855,0,standing,not-looking,6006,1114,719,1147,856,0,standing,not-looking,6007,1117,719,1150,858,0,standing,not-looking,6008,1119,720,1152,860,0,standing,not-looking,6009,1122,720,1154,861,0,standing,not-looking,6010,1124,720,1157,863,0,standing,not-looking,6011,1126,719,1159,864,0,standing,not-looking,6012,1128,719,1161,866,0,standing,not-looking,6013,1131,719,1164,867,0,standing,not-looking,6014,1133,718,1166,869,0,standing,not-looking,6015,1136,717,1169,870,0,standing,not-looking,6016,1140,716,1173,870,0,standing,not-looking,6017,1143,714,1176,871,0,standing,not-looking,6018,1146,713,1179,872,0,standing,not-looking,6019,1149,712,1182,872,0,standing,not-looking,6020,1153,710,1186,874,0,standing,not-looking,6021,1157,709,1191,875,0,standing,not-looking,6022,1160,707,1195,876,0,standing,not-looking,6023,1164,705,1199,877,0,standing,not-looking,6024,1167,704,1203,878,0,standing,not-looking
3_16_909,12519,1139,730,1164,807,0,standing,looking,12520,1141,729,1165,807,0,standing,looking,12521,1142,728,1167,807,0,standing,looking,12522,1144,729,1169,808,0,standing,looking,12523,1145,729,1170,809,0,standing,looking,12524,1146,729,1172,810,0,standing,looking,12525,1148,729,1174,811,0,standing,looking,12526,1149,729,1175,812,0,standing,looking,12527,1151,729,1177,812,0,standing,looking,12528,1152,728,1180,812,0,standing,looking,12529,1154,728,1182,813,0,standing,looking,12530,1156,727,1184,813,0,standing,looking,12531,1157,727,1186,813,0,standing,looking,12532,1159,727,1188,815,0,standing,looking,12533,1162,727,1191,816,0,standing,looking,12534,1164,727,1194,817,0,standing,looking,12535,1166,727,1196,818,0,standing,looking,12536,1168,727,1199,820,0,standing,looking,12537,1170,726,1202,821,0,standing,looking,12538,1172,726,1205,821,0,standing,looking,12539,1175,726,1207,822,0,standing,looking,12540,1177,726,1210,823,0,standing,looking,12541,1179,725,1213,824,0,standing,looking,12542,1182,725,1216,825,0,standing,looking,12543,1185,725,1220,826,0,standing,looking,12544,1188,724,1223,828,0,standing,looking,12545,1191,724,1227,829,0,standing,looking,12546,1194,724,1230,830,0,standing,looking,12547,1197,724,1234,831,0,standing,looking,12548,1200,723,1237,832,0,standing,looking,12549,1203,723,1241,833,0,standing,looking,12550,1206,723,1245,835,0,standing,looking
3_16_908,12385,1100,731,1120,804,0,standing,looking,12386,1104,730,1123,805,0,standing,looking,12387,1107,730,1126,805,0,standing,looking,12388,1110,729,1130,806,0,standing,looking,12389,1114,729,1133,806,0,standing,looking,12390,1117,728,1138,806,0,standing,looking,12391,1121,727,1142,806,0,standing,looking,12392,1124,727,1146,806,0,standing,looking,12393,1128,726,1150,805,0,standing,looking,12394,1132,726,1155,805,0,standing,looking,12395,1135,726,1158,806,0,standing,looking,12396,1139,726,1162,806,0,standing,looking,12397,1143,726,1166,807,0,standing,looking,12398,1146,725,1170,807,0,standing,looking,12399,1150,725,1173,808,0,standing,looking,12400,1154,724,1178,807,0,standing,looking,12401,1158,723,1182,807,0,standing,looking,12402,1162,722,1186,807,0,standing,looking,12403,1166,721,1190,807,0,standing,looking,12404,1170,720,1195,806,0,standing,looking,12405,1174,719,1199,806,0,standing,looking,12406,1178,717,1203,806,0,standing,looking,12407,1182,718,1207,807,0,standing,looking,12408,1185,718,1210,808,0,standing,looking,12409,1189,718,1214,809,0,standing,looking,12410,1192,719,1217,811,0,standing,looking,12411,1195,719,1221,812,0,standing,looking,12412,1198,719,1224,813,0,standing,looking,12413,1200,719,1227,814,0,standing,looking,12414,1203,719,1230,815,0,standing,looking,12415,1205,719,1233,816,0,standing,looking,12416,1208,719,1236,817,0,standing,looking
3_16_947,12204,1194,730,1230,860,0,standing,not-looking,12205,1199,728,1234,861,0,standing,not-looking,12206,1203,726,1239,862,0,standing,not-looking,12207,1207,727,1243,864,0,standing,not-looking,12208,1212,727,1248,867,0,standing,not-looking,12209,1218,727,1254,870,0,standing,not-looking,12210,1224,728,1261,873,0,standing,not-looking,12211,1231,728,1267,876,0,standing,not-looking,12212,1232,727,1274,878,0,standing,not-looking,12213,1234,726,1282,880,0,standing,not-looking,12214,1241,725,1289,882,0,standing,not-looking,12215,1247,723,1296,885,0,standing,not-looking,12216,1254,722,1303,887,0,standing,not-looking,12217,1260,721,1310,889,0,standing,not-looking,12218,1267,720,1317,892,0,standing,not-looking,12219,1274,719,1324,894,0,standing,not-looking,12220,1280,717,1331,896,0,standing,not-looking,12221,1287,716,1339,898,0,standing,not-looking,12222,1293,715,1346,901,0,standing,not-looking,12223,1301,714,1355,903,0,standing,not-looking,12224,1308,713,1364,905,0,standing,not-looking,12225,1316,712,1373,908,0,standing,not-looking,12226,1323,711,1381,910,0,standing,not-looking,12227,1331,710,1390,913,0,standing,not-looking,12228,1342,709,1403,915,0,standing,not-looking,12229,1354,707,1415,918,0,standing,not-looking,12230,1365,706,1427,920,0,standing,not-looking,12231,1377,705,1439,923,0,standing,not-looking,12232,1388,704,1451,926,0,standing,not-looking,12233,1399,703,1463,928,0,standing,not-looking,12234,1413,700,1479,933,0,standing,not-looking,12235,1426,696,1495,938,0,standing,not-looking
3_16_910,12899,1170,724,1198,812,0,standing,looking,12900,1172,723,1200,812,0,standing,looking,12901,1174,723,1203,812,0,standing,looking,12902,1177,723,1205,813,0,standing,looking,12903,1179,722,1208,813,0,standing,looking,12904,1181,722,1210,813,0,standing,looking,12905,1184,722,1212,814,0,standing,looking,12906,1186,721,1215,814,0,standing,looking,12907,1188,721,1217,814,0,standing,looking,12908,1191,720,1220,814,0,standing,looking,12909,1193,720,1222,815,0,standing,looking,12910,1195,720,1225,815,0,standing,not-looking,12911,1199,719,1228,816,0,standing,not-looking,12912,1202,718,1232,817,0,standing,not-looking,12913,1205,718,1236,818,0,standing,not-looking,12914,1209,717,1240,818,0,standing,not-looking,12915,1212,716,1243,819,0,standing,not-looking,12916,1216,716,1247,820,0,standing,not-looking,12917,1219,715,1251,821,0,standing,not-looking,12918,1222,715,1254,822,0,standing,not-looking,12919,1226,714,1258,823,0,standing,not-looking,12920,1229,713,1262,824,0,standing,not-looking,12921,1233,713,1265,825,0,standing,not-looking,12922,1236,712,1269,826,0,standing,not-looking,12923,1239,711,1273,827,0,standing,not-looking,12924,1243,711,1277,827,0,standing,not-looking,12925,1246,710,1280,828,0,standing,not-looking,12926,1249,709,1284,829,0,standing,not-looking,12927,1253,709,1288,830,0,standing,not-looking,12928,1256,708,1291,831,0,standing,not-looking,12929,1260,708,1295,832,0,standing,not-looking,12930,1263,707,1299,833,0,standing,not-looking
3_16_911,12898,1189,733,1211,811,0,standing,not-looking,12899,1191,732,1213,812,0,standing,not-looking,12900,1194,731,1216,812,0,standing,not-looking,12901,1197,731,1219,812,0,standing,not-looking,12902,1199,730,1222,813,0,standing,not-looking,12903,1202,729,1225,813,0,standing,not-looking,12904,1204,728,1227,813,0,standing,not-looking,12905,1207,728,1230,814,0,standing,not-looking,12906,1210,727,1233,814,0,standing,not-looking,12907,1212,726,1236,814,0,standing,not-looking,12908,1215,725,1239,814,0,standing,not-looking,12909,1217,724,1241,815,0,standing,not-looking,12910,1220,724,1244,815,0,standing,not-looking,12911,1223,724,1248,816,0,standing,not-looking,12912,1226,725,1252,817,0,standing,not-looking,12913,1228,725,1256,818,0,standing,not-looking,12914,1231,726,1260,819,0,standing,not-looking,12915,1234,726,1264,820,0,standing,not-looking,12916,1237,727,1268,821,0,standing,not-looking,12917,1241,726,1272,822,0,standing,not-looking,12918,1244,726,1276,822,0,standing,not-looking,12919,1248,725,1280,823,0,standing,not-looking,12920,1252,724,1284,824,0,standing,not-looking,12921,1255,724,1288,825,0,standing,not-looking,12922,1259,723,1292,826,0,standing,not-looking,12923,1262,723,1296,827,0,standing,not-looking,12924,1266,722,1300,828,0,standing,not-looking,12925,1270,722,1304,829,0,standing,not-looking,12926,1273,721,1308,829,0,standing,not-looking,12927,1277,720,1312,830,0,standing,not-looking,12928,1281,720,1316,831,0,standing,not-looking,12929,1284,719,1320,832,0,standing,not-looking
3_16_898,1063,1332,732,1363,817,2,standing,not-looking,1064,1336,732,1367,818,2,standing,not-looking,1065,1340,732,1371,818,2,standing,not-looking,1066,1343,732,1375,818,2,standing,not-looking,1067,1347,731,1378,819,2,standing,not-looking,1068,1350,731,1382,819,2,standing,not-looking,1069,1354,731,1386,819,2,standing,not-looking,1070,1358,731,1390,820,2,standing,not-looking,1071,1361,731,1394,820,2,standing,not-looking,1072,1365,731,1398,821,2,standing,not-looking,1073,1369,731,1401,821,2,standing,not-looking,1074,1372,731,1405,821,2,standing,not-looking,1075,1376,730,1409,822,2,standing,not-looking,1076,1380,730,1413,822,2,standing,not-looking,1077,1384,730,1417,822,1,standing,not-looking,1078,1388,729,1421,821,0,standing,not-looking,1079,1392,729,1426,821,0,standing,not-looking,1080,1397,729,1430,822,0,standing,not-looking,1081,1401,728,1435,823,0,standing,not-looking,1082,1406,728,1440,824,0,standing,not-looking,1083,1410,728,1444,824,0,standing,not-looking,1084,1415,728,1449,825,0,standing,not-looking,1085,1419,727,1453,826,0,standing,not-looking,1086,1423,727,1458,827,0,standing,not-looking,1087,1428,727,1463,828,0,standing,not-looking,1088,1432,727,1467,828,0,standing,not-looking,1089,1436,725,1472,828,0,standing,not-looking,1090,1441,726,1477,829,0,standing,not-looking,1091,1446,727,1483,831,0,standing,not-looking,1092,1450,727,1488,833,0,standing,not-looking,1093,1455,728,1494,834,0,standing,not-looking,1094,1460,729,1499,836,0,standing,not-looking
3_16_945,4518,1746,683,1794,856,2,walking,not-looking,4519,1743,683,1792,856,2,walking,not-looking,4520,1741,684,1790,856,2,walking,not-looking,4521,1739,684,1788,857,2,walking,not-looking,4522,1737,684,1785,857,2,walking,not-looking,4523,1734,685,1783,857,2,walking,not-looking,4524,1732,685,1781,858,2,walking,not-looking,4525,1730,685,1779,858,2,walking,not-looking,4526,1728,686,1776,858,2,walking,not-looking,4527,1725,686,1774,859,2,walking,not-looking,4528,1723,687,1772,859,2,walking,not-looking,4529,1721,687,1770,860,2,walking,not-looking,4530,1719,687,1767,860,2,walking,not-looking,4531,1716,687,1762,858,1,walking,not-looking,4532,1712,687,1762,860,1,walking,not-looking,4533,1707,687,1762,862,1,walking,not-looking,4534,1701,687,1761,862,1,walking,not-looking,4535,1695,688,1761,863,1,walking,not-looking,4536,1689,688,1760,863,1,walking,not-looking,4537,1686,688,1760,865,0,walking,not-looking,4538,1682,688,1760,867,0,walking,not-looking,4539,1681,689,1756,868,0,walking,not-looking,4540,1681,690,1752,869,0,walking,not-looking,4541,1680,691,1748,870,0,walking,not-looking,4542,1679,692,1744,871,0,walking,not-looking,4543,1678,693,1740,872,0,walking,not-looking,4544,1678,693,1736,872,0,walking,not-looking,4545,1678,693,1732,872,0,walking,not-looking,4546,1678,693,1729,872,0,walking,not-looking,4547,1678,693,1725,872,0,walking,not-looking,4548,1678,693,1721,872,0,walking,not-looking,4549,1676,693,1720,872,0,walking,not-looking
3_16_899,1284,1249,732,1277,829,0,standing,looking,1285,1253,731,1282,829,0,standing,looking,1286,1258,730,1287,829,0,standing,looking,1287,1262,729,1292,829,0,standing,looking,1288,1267,727,1297,829,0,standing,looking,1289,1271,726,1302,829,0,standing,looking,1290,1276,726,1308,831,0,standing,looking,1291,1281,727,1313,832,0,standing,looking,1292,1286,728,1319,836,0,standing,looking,1293,1291,730,1324,839,0,standing,looking,1294,1296,731,1329,842,0,standing,looking,1295,1302,733,1336,847,0,standing,looking,1296,1308,736,1342,851,0,standing,looking,1297,1314,739,1348,855,0,standing,looking,1298,1322,739,1356,858,0,standing,looking,1299,1329,739,1364,860,0,standing,looking,1300,1337,740,1372,862,0,standing,looking,1301,1345,740,1380,864,0,standing,not-looking,1302,1349,738,1385,865,0,standing,not-looking,1303,1356,735,1393,864,0,standing,not-looking,1304,1364,733,1402,863,0,standing,not-looking,1305,1371,731,1410,863,0,standing,not-looking,1306,1378,728,1418,862,0,standing,not-looking,1307,1388,726,1428,863,0,standing,not-looking,1308,1397,725,1438,864,0,standing,not-looking,1309,1407,723,1449,865,0,standing,not-looking,1310,1416,721,1459,866,0,standing,not-looking,1311,1426,719,1469,867,0,standing,not-looking,1312,1435,717,1480,868,0,standing,not-looking,1313,1445,716,1490,869,0,standing,not-looking,1314,1454,714,1500,870,0,standing,not-looking,1315,1464,712,1511,871,0,standing,not-looking
3_16_927,4664,127,667,184,841,1,walking,not-looking,4665,127,667,185,841,1,walking,not-looking,4666,127,667,185,841,2,walking,not-looking,4667,127,667,185,841,2,walking,not-looking,4668,127,667,185,841,2,walking,not-looking,4669,127,667,185,841,2,walking,not-looking,4670,128,667,185,841,2,walking,not-looking,4671,128,667,185,841,2,walking,not-looking,4672,128,667,185,841,2,walking,not-looking,4673,128,667,185,841,2,walking,not-looking,4674,128,667,185,841,2,walking,not-looking,4675,128,667,185,841,2,walking,not-looking,4676,128,667,186,841,2,walking,not-looking,4677,128,667,186,841,2,walking,not-looking,4678,128,667,186,841,2,walking,not-looking,4679,128,667,186,841,2,walking,not-looking,4680,128,667,186,841,2,walking,not-looking,4681,128,667,186,841,2,walking,not-looking,4682,128,667,186,841,2,walking,not-looking,4683,128,667,186,841,1,walking,not-looking,4684,128,665,186,840,1,walking,not-looking,4685,128,664,186,840,1,walking,not-looking,4686,128,662,186,839,1,walking,not-looking,4687,128,660,186,838,1,walking,not-looking,4688,128,660,186,838,0,walking,not-looking,4689,124,659,183,838,0,walking,not-looking,4690,121,658,180,839,0,walking,not-looking,4691,117,657,177,840,0,walking,not-looking,4692,113,656,175,841,0,walking,not-looking,4693,109,655,172,841,0,walking,not-looking,4694,104,654,168,842,0,walking,not-looking,4695,99,653,164,842,0,walking,not-looking
3_16_901,1759,628,715,651,806,0,standing,not-looking,1760,623,715,646,807,0,standing,not-looking,1761,617,714,641,809,0,standing,looking,1762,612,716,636,812,0,standing,looking,1763,606,717,631,816,0,standing,looking,1764,601,718,626,820,0,standing,looking,1765,594,717,620,821,0,standing,looking,1766,587,716,613,822,0,standing,looking,1767,579,714,606,822,0,standing,looking,1768,572,711,600,821,0,standing,looking,1769,564,708,593,821,0,standing,looking,1770,556,705,587,820,0,standing,looking,1771,548,703,580,819,0,standing,looking,1772,539,702,572,821,0,standing,looking,1773,530,702,565,823,0,standing,looking,1774,522,701,557,825,0,standing,looking,1775,513,700,549,827,0,standing,looking,1776,505,700,542,829,0,standing,looking,1777,494,698,532,830,0,standing,looking,1778,483,697,523,832,0,standing,looking,1779,473,696,514,833,0,standing,looking,1780,462,694,504,834,0,standing,looking,1781,451,693,495,836,0,standing,looking,1782,439,692,484,838,0,standing,looking,1783,427,691,473,841,0,standing,looking,1784,416,690,462,844,0,standing,looking,1785,404,690,451,846,0,standing,looking,1786,392,689,440,849,0,standing,looking,1787,378,686,428,851,0,standing,looking,1788,365,683,415,853,0,standing,looking,1789,352,681,403,855,0,standing,looking,1790,338,678,390,857,0,standing,looking
3_16_905,8001,1099,728,1139,810,0,standing,not-looking,8002,1101,728,1141,811,0,standing,not-looking,8003,1102,728,1143,812,0,standing,not-looking,8004,1104,728,1145,813,0,standing,not-looking,8005,1106,728,1147,814,0,standing,not-looking,8006,1108,728,1150,816,0,standing,not-looking,8007,1110,728,1152,817,0,standing,not-looking,8008,1112,729,1155,819,0,standing,not-looking,8009,1114,729,1157,820,0,standing,not-looking,8010,1116,729,1160,822,0,standing,not-looking,8011,1118,730,1162,823,0,standing,not-looking,8012,1120,730,1165,825,0,standing,not-looking,8013,1122,731,1167,826,0,standing,not-looking,8014,1125,729,1170,826,0,standing,not-looking,8015,1127,728,1172,826,0,standing,not-looking,8016,1129,727,1175,826,0,standing,not-looking,8017,1131,726,1177,826,0,standing,not-looking,8018,1133,725,1180,826,0,standing,not-looking,8019,1135,724,1183,826,0,standing,not-looking,8020,1138,722,1186,826,0,standing,not-looking,8021,1140,721,1189,826,0,standing,not-looking,8022,1142,719,1192,826,0,standing,not-looking,8023,1145,718,1196,826,0,standing,not-looking,8024,1148,718,1199,826,0,standing,not-looking,8025,1151,717,1202,826,0,standing,not-looking,8026,1154,717,1205,826,0,standing,not-looking,8027,1157,717,1208,825,0,standing,not-looking,8028,1161,717,1211,825,0,standing,not-looking,8029,1163,717,1215,828,0,standing,not-looking,8030,1166,718,1219,831,0,standing,not-looking,8031,1169,718,1223,834,0,standing,not-looking,8032,1172,719,1226,837,0,standing,not-looking
3_16_900,1284,1199,746,1256,840,0,standing,not-looking,1285,1204,743,1261,842,0,standing,not-looking,1286,1210,739,1265,842,0,standing,not-looking,1287,1216,735,1270,842,0,standing,not-looking,1288,1222,731,1274,842,0,standing,not-looking,1289,1227,726,1278,843,0,standing,not-looking,1290,1233,722,1283,843,0,standing,not-looking,1291,1237,722,1288,846,0,standing,not-looking,1292,1240,723,1294,850,0,standing,not-looking,1293,1244,723,1299,853,0,standing,not-looking,1294,1248,723,1304,857,0,standing,not-looking,1295,1251,723,1310,861,0,standing,not-looking,1296,1256,724,1318,864,0,standing,not-looking,1297,1261,724,1325,868,0,standing,not-looking,1298,1266,725,1333,872,0,standing,not-looking,1299,1271,726,1341,876,0,standing,not-looking,1300,1276,726,1349,880,0,standing,not-looking,1301,1282,724,1357,880,0,standing,not-looking,1302,1287,721,1366,880,0,standing,not-looking,1303,1293,719,1375,881,0,standing,not-looking,1304,1298,716,1384,881,0,standing,not-looking,1305,1304,713,1393,881,0,standing,not-looking,1306,1310,710,1401,882,0,standing,not-looking,1307,1316,707,1409,883,0,standing,not-looking,1308,1322,704,1418,884,0,standing,not-looking,1309,1328,701,1426,884,0,standing,not-looking,1310,1334,698,1435,885,0,standing,not-looking,1311,1341,696,1441,888,0,standing,not-looking,1312,1349,693,1447,891,0,standing,not-looking,1313,1356,691,1453,894,0,standing,not-looking,1314,1364,689,1459,897,0,standing,not-looking,1315,1372,686,1465,899,0,standing,not-looking
3_16_944,4506,1742,676,1790,844,2,walking,not-looking,4507,1741,677,1789,846,2,walking,not-looking,4508,1740,678,1788,847,2,walking,not-looking,4509,1740,679,1787,848,2,walking,not-looking,4510,1739,680,1786,849,2,walking,not-looking,4511,1736,680,1783,850,2,walking,not-looking,4512,1733,680,1780,850,2,walking,not-looking,4513,1729,679,1777,851,2,walking,not-looking,4514,1726,679,1774,852,2,walking,not-looking,4515,1723,679,1771,852,2,walking,not-looking,4516,1720,679,1768,853,2,walking,not-looking,4517,1717,678,1765,854,2,walking,not-looking,4518,1714,678,1761,854,1,walking,not-looking,4519,1711,678,1758,855,1,walking,not-looking,4520,1708,678,1755,856,1,walking,not-looking,4521,1704,678,1752,856,0,walking,not-looking,4522,1698,680,1750,858,0,walking,not-looking,4523,1693,681,1748,859,0,walking,looking,4524,1687,683,1746,861,0,walking,looking,4525,1681,684,1744,863,0,walking,looking,4526,1675,686,1743,864,0,walking,looking,4527,1675,686,1740,864,0,walking,looking,4528,1675,686,1738,864,0,walking,looking,4529,1675,686,1736,864,0,walking,looking,4530,1675,686,1733,864,0,walking,looking,4531,1675,686,1731,864,0,walking,looking,4532,1675,686,1729,864,0,walking,looking,4533,1675,686,1726,864,0,walking,looking,4534,1675,686,1724,864,0,walking,looking,4535,1675,686,1722,864,0,walking,looking,4536,1675,686,1719,864,0,walking,looking,4537,1671,686,1717,864,0,walking,looking
3_16_897,1063,543,727,579,822,0,walking,not-looking,1064,543,726,578,822,0,walking,not-looking,1065,544,726,576,822,0,walking,not-looking,1066,544,725,575,823,0,walking,not-looking,1067,544,725,574,823,0,walking,not-looking,1068,545,724,573,823,0,walking,not-looking,1069,543,725,571,824,0,walking,not-looking,1070,541,726,569,826,0,walking,not-looking,1071,539,727,567,827,0,walking,not-looking,1072,537,727,565,829,0,walking,not-looking,1073,535,728,563,830,0,walking,not-looking,1074,533,727,563,830,0,walking,not-looking,1075,531,725,562,830,0,walking,not-looking,1076,528,724,561,830,0,standing,not-looking,1077,526,723,561,829,0,standing,not-looking,1078,524,721,560,829,0,standing,not-looking,1079,521,722,557,830,0,standing,not-looking,1080,519,722,555,831,0,standing,not-looking,1081,516,722,552,832,0,standing,not-looking,1082,514,722,550,833,0,standing,looking,1083,511,722,547,834,0,standing,looking,1084,508,722,545,835,0,standing,looking,1085,505,722,542,836,0,standing,looking,1086,501,722,540,837,0,standing,looking,1087,498,722,537,839,0,standing,looking,1088,495,722,535,840,0,standing,looking,1089,489,722,531,841,0,standing,looking,1090,484,722,527,842,0,standing,looking,1091,480,723,524,846,0,standing,looking,1092,475,725,521,849,0,standing,looking,1093,470,726,517,852,0,standing,looking,1094,466,728,514,855,0,standing,looking
3_16_907,12020,1139,721,1175,839,0,standing,looking,12021,1141,721,1177,840,0,standing,looking,12022,1143,720,1179,840,0,standing,looking,12023,1145,720,1181,841,0,standing,looking,12024,1147,719,1183,842,0,standing,looking,12025,1149,718,1187,843,0,standing,looking,12026,1151,718,1191,843,0,standing,looking,12027,1152,717,1195,844,0,standing,looking,12028,1154,717,1199,845,0,standing,looking,12029,1156,716,1201,845,0,standing,looking,12030,1158,714,1204,846,0,standing,looking,12031,1161,713,1206,846,0,standing,looking,12032,1163,712,1208,846,0,standing,looking,12033,1165,711,1210,847,0,standing,looking,12034,1168,710,1213,848,0,standing,looking,12035,1171,710,1216,849,0,standing,looking,12036,1174,709,1219,850,0,standing,looking,12037,1176,709,1222,851,0,standing,looking,12038,1179,708,1224,852,0,standing,looking,12039,1183,708,1228,853,0,standing,looking,12040,1187,707,1233,855,0,standing,looking,12041,1190,707,1237,857,0,standing,looking,12042,1194,707,1241,859,0,standing,looking,12043,1198,706,1245,861,0,standing,looking,12044,1202,706,1249,863,0,standing,looking,12045,1205,706,1253,865,0,standing,looking,12046,1209,705,1257,867,0,standing,looking,12047,1213,705,1261,869,0,standing,looking,12048,1217,705,1266,871,0,standing,looking,12049,1221,704,1271,873,0,standing,looking,12050,1226,704,1276,875,0,standing,looking,12051,1230,703,1281,876,0,standing,looking
3_16_926,4616,196,668,247,840,2,standing,not-looking,4617,197,668,247,840,2,standing,not-looking,4618,197,668,247,840,2,standing,not-looking,4619,197,668,247,841,1,walking,not-looking,4620,198,668,247,841,1,walking,not-looking,4621,198,668,247,841,1,walking,not-looking,4622,198,668,247,841,0,walking,not-looking,4623,196,670,248,843,0,walking,not-looking,4624,193,671,249,845,0,walking,not-looking,4625,191,673,250,847,0,walking,not-looking,4626,189,674,251,849,0,walking,not-looking,4627,187,676,252,851,0,walking,not-looking,4628,185,676,251,851,0,walking,not-looking,4629,184,677,249,852,0,walking,not-looking,4630,183,677,248,852,0,walking,not-looking,4631,182,678,247,853,0,walking,not-looking,4632,180,678,246,853,0,walking,not-looking,4633,179,679,244,854,0,walking,not-looking,4634,178,679,243,854,0,walking,not-looking,4635,176,680,242,854,0,walking,not-looking,4636,175,680,241,855,0,walking,not-looking,4637,175,680,239,855,0,walking,not-looking,4638,175,680,237,855,0,walking,not-looking,4639,175,680,235,855,0,walking,not-looking,4640,175,680,233,855,0,walking,not-looking,4641,175,680,232,855,0,walking,not-looking,4642,177,680,230,855,0,walking,not-looking,4643,178,680,229,855,0,walking,not-looking,4644,180,680,228,855,0,walking,not-looking,4645,181,680,226,855,0,walking,not-looking,4646,183,680,225,855,0,walking,not-looking,4647,182,680,226,855,0,walking,not-looking
3_17_968,12649,665,728,685,799,0,standing,not-looking,12650,660,727,680,799,0,standing,not-looking,12651,655,726,676,798,0,standing,not-looking,12652,649,725,671,799,0,standing,not-looking,12653,644,724,665,799,0,standing,not-looking,12654,638,724,660,800,0,standing,not-looking,12655,632,723,655,800,0,standing,not-looking,12656,625,723,649,801,0,standing,looking,12657,619,722,643,801,0,standing,looking,12658,613,721,637,802,0,standing,looking,12659,606,721,631,802,0,standing,looking,12660,600,720,625,803,0,standing,looking,12661,592,719,619,802,0,standing,looking,12662,585,717,612,803,0,standing,looking,12663,577,716,605,803,0,standing,looking,12664,569,715,598,804,0,standing,looking,12665,561,714,591,805,0,standing,looking,12666,554,713,584,805,0,standing,looking,12667,546,712,577,806,0,standing,looking,12668,538,710,570,807,0,standing,looking,12669,530,709,563,807,0,standing,looking,12670,523,708,557,808,0,standing,looking,12671,515,707,550,809,0,standing,looking,12672,507,706,541,809,0,standing,looking,12673,498,704,532,810,0,standing,looking,12674,490,703,524,810,0,standing,looking,12675,482,702,515,811,0,standing,not-looking,12676,471,700,506,811,0,standing,not-looking,12677,460,698,496,812,0,standing,not-looking,12678,449,696,487,813,0,standing,not-looking,12679,438,694,477,813,0,standing,not-looking,12680,428,691,467,814,0,standing,not-looking
3_17_948,146,1125,708,1156,849,0,standing,not-looking,147,1127,708,1159,851,0,standing,not-looking,148,1129,707,1162,852,0,standing,not-looking,149,1132,707,1165,854,0,standing,not-looking,150,1134,706,1168,855,0,standing,not-looking,151,1136,706,1170,857,0,standing,not-looking,152,1139,705,1173,858,0,standing,not-looking,153,1141,705,1176,860,0,standing,not-looking,154,1143,704,1179,861,0,standing,not-looking,155,1146,703,1183,863,0,standing,not-looking,156,1150,703,1186,865,0,standing,not-looking,157,1153,702,1190,867,0,standing,not-looking,158,1156,701,1194,869,0,standing,not-looking,159,1159,700,1198,871,0,standing,not-looking,160,1162,699,1202,873,0,standing,not-looking,161,1165,698,1206,875,0,standing,not-looking,162,1168,697,1209,877,0,standing,not-looking,163,1172,696,1213,879,0,standing,not-looking,164,1175,695,1218,881,0,standing,not-looking,165,1178,694,1222,882,0,standing,not-looking,166,1181,692,1226,884,0,standing,not-looking,167,1185,691,1231,886,0,standing,not-looking,168,1188,690,1235,887,0,standing,not-looking,169,1191,688,1240,889,0,standing,not-looking,170,1194,687,1244,890,0,standing,not-looking,171,1198,686,1249,892,0,standing,not-looking,172,1201,684,1253,894,0,standing,not-looking,173,1204,683,1258,895,0,standing,not-looking,174,1207,681,1262,897,0,standing,not-looking,175,1211,680,1267,898,0,standing,not-looking,176,1214,679,1271,900,0,standing,not-looking,177,1217,677,1276,902,0,standing,not-looking
3_17_962,9533,1690,612,1777,842,0,walking,not-looking,9534,1684,613,1773,844,0,walking,not-looking,9535,1677,613,1767,846,0,walking,not-looking,9536,1671,613,1762,848,0,walking,not-looking,9537,1664,614,1756,850,0,walking,not-looking,9538,1658,614,1750,852,0,walking,not-looking,9539,1651,614,1744,853,0,walking,not-looking,9540,1644,615,1737,854,0,walking,not-looking,9541,1636,616,1730,855,0,walking,not-looking,9542,1629,617,1722,856,0,walking,not-looking,9543,1621,617,1715,856,0,walking,not-looking,9544,1614,618,1707,857,0,walking,not-looking,9545,1604,618,1699,859,0,walking,not-looking,9546,1594,618,1691,861,0,walking,not-looking,9547,1584,618,1683,864,0,walking,not-looking,9548,1575,618,1675,866,0,walking,not-looking,9549,1565,618,1667,868,0,walking,not-looking,9550,1556,619,1658,869,0,walking,not-looking,9551,1547,620,1649,870,0,walking,not-looking,9552,1538,621,1640,871,0,walking,not-looking,9553,1529,622,1631,872,0,walking,not-looking,9554,1520,623,1622,873,0,walking,not-looking,9555,1512,625,1614,874,0,walking,not-looking,9556,1503,627,1607,875,0,walking,not-looking,9557,1495,628,1599,876,0,walking,not-looking,9558,1487,630,1591,877,0,walking,not-looking,9559,1478,632,1584,878,0,walking,not-looking,9560,1468,632,1574,878,0,walking,not-looking,9561,1459,632,1564,878,0,walking,not-looking,9562,1449,633,1555,879,0,walking,not-looking,9563,1439,633,1545,879,0,walking,not-looking,9564,1429,633,1535,879,0,walking,not-looking
3_17_964,11084,1151,693,1202,857,0,standing,not-looking,11085,1154,692,1206,859,0,standing,not-looking,11086,1157,691,1210,861,0,standing,not-looking,11087,1160,690,1214,862,0,standing,not-looking,11088,1163,689,1218,864,0,standing,not-looking,11089,1166,688,1222,866,0,standing,not-looking,11090,1170,688,1226,868,0,standing,not-looking,11091,1173,687,1230,870,0,standing,not-looking,11092,1176,686,1234,871,0,standing,not-looking,11093,1179,685,1238,873,0,standing,not-looking,11094,1182,684,1242,875,0,standing,not-looking,11095,1185,683,1247,877,0,standing,not-looking,11096,1189,681,1252,879,0,standing,not-looking,11097,1193,680,1257,882,0,standing,not-looking,11098,1197,679,1262,884,0,standing,not-looking,11099,1201,678,1267,886,0,standing,not-looking,11100,1204,676,1273,889,0,standing,not-looking,11101,1208,675,1278,891,0,standing,not-looking,11102,1212,674,1283,893,0,standing,not-looking,11103,1216,673,1288,896,0,standing,not-looking,11104,1219,671,1293,898,0,standing,not-looking,11105,1224,670,1299,900,0,standing,not-looking,11106,1228,669,1304,903,0,standing,not-looking,11107,1232,668,1310,905,0,standing,not-looking,11108,1236,666,1316,907,0,standing,not-looking,11109,1241,665,1321,910,0,standing,not-looking,11110,1245,664,1327,912,0,standing,not-looking,11111,1249,663,1333,914,0,standing,not-looking,11112,1254,661,1338,917,0,standing,not-looking,11113,1258,660,1344,919,0,standing,not-looking,11114,1262,659,1350,921,0,standing,not-looking,11115,1267,657,1356,923,0,standing,not-looking
3_17_955,3607,1128,741,1165,844,0,walking,not-looking,3608,1130,743,1166,847,0,walking,not-looking,3609,1130,743,1167,847,0,walking,not-looking,3610,1130,742,1168,848,0,walking,not-looking,3611,1131,742,1169,848,0,walking,not-looking,3612,1131,742,1170,848,0,walking,not-looking,3613,1131,741,1170,848,0,walking,not-looking,3614,1132,741,1172,848,0,walking,not-looking,3615,1134,741,1173,848,0,walking,not-looking,3616,1135,741,1175,848,0,walking,not-looking,3617,1137,741,1176,848,1,walking,not-looking,3618,1139,739,1178,848,1,walking,not-looking,3619,1140,738,1181,848,1,walking,not-looking,3620,1140,737,1182,848,1,walking,not-looking,3621,1140,736,1183,848,1,walking,not-looking,3622,1140,735,1184,848,1,walking,not-looking,3623,1140,734,1185,848,1,walking,not-looking,3624,1142,732,1186,850,1,walking,not-looking,3625,1143,730,1187,852,1,walking,not-looking,3626,1144,729,1188,854,0,walking,not-looking,3627,1146,726,1192,855,0,walking,not-looking,3628,1148,724,1196,856,0,walking,not-looking,3629,1150,721,1199,856,0,walking,not-looking,3630,1152,719,1203,857,0,walking,not-looking,3631,1154,716,1207,858,0,walking,not-looking,3632,1159,714,1210,858,0,walking,not-looking,3633,1164,712,1213,858,0,walking,not-looking,3634,1169,710,1217,858,0,walking,not-looking,3635,1173,708,1220,858,0,walking,not-looking,3636,1178,705,1223,859,0,walking,not-looking,3637,1181,704,1226,860,0,walking,not-looking,3638,1184,703,1229,862,0,walking,not-looking
3_17_949,158,1136,728,1176,860,1,standing,not-looking,159,1137,729,1179,861,1,standing,not-looking,160,1139,729,1181,863,0,standing,not-looking,161,1141,728,1183,864,0,standing,not-looking,162,1144,728,1186,864,0,standing,not-looking,163,1146,727,1188,865,0,standing,not-looking,164,1148,727,1191,866,0,standing,not-looking,165,1150,726,1193,867,0,standing,not-looking,166,1153,725,1196,867,0,standing,not-looking,167,1156,724,1199,868,0,standing,not-looking,168,1158,723,1202,869,0,standing,not-looking,169,1161,722,1205,870,0,standing,not-looking,170,1163,721,1208,871,0,standing,not-looking,171,1166,720,1211,872,0,standing,not-looking,172,1168,719,1214,873,0,standing,not-looking,173,1171,718,1217,874,0,standing,not-looking,174,1174,718,1220,873,0,standing,looking,175,1177,718,1222,873,0,standing,looking,176,1177,716,1224,874,0,standing,looking,177,1178,715,1226,876,0,standing,looking,178,1178,713,1228,877,0,standing,looking,179,1179,712,1230,878,0,standing,looking,180,1179,710,1232,879,0,walking,looking,181,1182,710,1234,882,0,walking,looking,182,1184,709,1237,884,0,walking,looking,183,1187,709,1239,886,0,walking,looking,184,1189,709,1242,888,0,walking,looking,185,1192,709,1244,890,0,walking,looking,186,1194,708,1248,892,0,walking,looking,187,1197,707,1251,894,0,walking,looking,188,1200,706,1255,897,0,walking,looking,189,1202,705,1258,899,0,walking,looking
3_17_951,2346,1118,699,1174,886,0,standing,not-looking,2347,1121,698,1178,888,0,standing,not-looking,2348,1123,697,1182,890,0,standing,not-looking,2349,1126,696,1185,892,0,standing,not-looking,2350,1129,695,1189,894,0,standing,not-looking,2351,1132,694,1193,896,0,standing,not-looking,2352,1135,693,1197,899,0,standing,not-looking,2353,1138,692,1201,901,0,standing,not-looking,2354,1141,691,1205,903,0,standing,not-looking,2355,1144,689,1209,905,0,standing,not-looking,2356,1147,688,1213,907,0,standing,looking,2357,1150,687,1217,909,0,standing,looking,2358,1153,686,1221,911,0,standing,looking,2359,1156,685,1225,913,0,standing,looking,2360,1159,684,1229,915,0,standing,looking,2361,1162,683,1232,917,0,standing,looking,2362,1165,682,1236,919,0,standing,looking,2363,1168,681,1240,921,0,standing,looking,2364,1170,680,1244,923,0,standing,looking,2365,1173,679,1248,925,0,standing,looking,2366,1176,678,1252,927,0,standing,looking,2367,1181,676,1257,929,0,standing,looking,2368,1185,674,1262,932,0,standing,looking,2369,1190,673,1268,934,0,standing,looking,2370,1194,671,1273,937,0,standing,looking,2371,1199,669,1278,940,0,standing,looking,2372,1204,667,1283,942,0,standing,looking,2373,1208,665,1288,945,0,standing,looking,2374,1213,664,1294,947,0,standing,looking,2375,1217,662,1299,950,0,standing,looking,2376,1222,660,1304,952,0,standing,looking,2377,1226,658,1311,955,0,standing,looking
3_17_957,5027,1204,726,1228,821,1,standing,not-looking,5028,1209,726,1233,822,1,standing,not-looking,5029,1213,725,1238,824,0,standing,not-looking,5030,1217,724,1242,825,0,standing,not-looking,5031,1222,724,1247,826,0,standing,not-looking,5032,1226,723,1252,828,0,standing,not-looking,5033,1230,723,1256,829,0,standing,not-looking,5034,1234,722,1261,831,0,standing,not-looking,5035,1239,722,1265,832,0,standing,not-looking,5036,1243,721,1270,833,0,standing,not-looking,5037,1247,721,1275,835,0,standing,not-looking,5038,1251,720,1279,836,0,standing,not-looking,5039,1256,720,1284,837,0,standing,not-looking,5040,1262,719,1291,839,0,standing,not-looking,5041,1269,718,1299,840,0,standing,not-looking,5042,1275,717,1306,841,0,standing,not-looking,5043,1282,716,1313,843,0,standing,not-looking,5044,1288,715,1320,844,0,standing,not-looking,5045,1295,714,1328,845,0,standing,not-looking,5046,1301,713,1335,846,0,standing,not-looking,5047,1308,712,1342,848,0,standing,not-looking,5048,1314,712,1349,849,0,standing,not-looking,5049,1321,711,1357,850,0,standing,not-looking,5050,1329,708,1367,852,0,standing,not-looking,5051,1338,706,1377,854,0,standing,not-looking,5052,1347,704,1387,856,0,standing,not-looking,5053,1355,702,1397,858,0,standing,not-looking,5054,1364,700,1407,860,0,standing,not-looking,5055,1374,698,1417,861,0,standing,not-looking,5056,1384,696,1427,863,0,standing,not-looking,5057,1394,693,1437,865,0,standing,not-looking,5058,1404,691,1447,867,0,standing,not-looking
3_17_965,11084,1224,693,1282,845,0,standing,not-looking,11085,1228,692,1287,846,0,standing,not-looking,11086,1234,692,1292,848,0,standing,not-looking,11087,1240,691,1298,850,0,standing,not-looking,11088,1246,690,1303,851,0,standing,not-looking,11089,1252,689,1308,852,0,standing,not-looking,11090,1258,688,1313,854,0,standing,not-looking,11091,1262,687,1319,856,0,standing,not-looking,11092,1267,686,1324,857,0,standing,not-looking,11093,1272,686,1329,859,0,standing,not-looking,11094,1276,685,1334,861,0,standing,not-looking,11095,1281,684,1340,862,0,standing,not-looking,11096,1286,683,1345,864,0,standing,not-looking,11097,1291,682,1350,866,0,standing,not-looking,11098,1295,681,1355,867,0,standing,not-looking,11099,1300,680,1361,869,0,standing,not-looking,11100,1305,679,1366,871,0,standing,not-looking,11101,1310,678,1372,873,0,standing,not-looking,11102,1315,677,1378,874,0,standing,not-looking,11103,1321,675,1384,876,0,standing,not-looking,11104,1326,674,1390,878,0,standing,not-looking,11105,1331,673,1396,880,0,standing,not-looking,11106,1336,671,1402,881,0,standing,not-looking,11107,1341,670,1408,883,0,standing,not-looking,11108,1347,668,1415,885,0,standing,not-looking,11109,1352,667,1421,887,0,standing,not-looking,11110,1357,666,1427,888,0,standing,not-looking,11111,1362,664,1433,890,0,standing,not-looking,11112,1368,663,1439,892,0,standing,not-looking,11113,1373,662,1445,894,0,standing,not-looking,11114,1378,660,1451,895,0,standing,not-looking,11115,1383,659,1457,897,0,standing,not-looking
3_17_959,5247,528,710,552,797,0,standing,not-looking,5248,522,709,547,797,0,standing,not-looking,5249,516,709,542,797,0,standing,not-looking,5250,511,708,537,798,0,standing,not-looking,5251,505,707,532,798,0,standing,not-looking,5252,499,707,527,798,0,standing,not-looking,5253,493,706,522,799,0,standing,not-looking,5254,487,705,517,799,0,standing,not-looking,5255,481,704,510,799,0,standing,not-looking,5256,474,704,503,800,0,standing,not-looking,5257,467,703,496,800,0,standing,not-looking,5258,461,702,489,800,0,standing,not-looking,5259,454,701,482,800,0,standing,not-looking,5260,448,701,475,800,0,standing,not-looking,5261,441,700,468,801,0,standing,not-looking,5262,434,699,461,801,0,standing,not-looking,5263,428,698,454,801,0,standing,not-looking,5264,421,697,447,801,0,standing,not-looking,5265,413,697,439,805,0,standing,not-looking,5266,407,697,434,809,1,standing,not-looking,5267,397,695,423,808,1,standing,not-looking,5268,390,695,416,808,2,standing,not-looking,5269,381,694,407,806,2,standing,not-looking,5270,372,693,398,805,2,standing,not-looking,5271,363,691,389,804,2,standing,not-looking,5272,354,690,380,803,2,standing,not-looking,5273,345,689,372,801,2,standing,not-looking,5274,336,688,362,800,2,standing,not-looking,5275,326,687,352,799,2,standing,not-looking,5276,316,686,342,799,1,standing,not-looking,5277,303,685,331,808,1,standing,not-looking,5278,291,680,322,810,0,standing,not-looking
3_17_967,13112,425,719,465,810,2,standing,not-looking,13113,421,718,461,810,2,standing,not-looking,13114,418,718,458,809,2,standing,not-looking,13115,414,717,454,808,2,standing,not-looking,13116,406,717,446,809,1,standing,not-looking,13117,397,719,437,819,1,standing,not-looking,13118,394,719,435,821,0,standing,not-looking,13119,388,718,430,821,0,standing,not-looking,13120,382,717,425,822,0,standing,not-looking,13121,376,715,421,822,0,standing,not-looking,13122,370,714,416,823,0,standing,not-looking,13123,364,713,411,823,0,standing,not-looking,13124,358,712,404,823,0,standing,not-looking,13125,351,711,397,823,0,standing,not-looking,13126,345,711,390,823,0,standing,not-looking,13127,339,710,383,823,0,standing,not-looking,13128,332,709,376,823,0,standing,not-looking,13129,324,708,369,824,0,standing,not-looking,13130,315,706,362,824,0,standing,not-looking,13131,307,704,355,824,0,standing,not-looking,13132,299,702,348,824,0,standing,not-looking,13133,290,701,341,825,0,standing,not-looking,13134,281,699,333,824,0,standing,not-looking,13135,272,697,325,824,0,standing,not-looking,13136,264,695,317,823,0,standing,not-looking,13137,255,693,309,823,0,standing,not-looking,13138,246,691,301,822,0,standing,not-looking,13139,236,690,291,822,0,standing,not-looking,13140,227,689,282,822,0,standing,not-looking,13141,217,688,272,823,0,standing,not-looking,13142,208,687,263,823,0,standing,not-looking,13143,198,686,254,823,0,standing,not-looking
3_17_954,2967,1080,738,1131,856,1,standing,looking,2968,1082,735,1133,856,1,standing,looking,2969,1085,733,1136,855,1,standing,looking,2970,1087,731,1138,855,1,standing,looking,2971,1090,728,1140,855,1,standing,looking,2972,1092,727,1144,856,1,standing,looking,2973,1094,726,1149,857,1,standing,looking,2974,1096,724,1153,858,1,standing,looking,2975,1099,723,1158,858,1,standing,looking,2976,1101,721,1162,859,1,standing,looking,2977,1104,721,1166,861,1,standing,looking,2978,1108,720,1170,862,1,standing,looking,2979,1111,720,1174,864,1,standing,looking,2980,1115,719,1178,865,1,standing,looking,2981,1118,719,1182,867,1,standing,looking,2982,1122,718,1188,868,1,standing,looking,2983,1126,716,1194,869,1,standing,looking,2984,1130,715,1199,870,1,standing,looking,2985,1134,714,1205,871,1,standing,looking,2986,1139,711,1212,874,1,standing,looking,2987,1144,708,1220,877,0,standing,looking,2988,1149,706,1226,879,0,standing,looking,2989,1154,703,1233,882,0,standing,looking,2990,1158,701,1240,884,0,standing,looking,2991,1163,699,1247,886,0,standing,looking,2992,1170,698,1256,890,0,standing,looking,2993,1177,696,1265,895,0,standing,looking,2994,1184,695,1274,899,0,standing,looking,2995,1190,693,1283,903,0,standing,looking,2996,1197,691,1292,907,0,standing,looking,2997,1204,690,1301,911,0,standing,looking,2998,1211,686,1310,916,0,standing,looking
3_17_952,2592,1105,722,1146,849,0,standing,looking,2593,1106,722,1148,850,0,standing,looking,2594,1107,722,1150,852,0,standing,looking,2595,1109,721,1153,852,0,standing,looking,2596,1111,720,1155,853,0,standing,looking,2597,1113,719,1158,854,0,standing,looking,2598,1115,718,1161,855,0,standing,looking,2599,1117,717,1164,856,0,standing,looking,2600,1119,716,1167,857,0,standing,looking,2601,1121,715,1170,858,0,standing,looking,2602,1123,715,1172,858,0,standing,looking,2603,1125,714,1175,859,0,standing,looking,2604,1127,713,1178,860,0,standing,looking,2605,1130,712,1182,861,0,standing,looking,2606,1133,712,1186,863,0,standing,looking,2607,1136,711,1190,864,0,standing,looking,2608,1139,711,1194,865,0,standing,looking,2609,1142,710,1198,867,0,standing,looking,2610,1145,709,1202,868,0,standing,looking,2611,1148,709,1206,869,0,standing,looking,2612,1151,708,1210,870,0,standing,looking,2613,1154,708,1213,872,0,standing,looking,2614,1157,707,1217,873,0,standing,looking,2615,1161,706,1222,875,0,standing,looking,2616,1165,706,1227,878,0,standing,looking,2617,1169,705,1232,880,0,standing,looking,2618,1173,704,1237,883,0,standing,looking,2619,1177,703,1241,885,0,standing,looking,2620,1180,702,1246,887,0,standing,looking,2621,1184,702,1251,890,0,standing,looking,2622,1188,701,1256,892,0,standing,looking,2623,1192,700,1261,895,0,standing,looking
3_17_958,5354,1300,728,1323,818,1,standing,looking,5355,1305,728,1328,819,1,standing,looking,5356,1309,728,1333,820,1,standing,looking,5357,1315,728,1338,822,1,standing,looking,5358,1321,727,1344,823,1,standing,looking,5359,1327,727,1350,824,1,standing,looking,5360,1333,727,1356,826,1,standing,looking,5361,1339,726,1362,828,1,standing,looking,5362,1345,725,1369,828,1,standing,looking,5363,1352,725,1375,828,1,standing,looking,5364,1358,724,1382,829,1,standing,looking,5365,1365,723,1388,829,1,standing,looking,5366,1372,723,1395,830,1,standing,looking,5367,1379,722,1403,831,1,standing,looking,5368,1387,721,1411,833,1,standing,looking,5369,1394,720,1419,834,1,standing,looking,5370,1402,719,1427,836,1,standing,looking,5371,1410,718,1435,837,1,standing,not-looking,5372,1417,717,1444,838,1,standing,not-looking,5373,1425,717,1454,839,1,standing,not-looking,5374,1433,716,1464,840,1,standing,not-looking,5375,1440,715,1474,841,1,standing,not-looking,5376,1448,714,1483,842,1,standing,not-looking,5377,1459,712,1495,844,1,standing,not-looking,5378,1470,711,1507,845,1,standing,not-looking,5379,1481,709,1519,847,1,standing,not-looking,5380,1492,708,1532,848,1,standing,not-looking,5381,1503,706,1544,850,1,standing,not-looking,5382,1514,705,1556,851,1,walking,not-looking,5383,1525,703,1568,853,1,walking,not-looking,5384,1536,702,1580,854,1,walking,not-looking,5385,1547,700,1592,856,1,walking,not-looking
3_17_953,2963,1090,734,1129,858,0,standing,not-looking,2964,1092,733,1131,858,0,standing,not-looking,2965,1093,732,1134,859,0,standing,not-looking,2966,1095,732,1137,860,0,standing,not-looking,2967,1097,731,1140,861,0,standing,not-looking,2968,1098,730,1143,862,0,standing,not-looking,2969,1100,729,1146,863,0,standing,not-looking,2970,1103,727,1150,863,0,standing,not-looking,2971,1106,725,1155,863,0,standing,not-looking,2972,1109,724,1159,863,0,standing,not-looking,2973,1113,722,1163,863,0,standing,not-looking,2974,1116,720,1168,863,0,standing,not-looking,2975,1119,720,1173,865,0,standing,not-looking,2976,1122,719,1177,867,0,standing,not-looking,2977,1124,718,1182,869,0,standing,not-looking,2978,1127,717,1187,871,0,standing,not-looking,2979,1130,716,1192,873,0,standing,not-looking,2980,1136,714,1198,875,0,standing,not-looking,2981,1141,711,1204,876,0,standing,not-looking,2982,1147,708,1210,878,0,standing,not-looking,2983,1153,706,1216,879,0,standing,not-looking,2984,1158,703,1222,880,0,standing,not-looking,2985,1165,701,1230,882,0,standing,not-looking,2986,1172,698,1238,883,0,standing,not-looking,2987,1178,696,1246,884,0,standing,not-looking,2988,1185,694,1254,886,0,standing,not-looking,2989,1192,692,1262,887,0,standing,not-looking,2990,1200,690,1272,891,0,standing,not-looking,2991,1208,688,1283,896,0,standing,not-looking,2992,1217,686,1293,900,0,standing,not-looking,2993,1225,684,1303,904,0,standing,not-looking,2994,1233,682,1314,908,0,standing,not-looking
3_17_950,2292,1244,710,1292,861,0,standing,not-looking,2293,1247,708,1296,861,0,standing,not-looking,2294,1250,707,1300,861,0,standing,not-looking,2295,1253,705,1304,861,0,standing,not-looking,2296,1256,704,1308,862,0,standing,not-looking,2297,1260,703,1313,863,0,standing,not-looking,2298,1264,701,1317,864,0,standing,not-looking,2299,1267,700,1322,864,0,standing,not-looking,2300,1271,699,1326,865,0,standing,not-looking,2301,1275,699,1330,866,0,standing,not-looking,2302,1279,698,1334,867,0,standing,not-looking,2303,1283,698,1338,868,0,standing,not-looking,2304,1287,697,1342,869,0,standing,not-looking,2305,1291,697,1346,870,0,standing,not-looking,2306,1295,696,1350,871,0,standing,not-looking,2307,1299,696,1354,872,0,standing,not-looking,2308,1303,695,1358,873,0,standing,not-looking,2309,1308,695,1363,875,0,standing,not-looking,2310,1313,696,1368,877,0,standing,not-looking,2311,1318,696,1373,878,0,standing,not-looking,2312,1323,696,1378,880,0,standing,not-looking,2313,1327,697,1382,882,0,standing,not-looking,2314,1331,696,1388,883,0,standing,not-looking,2315,1336,694,1393,885,0,standing,not-looking,2316,1340,693,1399,887,0,standing,not-looking,2317,1344,692,1404,888,0,standing,not-looking,2318,1348,691,1409,890,0,standing,not-looking,2319,1352,690,1415,891,0,standing,not-looking,2320,1356,688,1420,893,0,standing,not-looking,2321,1360,687,1426,895,0,standing,not-looking,2322,1364,686,1431,896,0,standing,not-looking,2323,1368,685,1436,898,0,standing,not-looking
3_17_960,8045,508,721,545,809,0,standing,not-looking,8046,503,720,541,809,0,standing,not-looking,8047,498,720,536,809,0,standing,not-looking,8048,492,720,531,809,0,standing,not-looking,8049,487,720,525,809,0,standing,not-looking,8050,481,719,520,810,0,standing,not-looking,8051,476,719,515,810,0,standing,not-looking,8052,470,718,510,810,0,standing,not-looking,8053,464,717,505,811,0,standing,not-looking,8054,457,716,498,812,1,standing,not-looking,8055,449,715,490,812,1,standing,not-looking,8056,441,714,483,813,2,standing,not-looking,8057,434,713,476,813,2,standing,not-looking,8058,426,712,469,814,2,standing,not-looking,8059,418,711,462,814,2,standing,not-looking,8060,410,710,455,815,2,standing,not-looking,8061,403,709,447,816,2,standing,not-looking,8062,395,708,440,816,2,standing,not-looking,8063,387,707,433,817,2,standing,not-looking,8064,380,706,426,817,2,standing,not-looking,8065,372,705,419,818,2,standing,not-looking,8066,364,704,412,818,2,standing,not-looking,8067,357,703,405,819,2,standing,not-looking,8068,349,702,397,820,2,standing,not-looking,8069,341,701,390,820,2,standing,not-looking,8070,334,700,383,821,1,standing,not-looking,8071,326,699,376,821,0,standing,not-looking,8072,315,698,366,821,0,standing,not-looking,8073,305,697,356,820,0,standing,not-looking,8074,294,696,345,820,0,standing,not-looking,8075,284,695,335,820,0,standing,not-looking,8076,273,694,325,819,0,standing,not-looking
3_17_956,5024,1204,734,1223,817,0,standing,looking,5025,1209,734,1228,818,0,standing,looking,5026,1213,734,1233,819,0,standing,looking,5027,1217,733,1237,820,0,standing,looking,5028,1221,733,1242,821,0,standing,looking,5029,1225,733,1246,821,0,standing,looking,5030,1229,732,1251,822,0,standing,looking,5031,1234,732,1256,824,0,standing,looking,5032,1238,733,1261,826,0,standing,looking,5033,1242,733,1266,828,0,standing,looking,5034,1247,733,1271,829,0,standing,looking,5035,1251,733,1276,831,0,standing,looking,5036,1257,732,1282,833,0,standing,looking,5037,1263,731,1289,834,0,standing,looking,5038,1268,730,1295,836,0,standing,looking,5039,1274,729,1301,837,0,standing,looking,5040,1280,729,1307,839,0,standing,looking,5041,1286,727,1314,839,0,standing,looking,5042,1293,726,1322,840,0,standing,looking,5043,1300,725,1329,840,0,standing,looking,5044,1306,724,1337,841,0,standing,looking,5045,1313,723,1344,841,0,standing,looking,5046,1320,722,1352,843,0,standing,looking,5047,1328,722,1360,845,0,standing,looking,5048,1336,721,1368,846,0,standing,looking,5049,1343,721,1376,848,0,standing,looking,5050,1351,720,1384,849,0,standing,looking,5051,1360,718,1394,852,0,standing,looking,5052,1370,716,1405,854,0,standing,looking,5053,1379,715,1415,856,0,standing,looking,5054,1388,713,1425,858,0,standing,looking,5055,1398,711,1436,860,0,standing,looking
3_18_985,16049,1170,734,1186,811,0,standing,not-looking,16050,1173,733,1189,811,0,standing,not-looking,16051,1176,733,1192,812,0,standing,not-looking,16052,1180,734,1196,813,0,standing,not-looking,16053,1183,734,1200,814,0,standing,not-looking,16054,1187,734,1203,814,0,standing,not-looking,16055,1190,734,1207,815,0,standing,not-looking,16056,1194,734,1211,816,0,standing,not-looking,16057,1198,734,1216,818,0,standing,not-looking,16058,1202,734,1220,819,0,standing,not-looking,16059,1206,734,1224,820,0,standing,not-looking,16060,1210,734,1229,822,0,standing,not-looking,16061,1214,733,1234,823,0,standing,not-looking,16062,1219,732,1240,824,0,standing,not-looking,16063,1224,730,1245,825,0,standing,not-looking,16064,1229,729,1250,827,0,standing,not-looking,16065,1233,728,1256,828,0,standing,not-looking,16066,1238,727,1262,829,0,standing,not-looking,16067,1243,727,1268,830,0,standing,not-looking,16068,1248,727,1274,831,0,standing,not-looking,16069,1253,727,1280,832,0,standing,not-looking,16070,1258,727,1287,833,0,standing,not-looking,16071,1266,724,1295,833,0,standing,not-looking,16072,1274,722,1303,833,0,standing,not-looking,16073,1282,720,1311,833,0,standing,not-looking,16074,1290,717,1319,833,0,standing,not-looking,16075,1297,715,1327,834,0,standing,not-looking,16076,1307,714,1337,836,0,standing,not-looking,16077,1317,713,1347,838,0,standing,not-looking,16078,1327,712,1358,841,0,standing,not-looking,16079,1337,711,1368,843,0,standing,not-looking,16080,1347,710,1378,846,0,standing,not-looking
3_18_980,15437,1208,728,1225,797,0,standing,not-looking,15438,1211,730,1228,800,0,standing,not-looking,15439,1215,729,1232,800,0,standing,not-looking,15440,1219,729,1237,801,0,standing,not-looking,15441,1222,729,1241,802,0,standing,not-looking,15442,1226,729,1245,802,0,standing,not-looking,15443,1231,728,1250,802,0,standing,not-looking,15444,1235,727,1254,802,0,standing,not-looking,15445,1239,726,1259,802,0,standing,not-looking,15446,1243,725,1264,802,0,standing,not-looking,15447,1248,724,1268,801,0,standing,not-looking,15448,1252,723,1273,801,0,standing,not-looking,15449,1257,724,1278,803,0,standing,not-looking,15450,1262,724,1283,805,0,standing,not-looking,15451,1267,725,1289,807,0,standing,not-looking,15452,1271,725,1294,809,0,standing,not-looking,15453,1277,724,1300,810,0,standing,not-looking,15454,1283,723,1306,810,0,standing,not-looking,15455,1289,722,1313,811,0,standing,not-looking,15456,1294,721,1319,812,0,standing,not-looking,15457,1300,720,1325,813,0,standing,not-looking,15458,1307,720,1332,814,0,standing,not-looking,15459,1313,720,1339,815,0,standing,not-looking,15460,1319,719,1345,816,0,standing,not-looking,15461,1325,719,1352,818,0,standing,not-looking,15462,1331,719,1358,819,0,standing,not-looking,15463,1337,718,1365,820,0,standing,not-looking,15464,1345,717,1373,820,0,standing,not-looking,15465,1352,715,1381,820,0,standing,not-looking,15466,1360,714,1388,820,0,standing,not-looking,15467,1367,712,1396,820,0,standing,not-looking,15468,1374,711,1404,820,0,standing,not-looking
3_18_972,12583,1290,727,1329,818,0,walking,looking,12584,1294,726,1332,818,0,walking,looking,12585,1297,726,1336,818,0,walking,looking,12586,1301,725,1339,818,0,walking,looking,12587,1305,724,1343,819,0,walking,looking,12588,1309,724,1347,820,0,walking,looking,12589,1313,724,1351,821,0,walking,looking,12590,1317,724,1355,821,0,walking,looking,12591,1321,723,1359,822,0,walking,looking,12592,1327,723,1364,823,0,walking,looking,12593,1332,722,1369,824,0,walking,looking,12594,1337,721,1373,825,0,walking,looking,12595,1342,720,1378,826,0,walking,looking,12596,1348,719,1383,827,0,walking,not-looking,12597,1355,718,1389,828,0,walking,not-looking,12598,1362,717,1395,829,0,walking,not-looking,12599,1368,717,1401,830,0,walking,not-looking,12600,1375,716,1407,831,0,walking,not-looking,12601,1382,715,1413,832,0,walking,not-looking,12602,1390,714,1420,833,0,walking,not-looking,12603,1398,713,1428,833,0,walking,not-looking,12604,1406,711,1436,834,0,walking,not-looking,12605,1414,711,1444,835,0,walking,not-looking,12606,1422,710,1452,836,0,walking,not-looking,12607,1432,711,1462,836,0,walking,not-looking,12608,1441,713,1472,839,1,walking,not-looking,12609,1450,714,1483,840,1,walking,not-looking,12610,1459,714,1494,841,1,walking,not-looking,12611,1471,715,1506,842,1,walking,not-looking,12612,1482,716,1517,844,1,walking,not-looking,12613,1491,710,1529,845,1,walking,not-looking,12614,1500,705,1542,846,1,walking,not-looking
3_18_983,16049,476,720,502,802,0,standing,not-looking,16050,469,719,496,802,0,standing,not-looking,16051,462,719,490,803,0,standing,not-looking,16052,456,718,484,803,0,standing,not-looking,16053,449,718,478,803,0,standing,not-looking,16054,440,717,470,804,0,standing,not-looking,16055,431,716,461,804,0,standing,not-looking,16056,422,715,453,805,0,standing,not-looking,16057,413,714,445,805,0,standing,not-looking,16058,404,713,437,805,0,standing,not-looking,16059,395,712,428,806,0,standing,not-looking,16060,386,711,420,806,0,standing,not-looking,16061,377,710,412,807,0,standing,not-looking,16062,368,709,403,807,0,standing,not-looking,16063,359,708,395,807,0,standing,not-looking,16064,348,707,384,808,0,standing,not-looking,16065,337,705,374,808,0,standing,not-looking,16066,326,704,363,809,0,standing,not-looking,16067,314,703,352,809,0,standing,not-looking,16068,303,702,341,810,0,standing,not-looking,16069,292,700,330,810,0,standing,not-looking,16070,281,697,319,809,0,standing,not-looking,16071,269,694,308,808,0,standing,not-looking,16072,258,691,297,806,0,standing,not-looking,16073,246,688,286,805,0,standing,not-looking,16074,231,686,272,806,0,standing,not-looking,16075,216,684,259,806,0,standing,not-looking,16076,201,681,245,807,0,standing,not-looking,16077,186,679,231,808,0,standing,not-looking,16078,170,677,217,808,0,standing,not-looking,16079,154,675,203,809,0,standing,not-looking,16080,139,673,189,810,0,standing,not-looking
3_18_973,12629,563,737,578,798,0,standing,not-looking,12630,559,737,574,799,0,standing,not-looking,12631,555,737,570,799,0,standing,not-looking,12632,551,736,566,800,0,standing,not-looking,12633,547,736,563,801,0,standing,not-looking,12634,543,736,559,802,0,standing,not-looking,12635,539,736,555,803,0,standing,not-looking,12636,535,736,551,804,0,standing,not-looking,12637,530,735,547,804,0,standing,not-looking,12638,526,734,542,803,0,standing,not-looking,12639,521,733,538,803,0,standing,not-looking,12640,517,732,534,803,0,standing,not-looking,12641,512,731,529,802,0,standing,not-looking,12642,507,730,524,802,0,standing,not-looking,12643,502,728,520,801,0,standing,not-looking,12644,497,727,515,801,0,standing,not-looking,12645,492,726,510,800,0,standing,not-looking,12646,487,725,506,800,0,standing,not-looking,12647,481,724,500,800,0,standing,not-looking,12648,476,724,494,800,0,standing,not-looking,12649,470,723,489,800,0,standing,not-looking,12650,464,723,483,801,0,standing,not-looking,12651,458,722,477,801,0,standing,not-looking,12652,451,722,471,802,0,standing,not-looking,12653,445,721,465,803,0,standing,not-looking,12654,439,721,459,804,0,standing,not-looking,12655,433,720,453,805,0,standing,not-looking,12656,426,719,447,807,0,standing,not-looking,12657,419,718,439,807,0,standing,not-looking,12658,411,717,432,807,0,standing,not-looking,12659,404,716,425,806,0,standing,not-looking,12660,396,715,418,806,0,standing,not-looking
3_18_982,16045,586,723,600,796,0,standing,not-looking,16046,581,722,596,796,0,standing,not-looking,16047,576,721,591,795,0,standing,not-looking,16048,572,720,586,795,0,standing,not-looking,16049,566,720,581,796,0,standing,not-looking,16050,560,720,576,797,0,standing,not-looking,16051,554,719,571,797,0,standing,not-looking,16052,548,719,565,798,0,standing,not-looking,16053,542,718,560,799,0,standing,not-looking,16054,536,718,555,799,0,standing,not-looking,16055,530,718,550,800,0,standing,not-looking,16056,524,717,544,801,0,standing,not-looking,16057,518,717,539,801,0,standing,not-looking,16058,512,716,534,802,0,standing,not-looking,16059,504,715,527,802,0,standing,not-looking,16060,496,714,519,803,0,standing,not-looking,16061,488,712,512,803,0,standing,not-looking,16062,480,711,505,803,0,standing,not-looking,16063,472,710,498,804,0,standing,not-looking,16064,464,709,490,804,0,standing,not-looking,16065,456,707,483,804,0,standing,not-looking,16066,448,706,476,804,0,standing,not-looking,16067,440,705,468,805,0,standing,not-looking,16068,432,704,461,805,0,standing,not-looking,16069,421,701,451,805,0,standing,not-looking,16070,410,699,441,805,0,standing,not-looking,16071,399,696,431,805,0,standing,not-looking,16072,389,694,421,805,0,standing,not-looking,16073,378,691,411,805,0,standing,not-looking,16074,367,689,401,805,0,standing,not-looking,16075,356,686,391,805,0,standing,not-looking,16076,346,684,381,805,0,standing,not-looking
3_18_984,16049,503,729,528,804,0,standing,not-looking,16050,496,728,521,805,0,standing,not-looking,16051,489,728,515,806,0,standing,not-looking,16052,482,727,508,806,0,standing,not-looking,16053,476,727,502,807,0,standing,not-looking,16054,469,726,496,808,0,standing,not-looking,16055,462,726,489,809,0,standing,not-looking,16056,455,726,483,810,0,standing,not-looking,16057,446,724,474,810,0,standing,not-looking,16058,437,723,466,810,0,standing,not-looking,16059,428,722,458,810,0,standing,not-looking,16060,419,721,449,810,0,standing,not-looking,16061,410,720,441,810,0,standing,not-looking,16062,401,719,433,810,0,standing,not-looking,16063,393,718,424,810,0,standing,not-looking,16064,384,717,416,810,0,standing,not-looking,16065,375,716,408,810,0,standing,not-looking,16066,366,714,399,810,0,standing,not-looking,16067,354,712,389,810,0,standing,not-looking,16068,343,710,378,810,0,standing,not-looking,16069,332,707,367,810,0,standing,not-looking,16070,320,705,356,809,0,standing,not-looking,16071,309,703,346,809,0,standing,not-looking,16072,297,700,335,809,0,standing,not-looking,16073,286,698,324,809,0,standing,not-looking,16074,274,695,313,809,0,standing,not-looking,16075,263,693,303,809,0,standing,not-looking,16076,251,691,292,809,0,standing,not-looking,16077,235,689,276,810,0,standing,not-looking,16078,220,687,261,810,0,standing,not-looking,16079,204,685,246,811,0,standing,not-looking,16080,188,684,230,812,0,standing,not-looking
3_18_976,14624,316,700,336,789,2,standing,not-looking,14625,311,699,330,789,2,standing,not-looking,14626,305,698,325,789,2,standing,not-looking,14627,299,698,319,789,2,standing,not-looking,14628,293,697,313,788,2,standing,not-looking,14629,288,696,308,788,2,standing,not-looking,14630,282,695,302,788,2,standing,not-looking,14631,276,694,296,788,2,standing,not-looking,14632,270,693,291,788,2,standing,not-looking,14633,265,693,285,788,2,standing,not-looking,14634,259,692,279,787,2,standing,not-looking,14635,253,691,274,787,2,standing,not-looking,14636,247,690,268,787,2,standing,not-looking,14637,242,689,262,787,2,standing,not-looking,14638,236,688,257,787,2,standing,not-looking,14639,230,688,251,787,2,standing,not-looking,14640,224,687,245,786,2,standing,not-looking,14641,218,686,240,786,2,standing,not-looking,14642,213,685,234,786,2,standing,not-looking,14643,207,684,228,786,2,standing,not-looking,14644,201,683,223,786,2,standing,not-looking,14645,195,683,217,786,2,standing,looking,14646,190,682,211,786,1,standing,looking,14647,182,681,204,786,1,standing,looking,14648,174,680,196,786,1,standing,looking,14649,166,678,188,786,1,standing,looking,14650,158,677,180,786,1,standing,looking,14651,150,676,173,786,0,standing,looking,14652,142,675,165,786,0,standing,looking,14653,134,674,157,787,0,standing,looking,14654,127,673,149,787,0,standing,looking,14655,119,672,142,787,0,standing,looking
3_18_987,17839,1207,742,1241,827,0,standing,not-looking,17840,1209,741,1243,829,0,standing,not-looking,17841,1210,741,1244,830,0,standing,not-looking,17842,1212,741,1246,831,0,standing,not-looking,17843,1214,741,1249,833,0,standing,not-looking,17844,1216,741,1251,834,0,standing,not-looking,17845,1218,741,1254,836,0,standing,not-looking,17846,1220,741,1256,837,0,standing,not-looking,17847,1223,742,1260,840,0,standing,not-looking,17848,1226,744,1263,843,0,standing,not-looking,17849,1229,745,1266,846,0,standing,not-looking,17850,1232,747,1270,849,0,standing,not-looking,17851,1235,748,1273,852,0,standing,not-looking,17852,1240,747,1278,852,0,standing,not-looking,17853,1244,745,1283,852,0,standing,not-looking,17854,1249,744,1287,852,0,standing,not-looking,17855,1253,743,1292,852,0,standing,not-looking,17856,1257,742,1297,852,0,standing,not-looking,17857,1263,738,1303,852,0,standing,not-looking,17858,1268,735,1310,851,0,standing,not-looking,17859,1274,731,1316,850,0,standing,not-looking,17860,1279,728,1322,849,0,standing,not-looking,17861,1284,725,1329,849,0,standing,not-looking,17862,1293,725,1338,852,0,standing,not-looking,17863,1302,725,1347,855,0,standing,not-looking,17864,1311,725,1356,858,0,standing,not-looking,17865,1320,725,1365,861,0,standing,not-looking,17866,1329,725,1374,864,0,standing,not-looking,17867,1339,724,1386,866,0,standing,not-looking,17868,1348,722,1397,869,0,standing,not-looking,17869,1358,721,1408,871,0,standing,not-looking,17870,1367,720,1419,874,0,standing,not-looking
3_18_975,14589,439,716,456,787,0,standing,not-looking,14590,436,716,453,787,0,standing,not-looking,14591,433,715,450,787,0,standing,not-looking,14592,429,715,447,786,0,standing,not-looking,14593,426,714,444,786,0,standing,not-looking,14594,423,714,441,786,0,standing,not-looking,14595,420,713,438,786,0,standing,not-looking,14596,417,712,435,786,0,standing,not-looking,14597,414,712,432,786,0,standing,not-looking,14598,411,711,429,786,0,standing,not-looking,14599,408,711,426,786,0,standing,not-looking,14600,404,710,422,786,0,standing,not-looking,14601,400,710,418,786,0,standing,not-looking,14602,396,709,415,786,0,standing,not-looking,14603,392,709,411,786,0,standing,not-looking,14604,388,708,407,786,0,standing,not-looking,14605,384,708,404,786,0,standing,not-looking,14606,380,708,400,786,0,standing,not-looking,14607,376,707,396,786,0,standing,not-looking,14608,372,707,393,786,0,standing,not-looking,14609,368,706,389,786,0,standing,not-looking,14610,364,705,385,785,0,standing,not-looking,14611,359,704,381,785,0,standing,not-looking,14612,355,703,377,785,0,standing,not-looking,14613,351,702,373,785,0,standing,not-looking,14614,346,701,369,784,0,standing,not-looking,14615,342,700,365,784,0,standing,not-looking,14616,338,700,361,784,0,standing,not-looking,14617,333,699,357,783,0,standing,not-looking,14618,329,698,353,783,0,standing,not-looking,14619,325,697,349,783,0,standing,not-looking,14620,320,695,344,782,0,standing,not-looking
3_18_971,11894,1283,731,1306,818,0,standing,not-looking,11895,1288,731,1311,819,0,standing,not-looking,11896,1293,731,1316,820,0,standing,not-looking,11897,1298,731,1322,822,0,standing,not-looking,11898,1303,730,1327,822,0,standing,not-looking,11899,1309,729,1333,823,0,standing,not-looking,11900,1314,727,1339,823,0,standing,not-looking,11901,1320,726,1345,824,0,standing,not-looking,11902,1326,725,1350,824,0,standing,not-looking,11903,1332,725,1358,825,0,standing,not-looking,11904,1338,724,1365,826,0,standing,not-looking,11905,1344,724,1372,827,0,standing,not-looking,11906,1350,724,1379,829,0,standing,not-looking,11907,1357,723,1386,830,0,standing,not-looking,11908,1364,722,1395,831,0,standing,not-looking,11909,1371,721,1403,832,0,standing,not-looking,11910,1379,720,1412,833,0,standing,not-looking,11911,1386,719,1420,835,0,standing,not-looking,11912,1394,717,1428,836,0,standing,not-looking,11913,1403,717,1438,838,0,standing,not-looking,11914,1412,717,1447,839,0,standing,not-looking,11915,1421,717,1456,841,0,standing,not-looking,11916,1430,717,1466,843,0,standing,not-looking,11917,1439,717,1475,844,0,standing,not-looking,11918,1448,713,1485,845,0,standing,not-looking,11919,1457,708,1496,845,0,standing,not-looking,11920,1468,707,1509,846,0,standing,not-looking,11921,1480,706,1522,848,0,standing,not-looking,11922,1492,704,1535,849,0,standing,not-looking,11923,1504,703,1548,850,0,standing,not-looking,11924,1516,702,1561,851,0,standing,not-looking,11925,1528,701,1574,853,0,standing,not-looking
3_18_977,14686,623,738,649,799,0,standing,not-looking,14687,631,739,657,801,0,standing,not-looking,14688,638,740,665,803,0,standing,not-looking,14689,646,741,672,804,0,standing,not-looking,14690,654,742,680,805,0,standing,not-looking,14691,661,743,688,806,0,standing,not-looking,14692,669,744,695,808,0,standing,not-looking,14693,676,745,703,809,0,standing,not-looking,14694,684,746,711,810,0,standing,not-looking,14695,691,747,718,812,0,standing,not-looking,14696,699,748,726,813,0,standing,not-looking,14697,706,749,734,814,0,standing,not-looking,14698,714,750,741,815,0,standing,not-looking,14699,722,749,750,816,0,standing,not-looking,14700,730,749,759,817,0,standing,not-looking,14701,739,748,768,817,0,standing,not-looking,14702,746,749,775,818,0,standing,not-looking,14703,759,748,788,818,0,standing,not-looking,14704,771,746,800,818,0,standing,not-looking,14705,783,745,811,819,0,standing,not-looking,14706,795,744,823,819,0,standing,not-looking,14707,808,743,835,819,0,standing,not-looking,14708,820,742,847,819,0,standing,not-looking,14709,832,740,859,819,0,standing,not-looking,14710,844,739,871,819,0,standing,not-looking,14711,857,738,883,819,0,standing,not-looking,14712,869,737,895,820,0,standing,not-looking,14713,881,736,907,820,0,standing,not-looking,14714,895,735,921,821,0,standing,not-looking,14715,909,735,935,821,0,standing,not-looking,14716,923,734,950,822,0,standing,not-looking,14717,937,733,964,823,0,standing,not-looking
3_18_979,15432,1247,730,1271,794,0,standing,not-looking,15433,1251,730,1276,795,0,standing,not-looking,15434,1255,730,1280,796,0,standing,not-looking,15435,1259,729,1285,797,0,standing,not-looking,15436,1263,729,1290,797,0,standing,not-looking,15437,1268,730,1295,799,0,standing,not-looking,15438,1273,731,1300,801,0,standing,not-looking,15439,1278,732,1305,802,0,standing,not-looking,15440,1283,733,1310,804,0,standing,not-looking,15441,1288,731,1316,804,0,standing,not-looking,15442,1294,730,1322,804,0,standing,not-looking,15443,1299,728,1328,804,0,standing,not-looking,15444,1305,727,1334,804,0,standing,not-looking,15445,1311,725,1340,803,0,standing,not-looking,15446,1316,724,1346,803,0,standing,not-looking,15447,1323,724,1353,805,0,standing,not-looking,15448,1330,725,1360,807,0,standing,not-looking,15449,1336,725,1367,808,0,standing,not-looking,15450,1341,726,1377,810,0,standing,not-looking,15451,1348,726,1384,812,0,standing,not-looking,15452,1356,726,1392,813,0,standing,not-looking,15453,1363,726,1400,814,0,standing,not-looking,15454,1374,726,1407,816,0,standing,not-looking,15455,1380,724,1416,816,0,standing,not-looking,15456,1387,722,1424,816,0,standing,not-looking,15457,1394,720,1433,816,0,standing,not-looking,15458,1404,720,1443,817,0,standing,not-looking,15459,1415,719,1454,819,0,standing,not-looking,15460,1425,719,1465,820,0,standing,not-looking,15461,1435,718,1476,821,0,standing,not-looking,15462,1444,717,1487,823,0,standing,not-looking,15463,1454,716,1499,824,0,standing,not-looking
3_18_978,15020,1074,742,1087,780,0,standing,not-looking,15021,1075,743,1089,780,0,standing,not-looking,15022,1076,743,1090,781,0,standing,not-looking,15023,1077,743,1091,782,0,standing,not-looking,15024,1079,744,1093,782,0,standing,not-looking,15025,1080,744,1094,783,0,standing,not-looking,15026,1081,744,1095,784,0,standing,not-looking,15027,1082,745,1097,784,0,standing,not-looking,15028,1084,745,1098,785,0,standing,not-looking,15029,1085,745,1099,786,0,standing,not-looking,15030,1086,746,1101,786,0,standing,not-looking,15031,1088,746,1102,787,0,standing,not-looking,15032,1089,746,1104,787,0,standing,not-looking,15033,1090,746,1105,788,0,standing,not-looking,15034,1092,747,1107,788,0,standing,not-looking,15035,1093,746,1108,788,0,standing,not-looking,15036,1094,745,1110,787,0,standing,not-looking,15037,1096,744,1111,786,0,standing,not-looking,15038,1097,743,1113,786,0,standing,not-looking,15039,1099,742,1114,785,0,standing,not-looking,15040,1100,743,1116,786,0,standing,not-looking,15041,1101,743,1117,787,0,standing,not-looking,15042,1103,744,1119,788,0,standing,not-looking,15043,1104,744,1120,789,0,standing,not-looking,15044,1105,745,1121,790,0,standing,not-looking,15045,1107,745,1123,790,0,standing,not-looking,15046,1108,744,1124,790,0,standing,not-looking,15047,1109,744,1126,790,0,standing,not-looking,15048,1111,744,1127,790,0,standing,not-looking,15049,1112,743,1128,790,0,standing,not-looking,15050,1113,743,1130,790,0,standing,not-looking,15051,1114,743,1131,790,0,standing,not-looking
3_18_986,17839,1188,732,1216,827,0,standing,looking,17840,1189,731,1218,828,0,standing,looking,17841,1190,731,1219,828,0,standing,looking,17842,1192,731,1221,830,0,standing,looking,17843,1193,730,1222,831,0,standing,looking,17844,1195,730,1224,832,0,standing,looking,17845,1196,730,1226,833,0,standing,looking,17846,1198,729,1228,834,0,standing,looking,17847,1200,731,1231,837,0,standing,looking,17848,1203,732,1234,840,0,standing,looking,17849,1205,733,1238,843,0,standing,looking,17850,1208,734,1241,846,0,standing,looking,17851,1210,735,1244,849,0,standing,not-looking,17852,1213,736,1248,852,0,standing,not-looking,17853,1217,736,1251,854,0,standing,not-looking,17854,1220,734,1255,853,0,standing,not-looking,17855,1224,731,1259,853,0,standing,not-looking,17856,1228,728,1263,852,0,standing,not-looking,17857,1232,724,1269,850,0,standing,not-looking,17858,1237,719,1275,848,0,standing,not-looking,17859,1243,716,1282,847,0,standing,not-looking,17860,1248,713,1289,846,0,standing,not-looking,17861,1254,710,1296,846,0,standing,not-looking,17862,1261,710,1303,849,0,standing,not-looking,17863,1267,710,1311,852,0,standing,not-looking,17864,1274,710,1318,855,0,standing,not-looking,17865,1281,710,1326,858,0,standing,not-looking,17866,1288,710,1334,861,0,standing,not-looking,17867,1296,708,1343,864,0,standing,not-looking,17868,1304,707,1353,866,0,standing,not-looking,17869,1313,705,1363,869,0,standing,not-looking,17870,1321,703,1372,871,0,standing,not-looking
3_18_974,14616,363,705,387,791,0,standing,not-looking,14617,358,706,382,791,1,standing,not-looking,14618,353,706,376,792,1,standing,not-looking,14619,347,707,371,792,1,standing,not-looking,14620,342,707,365,793,1,standing,not-looking,14621,336,707,360,792,1,standing,not-looking,14622,331,706,354,792,2,standing,not-looking,14623,325,705,350,792,2,standing,not-looking,14624,319,704,346,792,2,standing,not-looking,14625,314,702,342,792,1,standing,not-looking,14626,311,696,338,792,1,standing,not-looking,14627,305,694,332,791,1,standing,not-looking,14628,299,691,326,791,0,standing,not-looking,14629,293,691,320,791,0,standing,not-looking,14630,288,690,315,791,0,standing,not-looking,14631,283,690,310,791,0,standing,not-looking,14632,276,689,303,791,0,standing,not-looking,14633,269,688,297,792,0,standing,not-looking,14634,263,687,290,792,0,standing,not-looking,14635,256,687,284,792,0,standing,not-looking,14636,249,686,277,792,0,standing,not-looking,14637,243,685,271,793,0,standing,not-looking,14638,236,684,265,793,0,standing,not-looking,14639,229,683,258,793,0,standing,not-looking,14640,223,682,252,793,0,standing,not-looking,14641,216,682,245,794,0,standing,not-looking,14642,208,680,238,794,0,standing,not-looking,14643,200,679,230,794,0,standing,not-looking,14644,193,678,222,794,0,standing,not-looking,14645,185,676,214,794,0,standing,not-looking,14646,177,675,207,794,0,standing,not-looking,14647,169,673,199,794,0,standing,not-looking
3_18_981,16045,574,727,595,799,0,standing,not-looking,16046,569,727,590,799,0,standing,not-looking,16047,565,726,586,800,0,standing,not-looking,16048,558,726,580,801,0,standing,not-looking,16049,552,725,573,801,0,standing,not-looking,16050,546,724,567,802,0,standing,not-looking,16051,540,724,561,803,0,standing,not-looking,16052,533,723,555,803,0,standing,not-looking,16053,527,722,549,804,0,standing,not-looking,16054,521,722,542,805,0,standing,not-looking,16055,514,721,536,805,0,standing,not-looking,16056,508,720,530,806,0,standing,not-looking,16057,502,720,524,807,0,standing,not-looking,16058,494,718,516,807,0,standing,not-looking,16059,485,717,509,807,0,standing,not-looking,16060,477,716,501,807,0,standing,not-looking,16061,469,715,493,808,0,standing,not-looking,16062,461,714,486,808,0,standing,not-looking,16063,452,712,478,808,0,standing,not-looking,16064,444,711,470,808,0,standing,not-looking,16065,436,710,463,809,0,standing,not-looking,16066,428,709,455,809,0,standing,not-looking,16067,420,708,447,809,0,standing,not-looking,16068,409,705,437,809,0,standing,not-looking,16069,397,703,426,808,0,standing,not-looking,16070,386,700,415,808,0,standing,not-looking,16071,375,698,404,808,0,standing,not-looking,16072,364,696,393,807,0,standing,not-looking,16073,353,693,383,807,0,standing,not-looking,16074,342,691,372,807,0,standing,not-looking,16075,331,688,361,806,0,standing,not-looking,16076,320,686,350,806,0,standing,not-looking
3_19_998,9588,1170,702,1215,858,0,standing,not-looking,9589,1170,702,1216,859,0,standing,not-looking,9590,1171,702,1217,860,0,standing,not-looking,9591,1172,702,1218,860,0,standing,not-looking,9592,1172,702,1219,861,0,standing,not-looking,9593,1173,702,1220,862,0,standing,not-looking,9594,1174,702,1221,863,0,standing,not-looking,9595,1174,702,1222,863,0,standing,not-looking,9596,1175,703,1223,864,0,standing,not-looking,9597,1175,703,1224,865,0,standing,not-looking,9598,1176,703,1225,866,0,standing,not-looking,9599,1177,703,1226,866,0,standing,not-looking,9600,1177,703,1227,867,0,standing,not-looking,9601,1178,703,1228,868,0,standing,not-looking,9602,1180,703,1231,869,0,standing,not-looking,9603,1182,702,1233,869,0,standing,not-looking,9604,1184,702,1235,870,0,standing,not-looking,9605,1185,702,1237,871,0,standing,not-looking,9606,1187,702,1239,871,0,standing,not-looking,9607,1189,701,1241,872,0,standing,not-looking,9608,1191,701,1243,873,0,standing,not-looking,9609,1193,701,1245,873,0,standing,not-looking,9610,1195,701,1248,874,0,standing,not-looking,9611,1197,700,1250,874,0,standing,not-looking,9612,1198,700,1252,875,0,standing,not-looking,9613,1200,700,1254,876,0,standing,not-looking,9614,1202,700,1256,876,0,standing,not-looking,9615,1204,699,1258,877,0,standing,not-looking,9616,1206,699,1260,878,0,standing,not-looking,9617,1209,698,1264,879,0,standing,not-looking,9618,1212,697,1268,880,0,standing,not-looking,9619,1215,695,1271,881,0,standing,not-looking
3_19_994,7535,697,642,737,778,0,standing,not-looking,7536,695,642,735,780,0,standing,not-looking,7537,693,643,734,782,0,standing,not-looking,7538,691,644,732,785,0,standing,not-looking,7539,689,645,730,787,0,standing,not-looking,7540,686,644,728,788,0,standing,not-looking,7541,684,644,726,790,0,standing,not-looking,7542,681,643,723,791,0,standing,not-looking,7543,678,643,721,792,0,standing,not-looking,7544,675,642,719,794,0,standing,not-looking,7545,673,641,717,795,0,standing,not-looking,7546,670,641,714,796,0,standing,not-looking,7547,667,640,712,798,0,standing,not-looking,7548,665,640,710,799,0,standing,not-looking,7549,662,639,707,800,0,standing,not-looking,7550,658,638,705,801,0,standing,not-looking,7551,655,636,702,802,0,standing,not-looking,7552,651,635,699,803,0,standing,not-looking,7553,647,634,696,804,0,standing,not-looking,7554,644,632,694,805,0,standing,not-looking,7555,640,632,690,807,0,standing,not-looking,7556,636,631,687,808,0,standing,not-looking,7557,632,631,684,810,0,standing,not-looking,7558,627,630,681,812,0,standing,not-looking,7559,623,630,677,813,0,standing,not-looking,7560,619,629,674,815,0,standing,not-looking,7561,615,629,671,817,0,standing,not-looking,7562,611,628,667,819,0,standing,not-looking,7563,607,628,664,820,0,standing,not-looking,7564,603,627,661,822,0,standing,not-looking,7565,598,627,656,824,0,standing,not-looking,7566,592,626,652,827,0,standing,not-looking
3_19_999,9658,217,738,245,823,0,standing,not-looking,9659,214,738,242,824,0,standing,not-looking,9660,211,738,239,824,0,standing,not-looking,9661,208,738,236,824,0,standing,not-looking,9662,205,738,233,824,0,standing,not-looking,9663,202,738,230,824,0,standing,not-looking,9664,197,738,226,823,0,standing,not-looking,9665,193,737,222,823,0,standing,not-looking,9666,189,737,218,822,0,standing,not-looking,9667,185,736,214,822,0,standing,not-looking,9668,181,736,210,821,0,standing,not-looking,9669,176,734,205,821,0,standing,not-looking,9670,170,733,200,821,0,standing,not-looking,9671,165,732,196,821,0,standing,not-looking,9672,160,730,191,820,0,standing,not-looking,9673,155,729,186,820,0,standing,not-looking,9674,150,729,181,820,0,standing,not-looking,9675,145,728,176,819,0,standing,not-looking,9676,140,728,171,819,0,standing,not-looking,9677,135,728,167,819,0,standing,not-looking,9678,130,727,162,818,0,standing,not-looking,9679,125,728,156,819,0,standing,not-looking,9680,120,728,150,821,0,standing,not-looking,9681,115,728,145,822,0,standing,not-looking,9682,111,728,139,823,0,standing,not-looking,9683,106,728,134,824,0,standing,not-looking,9684,100,728,128,824,0,standing,not-looking,9685,93,727,123,824,0,standing,not-looking,9686,87,726,117,824,0,standing,not-looking,9687,81,726,112,823,0,standing,not-looking,9688,75,725,107,823,0,standing,not-looking,9689,69,724,100,822,0,standing,not-looking
3_19_993,4329,682,731,703,807,0,standing,not-looking,4330,678,731,700,808,0,standing,not-looking,4331,674,730,696,809,0,standing,not-looking,4332,670,729,692,810,0,standing,not-looking,4333,666,728,688,810,0,walking,not-looking,4334,662,728,684,811,0,walking,not-looking,4335,658,727,680,812,0,walking,not-looking,4336,651,726,676,813,0,walking,not-looking,4337,645,725,671,813,0,walking,not-looking,4338,639,724,667,814,0,walking,not-looking,4339,632,723,662,814,0,walking,not-looking,4340,626,722,658,815,0,walking,not-looking,4341,620,722,652,816,0,walking,not-looking,4342,613,722,647,818,0,walking,not-looking,4343,607,721,641,820,0,walking,not-looking,4344,601,721,635,822,0,walking,not-looking,4345,595,721,630,824,0,walking,not-looking,4346,587,720,623,825,0,walking,not-looking,4347,580,718,616,826,0,walking,not-looking,4348,572,717,609,827,0,walking,not-looking,4349,565,716,602,828,0,walking,not-looking,4350,557,715,595,829,0,walking,not-looking,4351,550,714,589,830,0,walking,not-looking,4352,542,713,582,831,0,walking,not-looking,4353,535,712,575,832,0,walking,not-looking,4354,528,711,568,833,0,walking,not-looking,4355,520,710,561,834,0,walking,not-looking,4356,510,709,552,836,0,walking,not-looking,4357,500,708,543,838,0,walking,not-looking,4358,490,707,534,840,0,walking,not-looking,4359,480,707,525,842,0,walking,not-looking,4360,471,706,516,844,0,walking,not-looking
3_19_990,1431,421,739,447,816,0,standing,not-looking,1432,416,739,442,817,0,standing,not-looking,1433,410,738,436,817,0,standing,not-looking,1434,405,738,431,818,0,standing,not-looking,1435,399,738,426,818,0,standing,not-looking,1436,394,737,420,818,0,standing,not-looking,1437,388,737,415,819,0,standing,not-looking,1438,382,736,409,819,0,standing,not-looking,1439,376,736,403,820,0,standing,not-looking,1440,370,736,398,820,0,standing,not-looking,1441,364,735,392,821,0,standing,not-looking,1442,357,734,385,821,0,standing,not-looking,1443,350,734,378,821,0,standing,not-looking,1444,343,733,371,822,0,standing,not-looking,1445,337,733,365,822,0,standing,not-looking,1446,330,732,358,822,0,standing,not-looking,1447,322,731,350,822,0,standing,not-looking,1448,315,731,343,823,0,standing,not-looking,1449,307,730,335,823,0,standing,not-looking,1450,299,730,328,823,0,standing,not-looking,1451,292,729,320,824,0,standing,not-looking,1452,284,727,313,823,0,standing,not-looking,1453,276,725,305,823,0,standing,not-looking,1454,267,723,298,823,0,standing,not-looking,1455,259,722,290,823,0,standing,not-looking,1456,251,720,283,823,0,standing,not-looking,1457,242,717,274,822,0,standing,not-looking,1458,232,714,265,821,0,standing,not-looking,1459,223,712,256,820,0,standing,not-looking,1460,213,709,247,819,0,standing,not-looking,1461,204,707,238,818,0,standing,not-looking,1462,193,706,228,819,0,standing,not-looking
3_19_991,1431,388,739,407,816,0,standing,not-looking,1432,382,739,401,817,0,standing,not-looking,1433,376,738,395,817,0,standing,not-looking,1434,370,738,389,818,0,standing,not-looking,1435,364,737,383,819,0,standing,not-looking,1436,358,737,377,819,0,standing,not-looking,1437,351,736,371,820,0,standing,not-looking,1438,344,736,365,820,0,standing,not-looking,1439,337,736,358,821,0,standing,not-looking,1440,330,735,351,822,0,standing,not-looking,1441,323,735,344,823,0,standing,not-looking,1442,316,735,338,823,0,standing,not-looking,1443,308,734,330,823,0,standing,not-looking,1444,301,733,323,824,0,standing,not-looking,1445,293,732,315,824,0,standing,not-looking,1446,286,731,308,824,0,standing,not-looking,1447,278,730,300,824,0,standing,not-looking,1448,270,729,292,825,0,standing,not-looking,1449,261,729,284,825,0,standing,not-looking,1450,252,728,275,826,0,standing,not-looking,1451,244,727,267,826,0,standing,not-looking,1452,235,726,258,827,0,standing,not-looking,1453,226,724,249,825,0,standing,not-looking,1454,216,721,240,824,0,standing,not-looking,1455,206,719,230,823,0,standing,not-looking,1456,196,716,221,821,0,standing,not-looking,1457,186,713,211,820,0,standing,not-looking,1458,176,711,201,820,0,standing,not-looking,1459,166,709,192,819,0,standing,not-looking,1460,155,707,182,818,0,standing,not-looking,1461,145,705,172,817,0,standing,not-looking,1462,135,704,162,817,0,standing,not-looking
3_19_1000,10977,1057,717,1083,812,0,walking,not-looking,10978,1055,716,1082,812,0,walking,not-looking,10979,1054,715,1080,812,0,walking,not-looking,10980,1052,715,1078,812,0,walking,not-looking,10981,1049,713,1076,811,0,walking,not-looking,10982,1047,712,1074,811,0,walking,not-looking,10983,1044,711,1071,810,0,walking,not-looking,10984,1041,711,1069,811,0,walking,not-looking,10985,1039,710,1067,812,0,walking,not-looking,10986,1036,710,1064,813,0,walking,not-looking,10987,1032,709,1061,814,0,walking,not-looking,10988,1029,709,1059,815,0,walking,not-looking,10989,1026,709,1056,816,0,walking,not-looking,10990,1022,709,1053,817,0,walking,not-looking,10991,1018,708,1049,818,0,walking,not-looking,10992,1014,708,1045,819,0,walking,not-looking,10993,1009,708,1041,821,0,walking,not-looking,10994,1005,708,1037,822,0,walking,not-looking,10995,1001,708,1033,823,0,walking,not-looking,10996,995,708,1028,825,0,walking,not-looking,10997,989,709,1023,826,0,walking,not-looking,10998,983,709,1017,828,0,walking,not-looking,10999,977,709,1012,830,0,walking,not-looking,11000,972,710,1007,832,0,walking,not-looking,11001,965,711,1000,834,0,walking,looking,11002,957,711,993,836,0,walking,looking,11003,950,712,987,837,0,walking,looking,11004,943,712,980,839,0,walking,looking,11005,936,713,974,841,0,walking,looking,11006,927,714,965,843,0,walking,looking,11007,919,714,957,845,0,walking,looking,11008,910,715,949,847,0,walking,looking
3_19_997,9630,1098,719,1142,834,0,standing,looking,9631,1099,719,1144,835,0,standing,looking,9632,1101,719,1145,835,0,standing,looking,9633,1102,719,1147,836,0,standing,looking,9634,1103,719,1148,836,0,standing,looking,9635,1104,719,1149,837,0,standing,looking,9636,1105,719,1151,838,0,standing,looking,9637,1107,718,1152,839,0,standing,looking,9638,1108,718,1154,840,0,standing,looking,9639,1109,718,1155,841,0,standing,looking,9640,1111,718,1157,841,0,standing,looking,9641,1112,717,1159,841,0,standing,looking,9642,1113,716,1160,842,0,standing,looking,9643,1115,716,1162,842,0,standing,looking,9644,1116,715,1164,842,0,standing,looking,9645,1117,715,1166,843,0,standing,looking,9646,1119,715,1167,844,0,standing,looking,9647,1120,715,1169,845,0,standing,looking,9648,1122,715,1171,846,0,standing,looking,9649,1123,714,1172,847,0,standing,looking,9650,1125,714,1174,848,0,standing,looking,9651,1126,714,1176,848,0,standing,looking,9652,1128,714,1178,849,0,standing,looking,9653,1130,714,1181,850,0,standing,looking,9654,1131,713,1183,850,0,standing,looking,9655,1133,713,1185,851,0,standing,looking,9656,1135,712,1188,852,0,standing,looking,9657,1136,712,1190,853,0,standing,looking,9658,1138,711,1193,854,0,standing,looking,9659,1139,710,1196,854,0,standing,looking,9660,1141,709,1198,855,0,standing,looking,9661,1143,708,1200,856,0,standing,looking
3_19_992,1431,406,743,423,814,0,standing,not-looking,1432,401,743,418,815,0,standing,not-looking,1433,396,743,413,816,0,standing,not-looking,1434,390,742,408,816,0,standing,not-looking,1435,384,742,402,816,0,standing,not-looking,1436,378,741,396,817,0,standing,not-looking,1437,373,741,390,817,0,standing,not-looking,1438,367,741,385,817,0,standing,not-looking,1439,361,742,379,819,0,standing,not-looking,1440,354,742,372,820,0,standing,not-looking,1441,348,742,366,820,0,standing,not-looking,1442,341,741,359,821,0,standing,not-looking,1443,334,741,352,821,0,standing,not-looking,1444,327,740,345,821,0,standing,not-looking,1445,320,740,338,821,0,standing,not-looking,1446,313,739,331,821,0,standing,not-looking,1447,306,738,324,821,0,standing,not-looking,1448,298,738,317,821,0,standing,not-looking,1449,291,737,309,821,0,standing,not-looking,1450,283,736,301,821,0,standing,not-looking,1451,275,735,294,821,0,standing,not-looking,1452,268,735,286,821,0,standing,not-looking,1453,260,734,278,821,0,standing,not-looking,1454,251,733,270,821,0,standing,not-looking,1455,243,732,262,821,0,standing,not-looking,1456,234,731,254,821,0,standing,not-looking,1457,224,728,245,819,0,standing,not-looking,1458,215,726,236,818,0,standing,not-looking,1459,205,723,227,817,0,standing,not-looking,1460,196,720,219,816,0,standing,not-looking,1461,186,717,211,815,0,standing,not-looking,1462,176,717,202,816,0,standing,not-looking
3_19_989,1393,1204,712,1228,829,1,standing,not-looking,1394,1208,711,1232,830,1,standing,not-looking,1395,1212,710,1237,832,0,standing,not-looking,1396,1216,709,1241,831,0,standing,not-looking,1397,1221,708,1245,831,0,standing,not-looking,1398,1225,708,1250,832,0,standing,not-looking,1399,1229,708,1254,834,0,standing,not-looking,1400,1234,708,1258,835,0,standing,not-looking,1401,1239,707,1264,837,0,standing,not-looking,1402,1244,706,1270,839,0,standing,not-looking,1403,1249,704,1276,842,0,standing,not-looking,1404,1254,703,1282,844,0,standing,not-looking,1405,1259,702,1288,846,0,standing,not-looking,1406,1264,701,1294,848,0,standing,not-looking,1407,1269,699,1300,850,0,standing,not-looking,1408,1275,698,1306,852,0,standing,not-looking,1409,1280,697,1311,854,0,standing,not-looking,1410,1286,696,1319,858,0,standing,not-looking,1411,1293,694,1326,861,0,standing,not-looking,1412,1299,693,1333,865,0,standing,not-looking,1413,1306,692,1341,868,0,standing,not-looking,1414,1312,691,1348,872,0,standing,not-looking,1415,1321,689,1358,875,0,standing,not-looking,1416,1329,688,1368,877,0,standing,not-looking,1417,1338,686,1378,880,0,standing,not-looking,1418,1346,684,1388,882,0,standing,not-looking,1419,1354,683,1398,885,0,standing,not-looking,1420,1363,681,1408,888,0,standing,not-looking,1421,1375,679,1423,892,0,standing,not-looking,1422,1387,676,1437,896,0,standing,not-looking,1423,1400,673,1452,900,0,standing,not-looking,1424,1412,671,1466,903,0,standing,not-looking
3_19_988,1401,1176,719,1217,830,0,standing,not-looking,1402,1179,719,1221,832,0,standing,not-looking,1403,1181,718,1226,833,0,standing,not-looking,1404,1183,718,1230,834,0,standing,not-looking,1405,1185,718,1234,835,0,standing,not-looking,1406,1187,718,1239,837,0,standing,not-looking,1407,1190,717,1243,838,0,standing,not-looking,1408,1192,717,1247,839,0,standing,not-looking,1409,1195,716,1252,841,0,standing,not-looking,1410,1198,715,1257,843,0,standing,not-looking,1411,1202,714,1261,844,0,standing,not-looking,1412,1205,712,1266,846,0,standing,not-looking,1413,1208,711,1271,848,0,standing,not-looking,1414,1212,711,1277,850,0,standing,not-looking,1415,1216,711,1283,852,0,standing,not-looking,1416,1220,711,1288,854,0,standing,not-looking,1417,1224,711,1294,856,0,standing,not-looking,1418,1228,711,1300,858,0,standing,not-looking,1419,1233,709,1306,860,0,standing,not-looking,1420,1239,708,1311,863,0,standing,not-looking,1421,1245,708,1320,865,0,standing,not-looking,1422,1251,707,1328,867,0,standing,not-looking,1423,1257,707,1336,869,0,standing,not-looking,1424,1263,705,1345,873,0,standing,not-looking,1425,1269,702,1353,876,0,standing,not-looking,1426,1276,700,1362,880,0,standing,not-looking,1427,1282,697,1371,883,0,standing,not-looking,1428,1288,695,1379,887,0,standing,not-looking,1429,1298,693,1392,890,0,standing,not-looking,1430,1309,691,1405,892,0,standing,not-looking,1431,1319,689,1417,895,0,standing,not-looking,1432,1329,688,1430,898,0,standing,not-looking
3_19_1001,10977,1101,706,1138,809,0,walking,not-looking,10978,1101,706,1138,809,0,walking,not-looking,10979,1099,704,1136,809,0,walking,not-looking,10980,1098,703,1135,809,0,walking,not-looking,10981,1097,702,1134,808,0,walking,not-looking,10982,1095,700,1133,808,0,walking,not-looking,10983,1094,699,1132,808,0,walking,not-looking,10984,1093,698,1131,808,0,walking,not-looking,10985,1090,698,1128,809,0,walking,not-looking,10986,1087,698,1125,810,0,walking,not-looking,10987,1084,698,1123,811,0,walking,not-looking,10988,1081,699,1120,813,0,walking,not-looking,10989,1078,699,1117,814,0,walking,not-looking,10990,1074,698,1114,815,0,walking,not-looking,10991,1070,698,1110,815,0,walking,not-looking,10992,1067,697,1107,815,0,walking,not-looking,10993,1063,696,1103,816,0,walking,not-looking,10994,1059,696,1100,816,0,walking,not-looking,10995,1054,696,1095,818,0,walking,not-looking,10996,1049,696,1090,819,0,walking,not-looking,10997,1044,696,1085,820,0,walking,not-looking,10998,1038,697,1080,822,0,walking,not-looking,10999,1033,698,1074,824,0,walking,not-looking,11000,1027,698,1068,826,0,walking,not-looking,11001,1021,699,1062,828,0,walking,looking,11002,1015,700,1057,830,0,walking,looking,11003,1009,701,1051,832,0,walking,looking,11004,1003,702,1045,835,0,walking,looking,11005,995,702,1037,837,0,walking,looking,11006,986,701,1030,838,0,walking,looking,11007,977,701,1022,840,0,walking,looking,11008,969,700,1014,842,0,walking,looking
