ped_id,frame_01,xtl_01,ytl_01,xbr_01,ybr_01,occluded_01,action_01,look_01,frame_02,xtl_02,ytl_02,xbr_02,ybr_02,occluded_02,action_02,look_02,frame_03,xtl_03,ytl_03,xbr_03,ybr_03,occluded_03,action_03,look_03,frame_04,xtl_04,ytl_04,xbr_04,ybr_04,occluded_04,action_04,look_04,frame_05,xtl_05,ytl_05,xbr_05,ybr_05,occluded_05,action_05,look_05,frame_06,xtl_06,ytl_06,xbr_06,ybr_06,occluded_06,action_06,look_06,frame_07,xtl_07,ytl_07,xbr_07,ybr_07,occluded_07,action_07,look_07,frame_08,xtl_08,ytl_08,xbr_08,ybr_08,occluded_08,action_08,look_08,frame_09,xtl_09,ytl_09,xbr_09,ybr_09,occluded_09,action_09,look_09,frame_10,xtl_10,ytl_10,xbr_10,ybr_10,occluded_10,action_10,look_10,frame_11,xtl_11,ytl_11,xbr_11,ybr_11,occluded_11,action_11,look_11,frame_12,xtl_12,ytl_12,xbr_12,ybr_12,occluded_12,action_12,look_12,frame_13,xtl_13,ytl_13,xbr_13,ybr_13,occluded_13,action_13,look_13,frame_14,xtl_14,ytl_14,xbr_14,ybr_14,occluded_14,action_14,look_14,frame_15,xtl_15,ytl_15,xbr_15,ybr_15,occluded_15,action_15,look_15,frame_16,xtl_16,ytl_16,xbr_16,ybr_16,occluded_16,action_16,look_16,frame_17,xtl_17,ytl_17,xbr_17,ybr_17,occluded_17,action_17,look_17,frame_18,xtl_18,ytl_18,xbr_18,ybr_18,occluded_18,action_18,look_18,frame_19,xtl_19,ytl_19,xbr_19,ybr_19,occluded_19,action_19,look_19,frame_20,xtl_20,ytl_20,xbr_20,ybr_20,occluded_20,action_20,look_20,frame_21,xtl_21,ytl_21,xbr_21,ybr_21,occluded_21,action_21,look_21,frame_22,xtl_22,ytl_22,xbr_22,ybr_22,occluded_22,action_22,look_22,frame_23,xtl_23,ytl_23,xbr_23,ybr_23,occluded_23,action_23,look_23,frame_24,xtl_24,ytl_24,xbr_24,ybr_24,occluded_24,action_24,look_24,frame_25,xtl_25,ytl_25,xbr_25,ybr_25,occluded_25,action_25,look_25,frame_26,xtl_26,ytl_26,xbr_26,ybr_26,occluded_26,action_26,look_26,frame_27,xtl_27,ytl_27,xbr_27,ybr_27,occluded_27,action_27,look_27,frame_28,xtl_28,ytl_28,xbr_28,ybr_28,occluded_28,action_28,look_28,frame_29,xtl_29,ytl_29,xbr_29,ybr_29,occluded_29,action_29,look_29,frame_30,xtl_30,ytl_30,xbr_30,ybr_30,occluded_30,action_30,look_30,frame_31,xtl_31,ytl_31,xbr_31,ybr_31,occluded_31,action_31,look_31,frame_32,xtl_32,ytl_32,xbr_32,ybr_32,occluded_32,action_32,look_32
3_1_267,16992,502,706,540,837,2,standing,looking,16993,501,706,539,837,2,standing,looking,16994,500,706,538,838,2,standing,looking,16995,500,706,538,838,2,standing,looking,16996,499,706,537,838,2,standing,looking,16997,498,706,536,838,2,standing,looking,16998,497,706,536,838,2,standing,looking,16999,496,706,535,839,2,standing,looking,17000,496,705,534,839,2,standing,looking,17001,495,705,534,839,2,standing,looking,17002,494,705,533,839,2,standing,looking,17003,493,705,532,839,2,standing,looking,17004,493,705,532,840,2,standing,looking,17005,492,705,531,840,2,standing,looking,17006,491,705,530,840,2,standing,looking,17007,490,705,530,840,2,standing,looking,17008,490,705,529,840,2,standing,looking,17009,489,704,528,841,2,standing,looking,17010,488,704,528,841,2,standing,looking,17011,487,704,527,841,2,standing,looking,17012,486,704,526,841,2,standing,looking,17013,486,704,526,841,2,standing,looking,17014,485,704,525,842,2,standing,looking,17015,484,704,524,842,2,standing,looking,17016,483,704,524,842,2,standing,looking,17017,483,704,524,842,1,standing,looking,17018,483,704,524,842,1,standing,looking,17019,483,704,524,842,0,standing,looking,17020,482,703,522,842,0,standing,looking,17021,480,703,521,843,0,standing,looking,17022,479,702,520,843,0,standing,looking,17023,477,701,518,844,0,standing,looking
3_1_268,17051,397,685,430,817,1,walking,not-looking,17052,398,685,432,818,1,walking,not-looking,17053,399,686,433,819,1,walking,not-looking,17054,400,686,434,819,1,walking,not-looking,17055,401,687,436,820,1,walking,not-looking,17056,402,687,437,821,1,walking,not-looking,17057,403,687,438,822,1,walking,not-looking,17058,404,688,440,822,1,walking,not-looking,17059,405,688,441,823,1,walking,looking,17060,406,688,442,824,1,walking,looking,17061,407,689,444,824,1,walking,looking,17062,409,689,446,824,1,walking,looking,17063,410,689,447,825,1,walking,looking,17064,411,689,449,825,1,walking,looking,17065,413,689,450,825,1,walking,looking,17066,414,689,452,825,1,walking,looking,17067,415,689,454,825,1,walking,looking,17068,417,690,455,826,1,walking,looking,17069,418,690,457,826,1,walking,looking,17070,419,690,458,826,1,walking,looking,17071,421,690,460,826,1,walking,looking,17072,422,690,462,827,1,walking,looking,17073,424,689,464,827,1,walking,looking,17074,425,689,466,827,1,walking,looking,17075,427,689,468,827,1,walking,looking,17076,428,689,470,827,1,walking,looking,17077,430,689,472,828,1,walking,looking,17078,431,689,474,828,1,walking,looking,17079,433,689,476,828,1,walking,looking,17080,434,688,478,828,1,walking,not-looking,17081,434,688,478,828,0,walking,not-looking,17082,437,689,481,829,0,walking,not-looking
3_2_289,5594,507,685,540,820,0,standing,not-looking,5595,502,684,536,820,0,standing,not-looking,5596,497,684,531,821,0,standing,not-looking,5597,492,683,526,822,0,standing,not-looking,5598,486,683,521,823,0,standing,not-looking,5599,481,682,516,824,0,standing,not-looking,5600,476,682,512,825,0,standing,not-looking,5601,470,681,507,826,0,standing,not-looking,5602,465,680,502,826,0,standing,not-looking,5603,459,679,497,827,0,standing,not-looking,5604,454,678,492,828,0,standing,not-looking,5605,448,677,488,829,0,standing,not-looking,5606,443,676,482,829,0,standing,not-looking,5607,437,675,477,830,0,standing,not-looking,5608,432,674,471,830,0,standing,not-looking,5609,426,674,466,830,0,standing,not-looking,5610,421,673,460,831,0,standing,looking,5611,415,672,455,832,0,standing,looking,5612,410,671,450,833,0,standing,looking,5613,404,670,445,833,0,standing,looking,5614,398,669,440,834,0,standing,looking,5615,392,668,435,835,0,standing,looking,5616,386,667,429,836,0,standing,looking,5617,381,666,424,836,0,standing,looking,5618,375,665,418,837,0,standing,looking,5619,369,664,413,837,0,standing,looking,5620,363,663,407,838,0,standing,looking,5621,357,661,401,838,0,standing,looking,5622,350,660,395,838,0,standing,looking,5623,344,658,389,838,0,standing,looking,5624,338,656,384,838,0,standing,looking,5625,331,655,378,838,0,standing,looking
3_2_304,12582,1790,605,1868,895,0,walking,not-looking,12583,1782,606,1865,901,0,walking,not-looking,12584,1773,608,1862,906,0,walking,not-looking,12585,1765,609,1858,911,0,walking,not-looking,12586,1757,611,1855,917,0,walking,not-looking,12587,1748,613,1852,922,0,walking,not-looking,12588,1746,615,1850,924,0,walking,not-looking,12589,1743,617,1847,927,0,walking,not-looking,12590,1741,620,1845,929,0,walking,not-looking,12591,1738,622,1842,931,0,walking,not-looking,12592,1736,624,1840,934,0,walking,not-looking,12593,1733,623,1833,933,0,walking,not-looking,12594,1730,622,1827,932,0,walking,not-looking,12595,1727,622,1821,931,0,walking,not-looking,12596,1724,621,1815,930,0,walking,not-looking,12597,1721,620,1808,929,0,walking,not-looking,12598,1712,619,1804,933,0,walking,not-looking,12599,1704,619,1800,936,0,walking,not-looking,12600,1696,618,1796,940,0,walking,not-looking,12601,1688,618,1791,943,0,walking,not-looking,12602,1680,617,1787,947,0,walking,not-looking,12603,1672,620,1783,951,0,walking,not-looking,12604,1664,623,1779,954,0,walking,not-looking,12605,1657,626,1775,958,0,walking,not-looking,12606,1649,629,1771,961,0,walking,not-looking,12607,1641,632,1766,965,0,walking,not-looking,12608,1638,631,1758,967,0,walking,not-looking,12609,1635,630,1750,968,0,walking,not-looking,12610,1632,628,1742,970,0,walking,not-looking,12611,1629,627,1734,972,0,walking,not-looking,12612,1626,626,1725,974,0,walking,not-looking,12613,1615,625,1718,975,0,walking,not-looking
3_2_305,12662,1850,608,1918,891,0,walking,not-looking,12663,1842,610,1915,893,0,walking,not-looking,12664,1834,613,1913,896,0,walking,not-looking,12665,1826,615,1911,898,0,walking,not-looking,12666,1818,617,1908,900,0,walking,not-looking,12667,1815,617,1906,903,0,walking,not-looking,12668,1813,617,1904,906,0,walking,not-looking,12669,1811,617,1902,909,0,walking,not-looking,12670,1809,617,1899,912,0,walking,not-looking,12671,1806,617,1897,915,0,walking,not-looking,12672,1801,616,1892,914,0,walking,not-looking,12673,1796,615,1887,913,0,walking,not-looking,12674,1791,614,1882,912,0,walking,not-looking,12675,1786,613,1877,911,0,walking,not-looking,12676,1781,612,1872,910,0,walking,not-looking,12677,1778,614,1868,914,0,walking,not-looking,12678,1774,615,1865,918,0,walking,not-looking,12679,1771,617,1861,922,0,walking,not-looking,12680,1767,618,1858,926,0,walking,not-looking,12681,1764,620,1854,930,0,walking,not-looking,12682,1758,621,1852,934,0,walking,not-looking,12683,1752,622,1849,937,0,walking,not-looking,12684,1746,623,1846,940,0,walking,not-looking,12685,1740,625,1843,943,0,walking,not-looking,12686,1734,626,1841,947,0,walking,not-looking,12687,1729,626,1836,948,0,walking,not-looking,12688,1724,625,1831,949,0,walking,not-looking,12689,1719,625,1826,951,0,walking,not-looking,12690,1714,625,1821,952,0,walking,not-looking,12691,1710,625,1816,953,0,walking,not-looking,12692,1701,626,1808,955,0,walking,not-looking,12693,1693,627,1800,957,0,walking,not-looking
3_3_332,17986,78,593,164,893,0,walking,not-looking,17987,82,594,169,894,0,walking,not-looking,17988,87,595,174,895,0,walking,not-looking,17989,92,596,178,896,0,walking,not-looking,17990,97,596,183,899,0,walking,not-looking,17991,101,596,187,901,0,walking,not-looking,17992,106,596,192,904,0,walking,not-looking,17993,110,596,196,907,0,walking,not-looking,17994,115,596,201,909,0,walking,not-looking,17995,119,596,205,912,0,walking,not-looking,17996,124,596,210,914,0,walking,not-looking,17997,128,596,214,917,0,walking,not-looking,17998,133,596,219,920,0,walking,not-looking,17999,137,596,223,922,0,walking,not-looking,18000,141,598,231,925,0,walking,not-looking,18001,144,600,239,929,0,walking,not-looking,18002,148,603,247,932,0,walking,not-looking,18003,152,605,255,936,0,walking,not-looking,18004,155,607,263,939,0,walking,not-looking,18005,159,609,271,942,0,walking,not-looking,18006,162,612,278,946,0,walking,not-looking,18007,166,614,286,949,0,walking,not-looking,18008,170,616,294,952,0,walking,not-looking,18009,173,618,302,956,0,walking,not-looking,18010,181,619,309,957,0,walking,not-looking,18011,189,620,317,959,0,walking,not-looking,18012,196,621,324,961,0,walking,not-looking,18013,204,622,332,963,0,walking,not-looking,18014,212,623,339,965,0,walking,not-looking,18015,220,624,347,966,0,walking,not-looking,18016,227,624,354,968,0,walking,not-looking,18017,235,625,361,970,0,walking,not-looking
3_3_338,20035,406,675,469,850,0,standing,not-looking,20036,406,675,469,850,0,standing,not-looking,20037,406,675,469,850,0,standing,not-looking,20038,406,675,469,850,0,standing,not-looking,20039,406,675,469,850,0,standing,not-looking,20040,406,675,469,850,0,standing,not-looking,20041,406,675,470,850,0,standing,not-looking,20042,406,675,470,850,0,standing,not-looking,20043,406,675,470,850,0,standing,not-looking,20044,406,675,470,850,0,standing,not-looking,20045,406,675,470,850,0,standing,not-looking,20046,406,675,470,850,0,standing,not-looking,20047,407,675,470,850,0,standing,not-looking,20048,407,675,470,850,0,standing,not-looking,20049,407,675,470,850,0,standing,not-looking,20050,407,675,470,850,0,standing,not-looking,20051,407,675,470,850,0,standing,not-looking,20052,407,675,470,850,0,standing,not-looking,20053,407,675,471,850,0,standing,not-looking,20054,407,675,471,850,0,standing,not-looking,20055,407,675,471,850,0,standing,not-looking,20056,407,675,471,850,0,standing,not-looking,20057,407,675,471,850,0,standing,not-looking,20058,407,675,471,850,0,standing,not-looking,20059,408,675,471,850,0,standing,not-looking,20060,408,675,471,850,0,standing,not-looking,20061,408,675,471,850,0,standing,not-looking,20062,408,675,471,850,0,standing,not-looking,20063,408,675,471,850,0,standing,not-looking,20064,408,675,471,850,0,standing,not-looking,20065,408,675,471,850,0,standing,not-looking,20066,408,675,472,850,0,standing,not-looking
3_3_330,17670,1736,678,1802,914,0,standing,not-looking,17671,1736,678,1802,914,0,standing,not-looking,17672,1736,678,1802,914,0,standing,not-looking,17673,1736,678,1802,914,0,standing,not-looking,17674,1736,678,1802,914,0,standing,not-looking,17675,1736,678,1802,914,0,standing,not-looking,17676,1736,678,1802,914,0,standing,not-looking,17677,1736,678,1802,914,0,standing,not-looking,17678,1736,678,1802,914,0,standing,not-looking,17679,1736,678,1802,914,0,standing,not-looking,17680,1736,678,1802,914,0,standing,not-looking,17681,1736,678,1802,914,0,standing,not-looking,17682,1736,678,1802,914,0,standing,not-looking,17683,1736,678,1802,914,0,standing,not-looking,17684,1736,678,1802,914,0,standing,not-looking,17685,1736,678,1802,914,0,standing,not-looking,17686,1736,678,1802,914,0,standing,not-looking,17687,1736,678,1802,914,0,standing,not-looking,17688,1736,678,1802,914,0,standing,not-looking,17689,1736,678,1802,914,0,standing,not-looking,17690,1736,678,1802,914,0,standing,not-looking,17691,1736,678,1802,914,0,standing,not-looking,17692,1736,678,1802,914,0,standing,not-looking,17693,1736,678,1802,914,0,standing,not-looking,17694,1736,678,1802,914,0,standing,not-looking,17695,1736,678,1802,914,0,standing,not-looking,17696,1736,678,1802,914,0,standing,not-looking,17697,1736,678,1802,914,0,standing,not-looking,17698,1736,678,1802,914,0,standing,not-looking,17699,1736,678,1802,914,0,standing,not-looking,17700,1736,678,1802,914,0,standing,not-looking,17701,1736,678,1802,914,0,standing,not-looking
3_3_339,20064,759,740,789,805,0,standing,not-looking,20065,759,740,789,805,0,standing,not-looking,20066,759,739,789,805,0,standing,not-looking,20067,759,739,789,805,0,standing,not-looking,20068,759,739,789,805,0,standing,not-looking,20069,759,739,789,805,0,standing,not-looking,20070,759,738,789,805,0,standing,not-looking,20071,759,738,787,805,0,standing,not-looking,20072,759,738,786,805,0,standing,not-looking,20073,759,738,785,805,0,standing,not-looking,20074,759,738,783,805,0,standing,not-looking,20075,759,738,782,805,0,standing,not-looking,20076,759,738,782,805,0,standing,not-looking,20077,759,738,781,805,0,standing,not-looking,20078,758,738,781,805,0,standing,not-looking,20079,758,738,781,805,0,standing,not-looking,20080,758,738,780,805,0,standing,not-looking,20081,757,738,780,805,0,standing,not-looking,20082,757,738,780,805,0,standing,not-looking,20083,757,738,780,804,0,standing,not-looking,20084,757,738,779,804,0,standing,not-looking,20085,756,737,779,804,0,standing,not-looking,20086,756,737,779,804,0,standing,not-looking,20087,756,737,779,804,0,standing,not-looking,20088,756,737,779,804,0,standing,not-looking,20089,756,737,778,804,0,standing,not-looking,20090,755,737,778,803,0,standing,not-looking,20091,755,737,778,803,0,standing,not-looking,20092,755,737,778,804,0,standing,not-looking,20093,755,737,778,804,0,standing,not-looking,20094,755,737,777,804,0,standing,not-looking,20095,754,737,777,804,0,standing,not-looking
3_3_334,18944,1801,702,1860,900,1,walking,not-looking,18945,1797,702,1856,900,1,walking,not-looking,18946,1794,702,1852,900,1,walking,not-looking,18947,1786,699,1845,897,1,walking,not-looking,18948,1780,699,1840,892,1,walking,not-looking,18949,1777,700,1838,893,1,walking,not-looking,18950,1767,700,1837,898,0,walking,not-looking,18951,1764,701,1833,898,0,walking,not-looking,18952,1761,702,1829,899,0,walking,not-looking,18953,1757,703,1825,900,0,walking,not-looking,18954,1754,704,1821,901,0,walking,not-looking,18955,1751,705,1818,901,0,walking,not-looking,18956,1747,706,1814,902,0,walking,not-looking,18957,1744,707,1810,903,0,walking,not-looking,18958,1741,708,1806,904,0,walking,not-looking,18959,1738,709,1802,904,0,walking,not-looking,18960,1734,710,1798,905,0,walking,not-looking,18961,1730,711,1796,906,0,walking,not-looking,18962,1725,712,1793,907,0,walking,not-looking,18963,1721,713,1791,908,0,walking,not-looking,18964,1716,713,1789,909,0,walking,not-looking,18965,1711,714,1786,910,0,walking,not-looking,18966,1707,715,1784,910,0,walking,not-looking,18967,1702,716,1781,911,0,walking,not-looking,18968,1698,716,1779,912,0,walking,not-looking,18969,1693,717,1776,913,0,walking,not-looking,18970,1689,718,1774,914,0,walking,not-looking,18971,1683,718,1768,915,0,walking,not-looking,18972,1677,719,1762,915,0,walking,not-looking,18973,1672,719,1757,915,0,walking,not-looking,18974,1666,720,1751,916,0,walking,not-looking,18975,1660,720,1745,916,0,walking,not-looking
3_3_328,17598,473,672,530,857,1,standing,looking,17599,472,672,529,857,1,standing,looking,17600,472,672,528,857,1,standing,looking,17601,471,672,527,857,1,standing,looking,17602,470,672,526,857,1,standing,looking,17603,469,672,525,857,1,standing,looking,17604,468,672,524,857,1,standing,looking,17605,467,672,523,857,1,standing,looking,17606,466,672,522,857,1,standing,looking,17607,465,672,521,857,1,standing,looking,17608,464,673,520,857,1,standing,not-looking,17609,463,672,520,857,1,standing,not-looking,17610,463,672,519,857,1,standing,not-looking,17611,462,672,518,857,1,standing,not-looking,17612,461,672,517,856,1,standing,not-looking,17613,460,671,517,856,1,standing,not-looking,17614,460,671,516,856,1,standing,not-looking,17615,459,671,515,856,1,standing,not-looking,17616,458,671,514,856,1,standing,not-looking,17617,457,671,513,855,1,standing,not-looking,17618,456,670,513,855,1,standing,not-looking,17619,456,670,512,855,1,standing,not-looking,17620,456,670,512,855,1,standing,not-looking,17621,456,670,512,855,1,standing,not-looking,17622,456,670,512,855,1,standing,not-looking,17623,455,670,512,855,1,standing,not-looking,17624,455,670,511,855,1,standing,not-looking,17625,455,670,511,855,1,standing,not-looking,17626,455,670,511,855,1,standing,not-looking,17627,454,670,511,855,1,standing,not-looking,17628,454,670,510,855,1,standing,not-looking,17629,454,670,511,855,1,standing,not-looking
3_3_343,20083,739,742,761,792,0,standing,not-looking,20084,739,742,761,792,0,standing,not-looking,20085,739,742,760,792,0,standing,not-looking,20086,739,742,760,792,0,standing,not-looking,20087,739,742,760,792,0,standing,not-looking,20088,739,742,760,792,0,standing,not-looking,20089,739,742,760,792,0,standing,not-looking,20090,739,742,760,792,0,standing,not-looking,20091,739,742,760,792,0,standing,not-looking,20092,739,742,760,792,0,standing,not-looking,20093,739,742,760,792,0,standing,not-looking,20094,739,742,760,792,0,standing,not-looking,20095,739,742,760,792,0,standing,not-looking,20096,739,742,760,792,0,standing,not-looking,20097,739,742,760,792,0,standing,not-looking,20098,739,742,760,792,0,standing,not-looking,20099,739,742,759,792,0,standing,not-looking,20100,739,742,759,792,0,standing,not-looking,20101,739,742,759,792,0,standing,not-looking,20102,739,742,759,792,0,standing,not-looking,20103,739,742,759,792,0,standing,not-looking,20104,739,742,759,792,0,standing,not-looking,20105,739,742,759,792,0,standing,not-looking,20106,739,742,759,792,0,standing,not-looking,20107,739,742,759,792,0,standing,not-looking,20108,739,742,758,792,0,standing,not-looking,20109,739,742,758,792,0,standing,not-looking,20110,739,742,758,792,0,standing,not-looking,20111,739,742,758,792,0,standing,not-looking,20112,739,742,757,792,0,standing,not-looking,20113,738,742,757,792,0,standing,not-looking,20114,738,742,756,792,0,standing,not-looking
3_3_342,20075,924,746,949,809,0,standing,not-looking,20076,924,746,949,809,0,standing,not-looking,20077,923,746,949,809,0,standing,not-looking,20078,923,746,949,809,0,standing,not-looking,20079,923,746,949,809,0,standing,not-looking,20080,923,746,949,809,0,standing,not-looking,20081,923,746,949,809,0,standing,not-looking,20082,923,746,948,809,0,standing,not-looking,20083,923,746,948,809,0,standing,not-looking,20084,923,746,948,809,0,standing,not-looking,20085,923,746,948,809,0,standing,not-looking,20086,923,746,948,809,0,standing,not-looking,20087,923,746,948,809,0,standing,not-looking,20088,922,746,948,809,0,standing,not-looking,20089,922,746,948,809,0,standing,not-looking,20090,922,746,948,809,0,standing,not-looking,20091,922,746,948,809,0,standing,not-looking,20092,922,746,948,809,0,standing,not-looking,20093,922,746,947,809,0,standing,not-looking,20094,922,746,947,809,0,standing,not-looking,20095,922,746,947,809,0,standing,not-looking,20096,922,746,947,809,0,standing,not-looking,20097,922,746,947,809,0,standing,not-looking,20098,922,746,947,809,0,standing,not-looking,20099,922,746,947,809,0,standing,not-looking,20100,921,746,947,809,0,standing,not-looking,20101,921,746,947,809,0,standing,not-looking,20102,921,746,947,809,0,standing,not-looking,20103,921,746,946,809,0,standing,not-looking,20104,920,746,946,809,0,standing,not-looking,20105,920,746,945,809,0,standing,not-looking,20106,919,746,945,809,0,standing,not-looking
3_3_308,1473,670,716,690,807,0,standing,not-looking,1474,667,717,687,809,0,standing,not-looking,1475,664,718,684,811,0,standing,not-looking,1476,661,718,682,813,0,standing,not-looking,1477,658,718,679,815,0,standing,not-looking,1478,655,718,676,817,0,standing,not-looking,1479,652,719,673,819,0,standing,not-looking,1480,649,719,671,820,0,standing,not-looking,1481,645,718,668,822,0,standing,not-looking,1482,642,718,665,823,0,standing,not-looking,1483,639,717,662,824,0,standing,not-looking,1484,635,717,659,825,0,standing,not-looking,1485,632,716,656,826,0,standing,not-looking,1486,628,716,652,827,0,standing,not-looking,1487,623,715,649,827,0,standing,not-looking,1488,619,715,645,828,0,standing,not-looking,1489,615,714,641,829,0,standing,not-looking,1490,611,714,638,830,0,standing,not-looking,1491,606,712,633,830,0,standing,not-looking,1492,600,711,628,830,0,standing,not-looking,1493,595,710,623,830,0,standing,not-looking,1494,590,708,618,830,0,standing,not-looking,1495,585,707,614,830,0,standing,not-looking,1496,580,706,609,831,0,standing,not-looking,1497,575,704,604,832,0,standing,not-looking,1498,570,703,599,833,0,standing,not-looking,1499,565,702,594,834,0,standing,not-looking,1500,560,700,589,834,0,standing,not-looking,1501,553,699,583,835,0,standing,not-looking,1502,547,698,577,835,0,standing,not-looking,1503,541,696,572,835,0,standing,not-looking,1504,534,695,566,836,0,standing,not-looking
3_3_336,20062,465,675,520,842,0,standing,not-looking,20063,465,675,521,842,0,standing,not-looking,20064,465,675,521,842,0,standing,not-looking,20065,465,675,521,842,0,standing,not-looking,20066,465,675,521,842,0,standing,not-looking,20067,465,675,521,842,0,standing,not-looking,20068,465,675,521,842,0,standing,not-looking,20069,465,675,521,842,0,standing,not-looking,20070,465,675,521,842,0,standing,not-looking,20071,465,675,521,842,0,standing,not-looking,20072,465,675,521,842,0,standing,not-looking,20073,465,675,521,842,0,standing,not-looking,20074,465,675,521,842,0,standing,not-looking,20075,465,675,521,842,0,standing,not-looking,20076,465,675,521,842,0,standing,not-looking,20077,465,675,521,842,0,standing,not-looking,20078,465,675,521,842,0,standing,not-looking,20079,465,675,522,842,0,standing,not-looking,20080,465,675,522,842,0,standing,not-looking,20081,465,675,522,842,0,standing,not-looking,20082,465,675,522,842,0,standing,not-looking,20083,465,675,522,842,0,standing,not-looking,20084,465,675,522,842,0,standing,not-looking,20085,465,675,522,842,0,standing,not-looking,20086,465,675,522,842,0,standing,not-looking,20087,465,675,522,842,0,standing,not-looking,20088,465,675,522,842,0,standing,not-looking,20089,465,675,522,842,0,standing,not-looking,20090,465,675,522,842,0,standing,not-looking,20091,465,675,522,842,0,standing,not-looking,20092,465,675,522,842,0,standing,not-looking,20093,465,675,522,842,0,standing,not-looking
3_3_335,19560,72,608,164,863,0,walking,not-looking,19561,76,609,168,864,0,walking,not-looking,19562,80,609,173,865,0,walking,not-looking,19563,84,609,177,867,0,walking,not-looking,19564,88,610,181,868,0,walking,not-looking,19565,92,610,185,869,0,walking,not-looking,19566,96,611,190,872,0,walking,not-looking,19567,100,612,196,874,0,walking,not-looking,19568,104,613,201,877,0,walking,not-looking,19569,108,614,206,879,0,walking,looking,19570,113,615,211,882,0,walking,looking,19571,117,616,217,885,0,walking,looking,19572,121,617,222,887,0,walking,looking,19573,125,618,227,890,0,walking,looking,19574,129,619,232,892,0,walking,looking,19575,134,620,238,895,0,walking,looking,19576,138,621,237,898,0,walking,looking,19577,142,623,236,902,0,walking,looking,19578,147,624,235,905,0,walking,looking,19579,151,625,244,908,0,walking,looking,19580,156,627,253,912,0,walking,looking,19581,160,628,262,915,0,walking,looking,19582,165,629,270,918,0,walking,looking,19583,169,630,279,922,0,walking,looking,19584,174,632,288,925,0,walking,looking,19585,178,633,296,928,0,walking,looking,19586,185,634,299,928,0,walking,looking,19587,192,635,301,928,0,walking,looking,19588,199,636,303,928,0,walking,not-looking,19589,206,636,313,928,0,walking,not-looking,19590,213,637,323,928,0,walking,not-looking,19591,221,638,333,927,0,walking,not-looking
3_3_331,17987,130,584,214,876,0,walking,not-looking,17988,135,584,219,876,0,walking,not-looking,17989,140,585,224,877,0,walking,not-looking,17990,146,586,229,878,0,walking,not-looking,17991,151,586,235,878,0,walking,not-looking,17992,156,587,240,879,0,walking,not-looking,17993,161,588,245,880,0,walking,not-looking,17994,166,588,250,882,0,walking,not-looking,17995,172,588,255,884,0,walking,not-looking,17996,177,588,259,886,0,walking,not-looking,17997,182,588,264,889,0,walking,not-looking,17998,187,588,269,891,0,walking,not-looking,17999,192,588,273,893,0,walking,not-looking,18000,197,588,278,895,0,walking,not-looking,18001,202,588,283,897,0,walking,not-looking,18002,207,588,287,899,0,walking,not-looking,18003,212,588,292,901,0,walking,not-looking,18004,214,589,300,904,0,walking,not-looking,18005,216,591,309,906,0,walking,not-looking,18006,218,593,317,909,0,walking,not-looking,18007,220,594,326,911,0,walking,not-looking,18008,222,596,334,913,0,walking,not-looking,18009,224,598,342,916,0,walking,not-looking,18010,227,600,351,918,0,walking,not-looking,18011,229,601,359,921,0,walking,not-looking,18012,231,603,367,923,0,walking,not-looking,18013,233,605,376,925,0,walking,not-looking,18014,242,605,376,925,0,walking,not-looking,18015,251,605,376,924,0,walking,not-looking,18016,260,605,376,924,0,walking,not-looking,18017,268,605,376,923,0,walking,not-looking,18018,268,605,387,923,1,walking,not-looking
3_3_340,20106,719,744,736,798,0,standing,not-looking,20107,719,744,736,798,0,standing,not-looking,20108,719,744,736,798,0,standing,not-looking,20109,719,744,736,798,0,standing,not-looking,20110,719,744,736,798,0,standing,not-looking,20111,718,744,736,798,0,standing,not-looking,20112,718,744,736,798,0,standing,not-looking,20113,718,744,736,798,0,standing,not-looking,20114,718,744,735,798,0,standing,not-looking,20115,718,744,735,798,0,standing,not-looking,20116,718,744,735,798,0,standing,not-looking,20117,718,744,735,798,0,standing,not-looking,20118,718,744,735,798,0,standing,not-looking,20119,718,744,735,798,0,standing,not-looking,20120,718,744,735,798,0,standing,not-looking,20121,718,744,735,798,0,standing,not-looking,20122,718,744,735,798,0,standing,not-looking,20123,718,744,735,798,0,standing,not-looking,20124,718,744,735,798,0,standing,not-looking,20125,718,744,735,798,0,standing,not-looking,20126,718,744,735,798,0,standing,not-looking,20127,718,744,735,798,0,standing,not-looking,20128,718,744,735,798,0,standing,not-looking,20129,718,744,735,798,0,standing,not-looking,20130,718,744,735,798,0,standing,not-looking,20131,718,744,735,799,0,standing,not-looking,20132,718,744,735,799,0,standing,not-looking,20133,718,744,735,799,0,standing,not-looking,20134,718,744,735,799,0,standing,not-looking,20135,718,744,735,799,0,standing,not-looking,20136,718,744,735,799,0,standing,not-looking,20137,717,744,734,799,0,standing,not-looking
3_3_329,17598,536,661,588,870,0,standing,looking,17599,536,661,588,870,0,standing,looking,17600,536,661,588,871,0,standing,looking,17601,536,661,588,872,0,standing,looking,17602,536,661,588,872,0,standing,looking,17603,535,661,588,872,0,standing,looking,17604,534,661,588,872,0,standing,looking,17605,533,661,587,872,0,standing,looking,17606,532,661,587,872,0,standing,looking,17607,531,661,587,872,0,standing,looking,17608,531,661,586,872,0,standing,looking,17609,530,661,586,872,0,standing,looking,17610,529,661,586,872,0,standing,looking,17611,528,661,585,872,0,standing,looking,17612,527,661,585,872,0,standing,looking,17613,526,661,584,872,0,standing,looking,17614,525,661,583,872,0,standing,looking,17615,524,661,582,872,0,standing,looking,17616,523,661,581,872,0,standing,looking,17617,522,661,580,872,0,standing,looking,17618,521,662,579,873,0,standing,looking,17619,520,662,578,873,0,standing,looking,17620,519,662,577,873,0,standing,looking,17621,518,662,576,873,0,standing,looking,17622,517,662,575,873,0,standing,looking,17623,516,662,574,873,0,standing,looking,17624,515,661,573,872,0,standing,looking,17625,514,661,572,872,0,standing,looking,17626,513,661,571,872,0,standing,looking,17627,512,661,570,872,0,standing,looking,17628,511,661,568,872,0,standing,looking,17629,509,661,567,872,0,standing,looking
3_3_307,2345,1654,631,1739,888,0,walking,not-looking,2346,1650,631,1733,891,0,walking,not-looking,2347,1646,632,1728,894,0,walking,not-looking,2348,1642,632,1722,897,0,walking,not-looking,2349,1638,633,1720,901,0,walking,not-looking,2350,1634,633,1717,904,0,walking,not-looking,2351,1630,634,1714,907,0,walking,not-looking,2352,1626,634,1712,910,0,walking,not-looking,2353,1622,635,1709,913,0,walking,not-looking,2354,1617,634,1704,914,0,walking,not-looking,2355,1612,633,1699,915,0,walking,not-looking,2356,1607,633,1694,916,0,walking,not-looking,2357,1602,632,1690,917,0,walking,not-looking,2358,1597,632,1685,918,0,walking,not-looking,2359,1592,631,1679,920,0,walking,not-looking,2360,1586,631,1673,923,0,walking,not-looking,2361,1580,631,1667,925,0,walking,not-looking,2362,1574,630,1661,927,0,walking,not-looking,2363,1568,630,1656,929,0,walking,not-looking,2364,1559,633,1657,933,0,walking,not-looking,2365,1549,635,1658,936,0,walking,not-looking,2366,1540,638,1659,940,0,walking,not-looking,2367,1530,640,1661,943,0,walking,not-looking,2368,1520,643,1662,947,0,walking,not-looking,2369,1517,642,1654,949,0,walking,not-looking,2370,1514,640,1646,951,0,walking,not-looking,2371,1511,639,1638,953,0,walking,not-looking,2372,1508,638,1630,955,0,walking,not-looking,2373,1505,637,1622,958,0,walking,not-looking,2374,1498,637,1610,959,0,walking,not-looking,2375,1491,636,1597,961,0,walking,not-looking,2376,1485,636,1585,963,0,walking,not-looking
3_4_378,15446,1361,675,1443,909,2,standing,not-looking,15447,1361,675,1443,909,1,standing,not-looking,15448,1361,675,1443,909,1,standing,not-looking,15449,1361,675,1443,909,1,standing,not-looking,15450,1361,675,1443,909,1,standing,not-looking,15451,1361,675,1443,909,1,standing,not-looking,15452,1361,675,1443,909,1,standing,not-looking,15453,1361,675,1443,909,1,standing,not-looking,15454,1360,675,1443,909,1,standing,not-looking,15455,1360,675,1442,909,1,standing,not-looking,15456,1360,675,1442,909,1,standing,not-looking,15457,1360,675,1442,909,1,standing,not-looking,15458,1360,675,1442,909,1,standing,not-looking,15459,1360,675,1442,909,1,standing,not-looking,15460,1360,675,1442,909,1,standing,not-looking,15461,1360,675,1442,909,1,standing,not-looking,15462,1359,675,1442,909,1,standing,not-looking,15463,1359,675,1441,909,1,standing,not-looking,15464,1359,675,1441,909,1,standing,not-looking,15465,1359,675,1441,909,1,standing,not-looking,15466,1359,675,1441,909,1,standing,not-looking,15467,1359,675,1441,909,1,standing,not-looking,15468,1359,675,1441,909,1,standing,not-looking,15469,1359,675,1441,909,1,standing,not-looking,15470,1358,675,1441,910,1,standing,not-looking,15471,1358,675,1440,910,1,standing,not-looking,15472,1358,675,1440,910,1,standing,not-looking,15473,1358,676,1440,910,1,standing,not-looking,15474,1358,676,1440,910,1,standing,not-looking,15475,1358,676,1440,910,1,standing,not-looking,15476,1358,676,1440,910,1,standing,not-looking,15477,1358,676,1440,910,1,standing,not-looking
3_4_353,9532,562,711,600,828,0,walking,not-looking,9533,560,711,599,829,0,walking,not-looking,9534,558,711,598,830,0,walking,not-looking,9535,556,711,595,831,0,walking,not-looking,9536,554,711,592,832,0,walking,not-looking,9537,552,711,590,833,0,walking,not-looking,9538,551,711,587,834,0,walking,not-looking,9539,549,710,584,835,0,walking,not-looking,9540,547,710,582,836,0,walking,not-looking,9541,545,710,579,837,0,walking,not-looking,9542,544,710,576,837,0,walking,not-looking,9543,542,709,574,838,0,walking,not-looking,9544,540,709,571,839,0,walking,not-looking,9545,538,710,570,840,0,walking,not-looking,9546,535,710,570,841,0,walking,not-looking,9547,532,711,569,843,0,walking,not-looking,9548,529,711,568,844,0,walking,not-looking,9549,527,712,568,845,0,walking,not-looking,9550,523,711,564,844,0,walking,not-looking,9551,520,710,561,844,0,walking,not-looking,9552,516,710,557,843,0,walking,not-looking,9553,513,709,554,842,1,walking,not-looking,9554,503,709,554,847,1,walking,not-looking,9555,503,709,554,847,2,walking,not-looking,9556,503,709,549,849,2,walking,not-looking,9557,503,709,544,850,2,walking,not-looking,9558,503,709,539,851,1,walking,not-looking,9559,498,709,534,854,0,walking,not-looking,9560,494,710,529,856,0,walking,not-looking,9561,490,709,527,856,0,walking,not-looking,9562,486,709,524,857,0,walking,not-looking,9563,482,708,522,857,0,standing,not-looking
3_4_376,15573,1410,712,1487,899,0,standing,not-looking,15574,1410,712,1487,899,0,standing,not-looking,15575,1410,712,1487,899,0,standing,not-looking,15576,1410,712,1487,899,0,standing,not-looking,15577,1410,712,1487,899,0,standing,not-looking,15578,1410,712,1487,899,0,standing,not-looking,15579,1410,712,1487,899,0,standing,not-looking,15580,1410,712,1487,899,0,standing,not-looking,15581,1410,712,1487,899,0,standing,not-looking,15582,1410,712,1487,899,0,standing,not-looking,15583,1410,712,1487,899,0,standing,not-looking,15584,1410,712,1487,899,0,standing,not-looking,15585,1410,712,1487,899,0,standing,not-looking,15586,1410,712,1487,899,0,standing,not-looking,15587,1410,713,1487,900,0,standing,not-looking,15588,1410,713,1487,900,0,standing,not-looking,15589,1410,713,1487,900,0,standing,not-looking,15590,1410,713,1487,900,0,standing,not-looking,15591,1410,713,1487,900,0,standing,not-looking,15592,1410,713,1487,900,0,standing,not-looking,15593,1410,713,1487,900,0,standing,not-looking,15594,1410,713,1487,900,0,standing,not-looking,15595,1410,713,1487,900,0,standing,not-looking,15596,1410,713,1487,900,0,standing,not-looking,15597,1410,713,1487,900,0,standing,not-looking,15598,1410,713,1487,900,0,standing,not-looking,15599,1410,713,1487,900,0,standing,not-looking,15600,1410,713,1487,900,0,standing,not-looking,15601,1410,713,1487,900,0,standing,not-looking,15602,1410,713,1487,900,0,standing,not-looking,15603,1410,713,1487,900,0,standing,not-looking,15604,1410,713,1487,900,0,standing,not-looking
3_4_382,15572,1700,666,1758,852,0,standing,not-looking,15573,1700,666,1758,852,0,standing,not-looking,15574,1700,666,1758,852,0,standing,not-looking,15575,1700,666,1758,852,0,standing,not-looking,15576,1700,666,1758,852,0,standing,not-looking,15577,1700,666,1758,852,0,standing,not-looking,15578,1700,666,1759,852,0,standing,not-looking,15579,1700,666,1759,852,0,standing,not-looking,15580,1701,666,1759,852,0,standing,not-looking,15581,1701,666,1759,852,0,standing,not-looking,15582,1701,666,1759,852,0,standing,not-looking,15583,1701,666,1759,852,0,standing,not-looking,15584,1701,666,1759,852,0,standing,not-looking,15585,1701,666,1759,852,0,standing,not-looking,15586,1701,666,1759,852,0,standing,not-looking,15587,1701,666,1759,852,0,standing,not-looking,15588,1701,666,1759,852,0,standing,not-looking,15589,1701,666,1759,852,0,standing,not-looking,15590,1701,666,1759,853,0,standing,not-looking,15591,1701,666,1759,853,0,standing,not-looking,15592,1701,666,1759,853,0,standing,not-looking,15593,1701,666,1759,853,0,standing,not-looking,15594,1701,666,1759,853,0,standing,not-looking,15595,1702,666,1759,853,0,standing,not-looking,15596,1702,666,1759,853,0,standing,not-looking,15597,1702,666,1759,853,0,standing,not-looking,15598,1702,666,1759,853,0,standing,not-looking,15599,1702,666,1759,853,0,standing,not-looking,15600,1702,666,1759,853,0,standing,not-looking,15601,1702,667,1759,853,0,standing,not-looking,15602,1702,667,1759,853,0,standing,not-looking,15603,1702,667,1760,853,0,standing,not-looking
3_4_375,15578,1660,659,1725,871,0,standing,not-looking,15579,1660,659,1725,871,0,standing,not-looking,15580,1660,659,1726,871,0,standing,not-looking,15581,1660,659,1726,871,0,standing,not-looking,15582,1660,659,1726,871,0,standing,not-looking,15583,1660,660,1726,871,0,standing,not-looking,15584,1660,660,1726,871,0,standing,not-looking,15585,1660,660,1726,871,0,standing,not-looking,15586,1660,660,1726,871,0,standing,not-looking,15587,1660,660,1726,871,0,standing,not-looking,15588,1660,660,1726,871,0,standing,not-looking,15589,1660,660,1726,871,0,standing,not-looking,15590,1660,660,1726,871,0,standing,not-looking,15591,1660,660,1726,871,0,standing,not-looking,15592,1660,660,1726,871,0,standing,not-looking,15593,1661,660,1726,871,0,standing,not-looking,15594,1661,660,1726,871,0,standing,not-looking,15595,1661,660,1726,871,0,standing,not-looking,15596,1661,660,1726,871,0,standing,not-looking,15597,1661,660,1726,871,0,standing,not-looking,15598,1661,660,1726,871,0,standing,not-looking,15599,1661,660,1726,871,0,standing,not-looking,15600,1661,660,1726,871,0,standing,not-looking,15601,1661,660,1727,871,0,standing,not-looking,15602,1661,660,1727,871,0,standing,not-looking,15603,1661,660,1727,871,0,standing,not-looking,15604,1661,660,1727,871,0,standing,not-looking,15605,1661,660,1727,871,0,standing,not-looking,15606,1661,660,1727,871,0,standing,not-looking,15607,1661,660,1727,871,0,standing,not-looking,15608,1661,660,1727,871,0,standing,not-looking,15609,1661,660,1727,871,0,standing,not-looking
3_4_354,9544,459,717,485,805,2,walking,not-looking,9545,456,717,483,808,2,walking,not-looking,9546,454,716,481,811,2,walking,not-looking,9547,451,716,479,814,2,walking,not-looking,9548,449,716,477,817,2,walking,not-looking,9549,445,716,477,819,2,walking,not-looking,9550,441,715,477,821,2,walking,not-looking,9551,437,715,477,823,2,walking,not-looking,9552,433,715,476,825,2,walking,not-looking,9553,429,715,476,827,2,walking,not-looking,9554,426,714,473,827,2,walking,not-looking,9555,422,714,470,828,2,walking,not-looking,9556,419,713,467,828,2,walking,not-looking,9557,415,713,464,829,1,walking,not-looking,9558,412,712,461,829,1,walking,not-looking,9559,408,712,456,830,1,walking,not-looking,9560,405,712,451,831,1,walking,not-looking,9561,402,711,446,832,0,walking,not-looking,9562,398,711,442,834,0,walking,not-looking,9563,395,710,437,835,0,walking,not-looking,9564,392,710,437,835,0,walking,not-looking,9565,390,710,437,835,1,walking,not-looking,9566,384,712,431,836,1,walking,not-looking,9567,384,712,431,836,2,walking,not-looking,9568,376,716,423,840,2,walking,not-looking,9569,367,721,414,845,2,walking,not-looking,9570,364,714,414,847,2,walking,not-looking,9571,361,714,414,848,1,walking,not-looking,9572,358,714,414,850,1,walking,not-looking,9573,358,714,405,854,0,walking,not-looking,9574,353,714,401,854,0,walking,not-looking,9575,349,713,396,854,0,walking,not-looking
3_4_380,15563,1106,746,1133,814,0,standing,not-looking,15564,1106,746,1133,814,0,standing,not-looking,15565,1106,746,1133,814,0,standing,not-looking,15566,1106,746,1133,814,0,standing,not-looking,15567,1106,746,1133,814,0,standing,not-looking,15568,1106,746,1133,814,0,standing,not-looking,15569,1106,746,1133,814,0,standing,not-looking,15570,1106,746,1133,814,0,standing,not-looking,15571,1106,746,1133,814,0,standing,not-looking,15572,1106,746,1133,814,0,standing,not-looking,15573,1106,746,1133,814,0,standing,not-looking,15574,1106,746,1133,814,0,standing,not-looking,15575,1106,746,1133,814,0,standing,not-looking,15576,1106,746,1133,814,0,standing,not-looking,15577,1106,746,1133,814,0,standing,not-looking,15578,1106,746,1133,814,0,standing,not-looking,15579,1106,746,1133,814,0,standing,not-looking,15580,1106,746,1133,814,1,standing,not-looking,15581,1106,746,1133,814,1,standing,not-looking,15582,1106,746,1133,814,1,standing,not-looking,15583,1106,746,1133,814,2,standing,not-looking,15584,1106,746,1133,814,2,standing,not-looking,15585,1106,746,1133,814,2,standing,not-looking,15586,1106,746,1133,814,2,standing,not-looking,15587,1106,746,1133,814,2,standing,not-looking,15588,1106,746,1133,814,2,standing,not-looking,15589,1106,746,1133,814,2,standing,not-looking,15590,1106,746,1133,814,2,standing,not-looking,15591,1106,746,1133,814,0,standing,not-looking,15592,1106,746,1133,814,0,standing,not-looking,15593,1106,746,1133,814,0,standing,not-looking,15594,1106,746,1133,814,0,standing,not-looking
3_4_383,15601,1191,742,1213,806,0,standing,not-looking,15602,1191,742,1213,806,0,standing,not-looking,15603,1191,742,1214,806,0,standing,not-looking,15604,1191,742,1214,806,0,standing,not-looking,15605,1191,742,1214,806,0,standing,not-looking,15606,1191,742,1214,806,0,standing,not-looking,15607,1191,742,1214,806,0,standing,not-looking,15608,1191,742,1214,806,0,standing,not-looking,15609,1191,742,1214,806,0,standing,not-looking,15610,1192,742,1214,807,0,standing,not-looking,15611,1192,742,1214,807,0,standing,not-looking,15612,1192,742,1214,807,0,standing,not-looking,15613,1192,743,1214,807,0,standing,not-looking,15614,1192,743,1214,807,0,standing,not-looking,15615,1192,743,1215,808,0,standing,not-looking,15616,1192,743,1215,808,0,standing,not-looking,15617,1192,744,1215,808,0,standing,not-looking,15618,1192,744,1215,808,0,standing,not-looking,15619,1192,744,1215,809,0,standing,not-looking,15620,1192,744,1215,809,0,standing,not-looking,15621,1192,745,1215,809,0,standing,not-looking,15622,1192,745,1215,809,0,standing,not-looking,15623,1192,745,1215,810,0,standing,not-looking,15624,1192,745,1215,810,0,standing,not-looking,15625,1192,746,1215,810,0,standing,not-looking,15626,1192,746,1215,810,0,standing,not-looking,15627,1192,746,1215,811,0,standing,not-looking,15628,1192,746,1216,811,0,standing,not-looking,15629,1192,747,1216,811,0,standing,not-looking,15630,1192,747,1216,811,0,standing,not-looking,15631,1192,747,1216,812,0,standing,not-looking,15632,1192,747,1216,811,0,standing,not-looking
3_4_361,11996,1018,724,1038,783,0,walking,looking,11997,1018,723,1037,782,0,walking,looking,11998,1017,722,1036,781,0,walking,looking,11999,1015,721,1037,780,0,walking,looking,12000,1013,720,1037,779,0,walking,looking,12001,1011,719,1037,779,0,walking,looking,12002,1009,718,1038,778,0,walking,looking,12003,1007,717,1038,777,0,walking,looking,12004,1006,715,1037,775,0,walking,looking,12005,1006,714,1036,774,0,walking,looking,12006,1006,715,1036,775,0,walking,looking,12007,1006,716,1035,776,0,walking,looking,12008,1006,718,1034,777,0,walking,looking,12009,1006,719,1033,779,0,walking,looking,12010,1007,720,1032,781,0,walking,looking,12011,1008,721,1030,783,0,walking,looking,12012,1009,722,1029,785,0,walking,looking,12013,1009,723,1027,786,0,walking,looking,12014,1008,724,1028,788,0,walking,looking,12015,1006,725,1028,790,0,walking,looking,12016,1004,727,1028,792,0,walking,looking,12017,1002,728,1029,794,0,walking,looking,12018,1001,730,1029,796,0,walking,looking,12019,999,731,1030,797,0,walking,looking,12020,998,732,1031,798,0,walking,looking,12021,997,733,1032,799,0,walking,looking,12022,996,734,1033,800,0,walking,looking,12023,994,734,1033,801,0,walking,looking,12024,996,737,1033,803,0,walking,looking,12025,997,739,1033,805,0,walking,looking,12026,998,741,1033,807,0,walking,looking,12027,1000,744,1032,810,0,walking,looking
3_4_381,15689,1147,728,1171,791,0,walking,not-looking,15690,1146,729,1169,792,0,walking,not-looking,15691,1144,729,1168,793,0,walking,not-looking,15692,1142,730,1167,794,0,walking,not-looking,15693,1140,731,1165,795,0,walking,not-looking,15694,1138,731,1164,796,0,walking,not-looking,15695,1137,732,1163,798,0,walking,not-looking,15696,1135,733,1161,799,0,walking,not-looking,15697,1133,733,1160,800,0,walking,not-looking,15698,1131,734,1159,801,0,walking,not-looking,15699,1130,735,1158,802,0,walking,not-looking,15700,1128,736,1156,803,0,walking,not-looking,15701,1127,736,1155,804,0,walking,not-looking,15702,1126,737,1154,805,0,walking,not-looking,15703,1124,738,1152,807,0,walking,not-looking,15704,1123,739,1151,808,0,walking,not-looking,15705,1122,739,1150,809,0,walking,not-looking,15706,1120,740,1148,810,0,walking,not-looking,15707,1119,741,1147,811,0,walking,not-looking,15708,1118,742,1146,812,0,walking,not-looking,15709,1116,743,1144,814,0,walking,not-looking,15710,1114,742,1143,814,0,walking,not-looking,15711,1113,742,1141,814,0,walking,not-looking,15712,1111,742,1140,813,0,walking,not-looking,15713,1109,742,1138,813,0,walking,not-looking,15714,1107,742,1136,813,0,walking,not-looking,15715,1105,741,1135,813,0,walking,not-looking,15716,1104,741,1133,813,0,walking,not-looking,15717,1102,741,1132,813,0,walking,not-looking,15718,1100,741,1130,813,0,walking,not-looking,15719,1098,741,1129,813,0,walking,not-looking,15720,1096,740,1126,813,0,walking,not-looking
3_4_350,9408,1058,739,1080,784,0,walking,not-looking,9409,1057,740,1078,785,0,walking,not-looking,9410,1057,742,1077,787,0,walking,not-looking,9411,1057,744,1075,789,0,walking,not-looking,9412,1057,746,1074,791,0,walking,not-looking,9413,1057,748,1072,793,0,walking,not-looking,9414,1055,748,1073,792,0,walking,not-looking,9415,1054,747,1073,792,0,walking,not-looking,9416,1052,747,1074,792,0,walking,not-looking,9417,1051,747,1074,791,0,walking,not-looking,9418,1049,747,1075,791,0,walking,not-looking,9419,1049,746,1074,790,0,walking,not-looking,9420,1049,745,1073,789,0,walking,not-looking,9421,1049,744,1073,788,0,walking,not-looking,9422,1048,742,1072,786,0,walking,not-looking,9423,1048,741,1072,785,0,walking,not-looking,9424,1047,740,1070,785,0,walking,not-looking,9425,1047,739,1068,784,0,walking,not-looking,9426,1046,738,1066,783,0,walking,not-looking,9427,1046,737,1064,782,0,walking,not-looking,9428,1045,735,1062,781,0,walking,not-looking,9429,1044,735,1060,781,0,walking,not-looking,9430,1040,737,1061,783,0,walking,not-looking,9431,1040,738,1061,784,0,walking,not-looking,9432,1039,740,1060,786,1,walking,not-looking,9433,1039,740,1060,786,1,walking,not-looking,9434,1039,740,1060,786,2,walking,not-looking,9435,1038,741,1059,787,2,walking,not-looking,9436,1032,742,1058,788,2,walking,not-looking,9437,1032,742,1054,788,1,walking,not-looking,9438,1029,744,1046,791,1,walking,not-looking,9439,1029,744,1046,791,0,walking,not-looking
3_4_352,9532,597,722,631,823,0,standing,not-looking,9533,594,722,629,824,0,standing,not-looking,9534,592,722,626,825,0,standing,not-looking,9535,589,722,623,826,0,standing,not-looking,9536,586,721,620,827,0,standing,not-looking,9537,583,721,618,828,0,standing,not-looking,9538,581,721,615,829,0,standing,not-looking,9539,578,721,614,830,0,standing,not-looking,9540,574,720,613,831,0,standing,not-looking,9541,571,720,612,832,0,standing,not-looking,9542,568,720,612,834,0,standing,not-looking,9543,565,720,611,835,0,standing,not-looking,9544,563,719,609,835,0,standing,not-looking,9545,561,719,606,836,0,standing,not-looking,9546,558,718,604,837,0,standing,not-looking,9547,558,718,604,837,0,standing,not-looking,9548,558,718,604,837,1,standing,not-looking,9549,553,718,598,840,2,standing,not-looking,9550,547,718,596,840,2,standing,not-looking,9551,542,717,594,840,2,standing,not-looking,9552,537,716,591,840,2,standing,not-looking,9553,531,716,589,840,2,standing,not-looking,9554,526,715,587,840,2,standing,not-looking,9555,526,715,587,840,1,standing,not-looking,9556,526,715,581,840,1,standing,not-looking,9557,523,714,575,842,1,standing,not-looking,9558,519,716,570,844,1,standing,not-looking,9559,516,718,568,846,1,standing,not-looking,9560,512,717,562,847,1,standing,not-looking,9561,507,717,557,849,1,standing,not-looking,9562,503,716,552,850,1,standing,not-looking,9563,499,715,547,852,1,standing,not-looking
3_4_355,9776,12,635,72,880,2,walking,not-looking,9777,14,635,78,881,2,walking,not-looking,9778,17,634,83,881,2,walking,not-looking,9779,17,634,85,881,2,walking,not-looking,9780,17,634,87,882,2,walking,not-looking,9781,17,634,88,882,2,walking,not-looking,9782,17,634,90,882,2,walking,not-looking,9783,17,634,92,882,2,walking,not-looking,9784,18,635,92,882,2,walking,not-looking,9785,18,635,93,883,2,walking,not-looking,9786,19,635,94,883,2,walking,not-looking,9787,20,636,95,883,2,walking,not-looking,9788,21,636,96,884,2,walking,not-looking,9789,27,636,102,884,2,walking,not-looking,9790,34,637,108,884,1,walking,not-looking,9791,43,639,113,885,1,walking,not-looking,9792,52,642,118,885,1,walking,not-looking,9793,62,644,123,885,1,walking,not-looking,9794,62,647,130,884,1,walking,not-looking,9795,62,650,138,883,1,walking,not-looking,9796,62,650,141,884,1,walking,not-looking,9797,63,651,144,885,1,walking,not-looking,9798,64,651,147,885,1,walking,not-looking,9799,64,652,150,886,1,walking,not-looking,9800,64,652,150,886,2,walking,not-looking,9801,71,654,156,887,2,walking,not-looking,9802,77,656,162,889,2,walking,not-looking,9803,83,657,169,891,2,walking,not-looking,9804,92,657,171,890,2,walking,not-looking,9805,102,656,173,888,2,walking,not-looking,9806,112,656,175,887,1,walking,not-looking,9807,119,656,183,888,1,walking,not-looking
3_4_374,15444,1279,689,1410,941,1,standing,not-looking,15445,1279,689,1410,941,2,standing,not-looking,15446,1279,689,1410,941,2,standing,not-looking,15447,1279,689,1410,941,2,standing,not-looking,15448,1279,689,1410,941,1,standing,not-looking,15449,1279,689,1410,941,0,standing,not-looking,15450,1279,689,1410,941,0,standing,not-looking,15451,1279,690,1410,941,0,standing,not-looking,15452,1279,690,1409,941,0,standing,not-looking,15453,1279,691,1409,941,0,standing,not-looking,15454,1279,691,1409,941,0,standing,not-looking,15455,1279,691,1408,941,0,standing,not-looking,15456,1279,692,1408,941,0,standing,not-looking,15457,1279,692,1408,941,0,standing,not-looking,15458,1279,693,1408,941,0,standing,not-looking,15459,1279,693,1407,941,0,standing,not-looking,15460,1279,694,1407,941,0,standing,not-looking,15461,1279,694,1407,941,0,standing,not-looking,15462,1279,694,1406,941,0,standing,not-looking,15463,1279,695,1406,941,0,standing,not-looking,15464,1279,695,1406,940,0,standing,not-looking,15465,1279,696,1406,940,0,standing,not-looking,15466,1279,696,1405,940,0,standing,not-looking,15467,1279,697,1405,940,0,standing,not-looking,15468,1279,697,1405,940,0,standing,not-looking,15469,1279,697,1404,940,0,standing,not-looking,15470,1279,698,1404,940,0,standing,not-looking,15471,1279,698,1404,940,0,standing,not-looking,15472,1279,699,1404,940,0,standing,not-looking,15473,1279,699,1403,940,0,standing,not-looking,15474,1279,700,1403,940,0,standing,not-looking,15475,1279,700,1403,940,0,standing,not-looking
3_4_377,15556,1534,683,1626,878,0,standing,not-looking,15557,1534,683,1626,878,0,standing,not-looking,15558,1534,683,1626,878,0,standing,not-looking,15559,1534,683,1626,878,0,standing,not-looking,15560,1534,683,1626,878,0,standing,not-looking,15561,1534,683,1626,878,0,standing,not-looking,15562,1534,683,1626,878,0,standing,not-looking,15563,1534,684,1626,878,0,standing,not-looking,15564,1534,684,1626,878,0,standing,not-looking,15565,1534,684,1626,878,0,standing,not-looking,15566,1534,684,1626,878,0,standing,not-looking,15567,1534,684,1626,878,0,standing,not-looking,15568,1534,684,1626,878,0,standing,not-looking,15569,1534,684,1626,878,0,standing,not-looking,15570,1534,684,1626,879,0,standing,not-looking,15571,1534,684,1626,879,0,standing,not-looking,15572,1534,684,1626,879,0,standing,not-looking,15573,1534,684,1626,879,0,standing,not-looking,15574,1534,684,1627,879,0,standing,not-looking,15575,1534,684,1627,879,0,standing,not-looking,15576,1534,684,1627,879,0,standing,not-looking,15577,1534,684,1627,879,0,standing,not-looking,15578,1535,684,1627,879,0,standing,not-looking,15579,1535,684,1627,879,0,standing,not-looking,15580,1535,684,1627,879,0,standing,not-looking,15581,1535,684,1627,879,0,standing,not-looking,15582,1535,685,1627,879,0,standing,not-looking,15583,1535,685,1627,879,0,standing,not-looking,15584,1535,685,1627,879,0,standing,not-looking,15585,1535,685,1627,879,0,standing,not-looking,15586,1535,685,1627,879,0,standing,not-looking,15587,1535,685,1627,879,0,standing,not-looking
3_4_379,15566,1625,673,1677,842,0,standing,not-looking,15567,1625,673,1677,842,0,standing,not-looking,15568,1625,673,1677,842,0,standing,not-looking,15569,1625,673,1677,842,0,standing,not-looking,15570,1625,673,1677,842,0,standing,not-looking,15571,1625,673,1677,842,0,standing,not-looking,15572,1625,673,1677,842,0,standing,not-looking,15573,1625,673,1677,842,0,standing,not-looking,15574,1625,673,1677,842,0,standing,not-looking,15575,1625,673,1677,842,0,standing,not-looking,15576,1625,673,1677,842,0,standing,not-looking,15577,1625,673,1677,842,0,standing,not-looking,15578,1625,673,1677,842,0,standing,not-looking,15579,1625,673,1677,842,0,standing,not-looking,15580,1625,673,1677,842,0,standing,not-looking,15581,1625,673,1677,842,0,standing,not-looking,15582,1625,673,1677,842,0,standing,not-looking,15583,1626,673,1677,842,0,standing,not-looking,15584,1626,673,1677,842,0,standing,not-looking,15585,1626,673,1677,842,0,standing,not-looking,15586,1626,673,1677,842,0,standing,not-looking,15587,1626,673,1677,842,0,standing,not-looking,15588,1626,673,1677,842,0,standing,not-looking,15589,1626,673,1677,842,0,standing,not-looking,15590,1626,673,1677,842,0,standing,not-looking,15591,1626,673,1677,842,0,standing,not-looking,15592,1626,673,1677,842,0,standing,not-looking,15593,1626,673,1677,842,0,standing,not-looking,15594,1626,673,1677,842,0,standing,not-looking,15595,1626,673,1677,842,0,standing,not-looking,15596,1626,673,1677,842,0,standing,not-looking,15597,1626,673,1677,842,0,standing,not-looking
3_4_357,10161,0,638,38,857,1,walking,not-looking,10162,0,638,47,857,1,walking,not-looking,10163,0,638,47,857,0,walking,not-looking,10164,0,641,49,860,0,walking,not-looking,10165,0,644,52,863,0,walking,not-looking,10166,0,647,55,865,0,walking,not-looking,10167,0,650,57,868,0,walking,not-looking,10168,0,652,60,870,0,walking,not-looking,10169,3,652,61,871,0,walking,not-looking,10170,5,651,62,872,0,walking,not-looking,10171,8,650,62,872,0,walking,not-looking,10172,10,649,63,873,0,walking,not-looking,10173,13,649,64,873,0,walking,not-looking,10174,15,649,67,874,0,walking,not-looking,10175,18,649,69,875,0,walking,not-looking,10176,20,650,72,876,0,walking,not-looking,10177,22,650,75,878,0,walking,not-looking,10178,24,650,77,879,0,walking,not-looking,10179,27,651,83,881,0,walking,not-looking,10180,30,652,89,883,0,walking,not-looking,10181,33,653,94,885,0,walking,not-looking,10182,35,654,100,887,0,walking,not-looking,10183,38,656,106,889,0,walking,not-looking,10184,41,655,107,891,0,walking,not-looking,10185,43,655,108,893,0,walking,not-looking,10186,45,655,110,895,0,walking,not-looking,10187,48,655,111,897,0,walking,not-looking,10188,50,655,112,898,0,walking,not-looking,10189,54,655,116,899,0,walking,not-looking,10190,57,654,121,899,0,walking,not-looking,10191,60,654,125,899,0,walking,not-looking,10192,64,654,130,900,0,walking,not-looking
3_4_349,8291,1260,727,1297,856,2,walking,not-looking,8291,1260,727,1297,856,2,walking,not-looking,8291,1260,727,1297,856,2,walking,not-looking,8291,1260,727,1297,856,2,walking,not-looking,8291,1260,727,1297,856,2,walking,not-looking,8291,1260,727,1297,856,2,walking,not-looking,8291,1260,727,1297,856,2,walking,not-looking,8291,1260,727,1297,856,2,walking,not-looking,8291,1260,727,1297,856,2,walking,not-looking,8291,1260,727,1297,856,2,walking,not-looking,8291,1260,727,1297,856,2,walking,not-looking,8291,1260,727,1297,856,2,walking,not-looking,8291,1260,727,1297,856,2,walking,not-looking,8291,1260,727,1297,856,2,walking,not-looking,8291,1260,727,1297,856,2,walking,not-looking,8291,1260,727,1297,856,2,walking,not-looking,8291,1260,727,1297,856,2,walking,not-looking,8291,1260,727,1297,856,2,walking,not-looking,8291,1260,727,1297,856,2,walking,not-looking,8292,1257,729,1293,857,1,walking,not-looking,8293,1256,729,1292,858,0,walking,not-looking,8294,1249,729,1292,858,0,walking,not-looking,8295,1243,729,1292,858,0,walking,not-looking,8296,1242,730,1292,859,0,walking,not-looking,8297,1241,731,1291,860,0,walking,not-looking,8298,1241,732,1291,860,0,walking,not-looking,8299,1240,732,1290,861,0,walking,not-looking,8300,1240,733,1289,862,0,walking,not-looking,8301,1237,732,1285,863,0,walking,not-looking,8302,1235,731,1281,864,0,walking,looking,8303,1232,730,1277,865,0,walking,looking,8304,1230,730,1273,867,0,walking,looking
3_5_417,11634,812,734,831,784,1,walking,looking,11635,812,733,832,783,1,walking,looking,11636,813,731,832,781,1,walking,looking,11637,813,730,833,780,1,walking,looking,11638,814,728,833,779,1,walking,looking,11639,815,727,834,777,1,walking,looking,11640,815,727,834,778,1,walking,looking,11641,815,728,834,778,1,walking,looking,11642,816,728,835,779,1,walking,looking,11643,816,728,836,780,1,walking,looking,11644,816,728,837,780,1,walking,looking,11645,816,728,837,781,1,walking,looking,11646,816,728,838,782,1,walking,looking,11647,816,728,839,783,1,walking,not-looking,11648,817,729,839,784,1,walking,not-looking,11649,817,729,838,785,1,walking,not-looking,11650,818,730,838,786,1,walking,not-looking,11651,818,730,837,788,0,walking,not-looking,11652,818,731,837,788,0,walking,not-looking,11653,818,731,839,788,0,walking,not-looking,11654,817,730,840,788,0,walking,not-looking,11655,817,730,841,788,0,walking,not-looking,11656,817,730,843,788,0,walking,not-looking,11657,816,730,844,788,0,walking,not-looking,11658,816,730,845,788,0,walking,not-looking,11659,815,730,846,788,0,walking,not-looking,11660,815,730,848,788,0,walking,not-looking,11661,814,730,849,788,0,walking,not-looking,11662,814,730,850,788,0,walking,not-looking,11663,815,730,850,789,0,walking,not-looking,11664,816,730,850,790,0,walking,not-looking,11665,818,730,851,791,0,walking,not-looking
3_5_407,9905,889,736,900,790,0,walking,not-looking,9906,887,736,899,790,0,walking,not-looking,9907,886,736,898,791,0,walking,not-looking,9908,885,736,897,791,0,walking,not-looking,9909,884,736,896,792,0,walking,not-looking,9910,882,736,895,792,0,walking,not-looking,9911,881,736,894,793,0,walking,not-looking,9912,880,736,893,794,0,walking,not-looking,9913,878,736,892,794,0,walking,not-looking,9914,877,736,891,795,0,walking,not-looking,9915,876,736,890,795,0,walking,not-looking,9916,875,737,889,796,0,walking,not-looking,9917,873,736,888,796,0,walking,not-looking,9918,872,736,887,797,0,walking,not-looking,9919,870,736,886,797,0,walking,not-looking,9920,869,736,885,797,0,walking,not-looking,9921,868,736,884,798,0,walking,not-looking,9922,866,736,883,798,0,walking,not-looking,9923,865,735,882,799,0,walking,not-looking,9924,863,735,881,799,0,walking,not-looking,9925,862,735,880,799,0,walking,not-looking,9926,860,735,879,800,0,walking,not-looking,9927,859,735,878,800,0,walking,not-looking,9928,858,735,877,801,0,walking,not-looking,9929,856,735,876,801,0,walking,not-looking,9930,855,734,875,801,0,walking,not-looking,9931,853,734,874,802,0,walking,not-looking,9932,852,735,873,803,0,walking,not-looking,9933,850,735,872,804,0,walking,not-looking,9934,849,736,871,805,0,walking,not-looking,9935,847,737,870,806,0,walking,not-looking,9936,846,737,869,807,0,walking,not-looking
3_5_412,10325,1093,741,1115,787,2,walking,not-looking,10325,1093,741,1115,787,2,walking,not-looking,10325,1093,741,1115,787,2,walking,not-looking,10325,1093,741,1115,787,2,walking,not-looking,10325,1093,741,1115,787,2,walking,not-looking,10325,1093,741,1115,787,2,walking,not-looking,10325,1093,741,1115,787,2,walking,not-looking,10326,1090,742,1112,788,1,walking,not-looking,10327,1089,742,1113,788,1,walking,not-looking,10328,1089,742,1113,788,1,walking,not-looking,10329,1088,742,1113,788,1,walking,not-looking,10330,1088,741,1113,788,0,walking,not-looking,10331,1087,740,1113,788,0,walking,not-looking,10332,1087,740,1112,789,0,walking,not-looking,10333,1087,739,1112,789,0,walking,not-looking,10334,1086,738,1112,789,0,walking,not-looking,10335,1086,737,1112,790,0,walking,not-looking,10336,1084,737,1111,790,0,walking,not-looking,10337,1082,737,1110,790,0,walking,not-looking,10338,1080,737,1109,790,0,walking,not-looking,10339,1078,736,1108,790,0,walking,not-looking,10340,1076,736,1107,790,0,walking,not-looking,10341,1075,737,1106,790,0,walking,not-looking,10342,1074,737,1105,791,0,walking,not-looking,10343,1073,738,1104,791,0,walking,not-looking,10344,1072,738,1103,792,0,walking,not-looking,10345,1071,738,1102,792,0,walking,not-looking,10346,1070,739,1101,793,0,walking,not-looking,10347,1069,739,1100,794,0,walking,not-looking,10348,1068,740,1099,795,0,walking,not-looking,10349,1066,740,1099,796,0,walking,not-looking,10350,1065,740,1098,797,0,walking,not-looking
3_5_409,9913,884,743,895,792,1,walking,looking,9913,884,743,895,792,1,walking,looking,9913,884,743,895,792,1,walking,looking,9914,884,743,895,792,1,walking,looking,9915,883,743,895,792,1,walking,looking,9916,882,743,895,792,1,walking,looking,9917,881,743,895,792,1,walking,looking,9918,880,743,895,792,0,walking,looking,9919,879,743,894,793,0,walking,looking,9920,878,743,893,793,0,walking,looking,9921,877,743,892,794,0,walking,looking,9922,876,743,892,794,0,walking,looking,9923,874,743,891,795,0,walking,looking,9924,873,743,890,795,0,walking,looking,9925,872,743,889,796,0,walking,looking,9926,872,743,889,797,0,walking,looking,9927,871,743,888,798,0,walking,looking,9928,871,743,887,799,0,walking,looking,9929,870,743,887,801,0,walking,looking,9930,869,743,886,802,0,walking,looking,9931,868,744,885,803,0,standing,looking,9932,867,744,884,804,0,standing,looking,9933,865,745,882,805,0,standing,looking,9934,864,746,881,806,0,standing,looking,9935,863,746,880,807,0,standing,looking,9936,862,745,879,806,0,standing,looking,9937,861,744,878,805,0,standing,looking,9938,860,743,877,804,0,standing,looking,9939,859,742,876,803,0,standing,looking,9940,858,741,875,802,0,standing,looking,9941,856,741,873,802,0,standing,looking,9942,855,740,872,802,0,standing,looking
3_5_413,10844,1037,732,1106,838,0,walking,looking,10845,1035,733,1109,839,0,walking,looking,10846,1035,733,1109,839,0,walking,looking,10847,1035,733,1109,840,0,walking,looking,10848,1035,733,1109,840,0,walking,looking,10849,1035,733,1109,841,0,walking,looking,10850,1035,733,1109,841,0,walking,looking,10851,1035,733,1109,842,0,walking,looking,10852,1035,733,1109,842,0,walking,looking,10853,1035,733,1109,842,0,walking,looking,10854,1035,733,1109,843,0,walking,looking,10855,1035,733,1109,843,0,walking,looking,10856,1035,732,1108,844,0,walking,looking,10857,1035,732,1107,844,0,walking,looking,10858,1035,731,1106,845,0,walking,looking,10859,1035,731,1105,846,0,walking,looking,10860,1035,730,1103,846,0,walking,looking,10861,1035,730,1101,846,0,walking,looking,10862,1035,730,1099,847,0,walking,looking,10863,1035,730,1096,847,0,walking,looking,10864,1035,730,1094,847,0,walking,looking,10865,1035,730,1091,847,0,walking,looking,10866,1037,730,1090,848,0,walking,looking,10867,1038,730,1089,849,0,walking,looking,10868,1040,730,1088,849,0,walking,looking,10869,1041,730,1087,850,0,walking,looking,10870,1042,730,1086,851,0,walking,looking,10871,1042,730,1085,851,0,walking,looking,10872,1042,729,1084,851,0,walking,looking,10873,1042,728,1083,851,0,walking,looking,10874,1042,728,1082,851,0,walking,looking,10875,1042,727,1081,851,0,walking,looking
3_6_439,7075,718,748,744,821,0,walking,not-looking,7076,719,748,745,821,0,walking,not-looking,7077,719,748,746,821,0,walking,not-looking,7078,720,748,746,821,0,walking,not-looking,7079,720,748,747,821,0,walking,not-looking,7080,720,749,747,821,0,walking,not-looking,7081,720,749,747,822,0,walking,not-looking,7082,720,749,747,822,0,walking,not-looking,7083,720,750,746,822,0,walking,not-looking,7084,720,750,746,823,0,walking,not-looking,7085,720,751,746,823,0,walking,not-looking,7086,719,751,746,824,0,walking,not-looking,7087,719,751,746,824,0,walking,not-looking,7088,719,752,746,824,0,walking,not-looking,7089,719,752,746,825,0,walking,not-looking,7090,718,752,745,825,0,walking,not-looking,7091,718,752,745,826,0,walking,not-looking,7092,717,752,744,826,0,walking,not-looking,7093,716,753,744,827,0,walking,not-looking,7094,715,753,743,827,0,walking,not-looking,7095,714,753,743,828,0,walking,not-looking,7096,713,753,742,828,0,walking,not-looking,7097,713,753,742,829,0,walking,not-looking,7098,712,753,741,829,0,walking,not-looking,7099,711,753,740,830,0,walking,not-looking,7100,710,754,740,830,0,walking,not-looking,7101,710,754,740,831,0,walking,not-looking,7102,709,755,739,831,0,walking,not-looking,7103,709,755,739,832,0,walking,not-looking,7104,708,756,738,832,0,walking,not-looking,7105,708,756,738,832,0,walking,not-looking,7106,707,757,737,833,0,walking,not-looking
3_6_438,7043,669,739,693,816,0,walking,not-looking,7044,669,739,693,817,0,walking,not-looking,7045,669,739,693,817,0,walking,not-looking,7046,669,739,693,817,0,walking,not-looking,7047,669,739,693,817,0,walking,not-looking,7048,668,739,692,817,0,walking,not-looking,7049,667,739,692,817,0,walking,not-looking,7050,667,739,691,817,0,walking,not-looking,7051,666,739,690,817,0,walking,not-looking,7052,665,739,690,817,0,walking,not-looking,7053,665,738,689,817,0,walking,not-looking,7054,664,738,689,817,0,walking,not-looking,7055,664,738,688,817,0,walking,not-looking,7056,663,738,688,817,0,walking,not-looking,7057,663,738,687,817,0,walking,not-looking,7058,662,739,686,818,0,walking,not-looking,7059,661,739,686,818,0,walking,not-looking,7060,660,740,685,819,0,walking,not-looking,7061,660,740,684,820,0,walking,not-looking,7062,659,740,683,820,0,walking,not-looking,7063,659,740,683,821,0,walking,not-looking,7064,658,740,683,821,0,walking,not-looking,7065,658,740,683,821,0,walking,not-looking,7066,658,740,682,821,0,walking,not-looking,7067,658,740,682,821,0,walking,not-looking,7068,657,740,682,822,0,walking,not-looking,7069,657,740,682,822,0,walking,not-looking,7070,657,740,681,822,0,walking,not-looking,7071,656,740,681,822,0,walking,not-looking,7072,656,740,681,822,0,walking,not-looking,7073,656,740,680,823,0,walking,not-looking,7074,655,740,680,823,0,walking,not-looking
3_6_460,12338,252,718,301,842,0,standing,not-looking,12339,252,718,301,842,0,standing,not-looking,12340,252,718,302,842,0,standing,not-looking,12341,252,718,302,842,0,standing,not-looking,12342,252,718,302,843,0,standing,not-looking,12343,252,718,302,843,0,standing,not-looking,12344,252,718,302,843,0,standing,not-looking,12345,252,718,302,844,0,standing,not-looking,12346,252,718,302,844,0,standing,not-looking,12347,252,718,302,844,0,walking,not-looking,12348,252,718,303,845,0,walking,not-looking,12349,252,718,303,845,0,walking,not-looking,12350,252,718,303,845,0,walking,not-looking,12351,252,718,303,846,0,walking,not-looking,12352,252,718,303,846,0,walking,not-looking,12353,252,718,303,846,0,walking,not-looking,12354,252,718,303,846,0,walking,not-looking,12355,252,718,303,847,0,walking,not-looking,12356,252,718,304,847,0,walking,not-looking,12357,252,718,304,847,0,walking,not-looking,12358,252,718,304,848,0,walking,not-looking,12359,252,718,304,848,0,walking,not-looking,12360,252,718,304,848,0,walking,not-looking,12361,252,718,304,849,0,walking,not-looking,12362,252,718,304,849,0,walking,not-looking,12363,252,718,305,849,0,walking,not-looking,12364,252,718,306,849,0,walking,not-looking,12365,252,718,306,849,0,walking,not-looking,12366,252,718,307,849,0,walking,not-looking,12367,252,718,308,849,0,walking,not-looking,12368,252,718,308,849,0,walking,not-looking,12369,252,718,309,850,0,walking,not-looking
3_6_443,6802,1782,680,1830,794,0,walking,not-looking,6803,1782,680,1830,794,1,walking,not-looking,6804,1784,679,1831,792,1,walking,not-looking,6805,1786,678,1832,790,1,walking,not-looking,6806,1789,677,1832,788,1,walking,not-looking,6807,1791,677,1834,788,1,walking,not-looking,6808,1793,678,1836,788,2,walking,not-looking,6809,1796,677,1840,788,2,walking,not-looking,6810,1800,677,1843,788,2,walking,not-looking,6811,1804,677,1847,788,2,walking,not-looking,6812,1807,677,1851,787,2,walking,not-looking,6813,1811,676,1854,787,2,walking,not-looking,6814,1814,674,1857,787,2,walking,not-looking,6815,1817,672,1860,787,2,walking,not-looking,6816,1820,670,1863,788,2,walking,not-looking,6817,1823,668,1866,788,2,walking,not-looking,6818,1826,666,1869,788,2,walking,not-looking,6819,1829,664,1872,788,2,walking,not-looking,6820,1832,662,1875,788,2,walking,not-looking,6821,1835,660,1878,788,2,walking,not-looking,6822,1838,658,1881,789,2,walking,not-looking,6823,1841,656,1884,789,2,walking,not-looking,6824,1843,656,1887,789,2,walking,not-looking,6825,1846,656,1890,790,2,walking,not-looking,6826,1849,656,1894,790,2,walking,not-looking,6827,1852,655,1897,791,2,walking,not-looking,6828,1854,655,1900,792,2,walking,not-looking,6829,1857,655,1903,792,2,walking,not-looking,6830,1860,655,1906,793,1,walking,not-looking,6831,1865,654,1911,792,0,walking,not-looking,6832,1868,653,1915,792,0,walking,not-looking,6833,1872,651,1918,791,0,walking,not-looking
3_6_437,6799,1148,751,1165,804,2,walking,not-looking,6800,1148,751,1165,804,2,walking,not-looking,6801,1147,751,1164,804,2,walking,not-looking,6802,1147,751,1164,804,2,walking,not-looking,6803,1147,751,1163,804,2,walking,not-looking,6804,1146,751,1163,804,2,walking,not-looking,6805,1146,751,1162,804,2,walking,not-looking,6806,1145,751,1162,805,2,walking,not-looking,6807,1145,751,1162,805,2,walking,not-looking,6808,1144,751,1161,805,2,walking,not-looking,6809,1144,751,1161,805,2,walking,not-looking,6810,1143,751,1160,805,2,walking,not-looking,6811,1143,751,1160,805,2,walking,not-looking,6812,1142,751,1159,805,2,walking,not-looking,6813,1142,751,1159,805,2,walking,not-looking,6814,1142,751,1159,805,2,walking,not-looking,6815,1142,751,1159,805,1,walking,not-looking,6816,1142,749,1159,806,1,walking,not-looking,6817,1142,747,1159,807,1,walking,not-looking,6818,1141,746,1159,808,0,walking,not-looking,6819,1141,746,1159,809,0,walking,not-looking,6820,1141,746,1160,809,0,walking,not-looking,6821,1141,746,1160,809,0,walking,not-looking,6822,1141,746,1161,809,0,walking,not-looking,6823,1141,746,1161,810,0,walking,not-looking,6824,1141,746,1161,810,0,walking,not-looking,6825,1141,746,1162,810,0,walking,not-looking,6826,1142,747,1162,811,0,walking,not-looking,6827,1142,747,1162,811,0,walking,not-looking,6828,1142,747,1162,811,0,walking,not-looking,6829,1142,748,1163,812,0,walking,not-looking,6830,1143,748,1164,812,0,walking,not-looking
3_6_435,6790,1805,668,1849,779,0,walking,not-looking,6791,1806,669,1850,780,0,walking,not-looking,6792,1806,669,1851,781,0,walking,not-looking,6793,1807,669,1852,782,0,walking,not-looking,6794,1808,669,1852,781,0,walking,not-looking,6795,1808,669,1852,781,0,walking,not-looking,6796,1808,668,1852,781,0,walking,not-looking,6797,1809,668,1852,780,0,walking,not-looking,6798,1809,667,1852,780,0,walking,not-looking,6799,1810,666,1854,781,0,walking,not-looking,6800,1811,666,1855,782,0,walking,not-looking,6801,1812,665,1857,783,0,walking,not-looking,6802,1813,664,1859,784,0,walking,not-looking,6803,1813,664,1861,785,0,walking,not-looking,6804,1816,663,1864,784,0,walking,not-looking,6805,1818,663,1867,784,0,walking,not-looking,6806,1820,663,1869,784,0,walking,not-looking,6807,1823,662,1872,783,0,walking,not-looking,6808,1825,662,1875,783,0,walking,not-looking,6809,1828,661,1877,782,0,walking,not-looking,6810,1831,659,1879,781,0,walking,not-looking,6811,1834,658,1882,781,0,walking,not-looking,6812,1837,656,1884,780,0,walking,not-looking,6813,1841,655,1886,779,0,walking,not-looking,6814,1844,654,1890,779,0,walking,not-looking,6815,1848,652,1893,779,0,walking,not-looking,6816,1851,651,1897,779,0,walking,not-looking,6817,1855,649,1901,779,0,walking,not-looking,6818,1859,648,1904,779,0,walking,not-looking,6819,1863,647,1908,779,0,walking,not-looking,6820,1867,646,1911,779,0,walking,not-looking,6821,1872,645,1914,779,0,walking,not-looking
3_6_434,6807,1775,680,1824,789,2,walking,not-looking,6808,1777,679,1827,789,2,walking,not-looking,6809,1779,678,1830,789,2,walking,not-looking,6810,1782,678,1833,789,2,walking,not-looking,6811,1784,677,1836,789,2,walking,not-looking,6812,1786,676,1839,789,2,walking,not-looking,6813,1788,675,1842,789,2,walking,not-looking,6814,1790,675,1845,789,2,walking,not-looking,6815,1792,674,1848,788,2,walking,not-looking,6816,1794,673,1851,788,2,walking,not-looking,6817,1796,672,1854,788,2,walking,not-looking,6818,1798,671,1857,788,2,walking,not-looking,6819,1800,671,1860,788,2,walking,not-looking,6820,1800,671,1864,788,1,walking,not-looking,6821,1800,671,1867,789,1,walking,not-looking,6822,1800,671,1871,789,1,walking,not-looking,6823,1800,671,1875,790,1,walking,not-looking,6824,1800,671,1877,789,1,walking,not-looking,6825,1800,671,1880,789,2,walking,not-looking,6826,1809,669,1881,789,2,walking,not-looking,6827,1818,668,1883,789,2,walking,not-looking,6828,1827,666,1885,789,2,walking,not-looking,6829,1836,665,1887,789,1,walking,not-looking,6830,1845,663,1888,789,1,walking,not-looking,6831,1851,662,1891,791,1,walking,not-looking,6832,1856,661,1894,793,1,walking,not-looking,6833,1859,659,1896,792,1,walking,not-looking,6834,1859,659,1902,793,1,walking,not-looking,6835,1859,659,1908,794,1,walking,not-looking,6836,1860,661,1914,796,1,walking,not-looking,6837,1865,660,1914,795,1,walking,not-looking,6838,1871,659,1913,795,1,walking,not-looking
3_6_440,7124,692,750,714,820,1,walking,not-looking,7125,692,750,714,820,1,walking,not-looking,7126,692,750,714,820,1,walking,not-looking,7127,692,750,714,820,1,walking,not-looking,7128,692,750,714,820,2,walking,not-looking,7129,692,750,715,821,2,walking,not-looking,7130,692,750,715,822,2,walking,not-looking,7131,692,750,715,822,2,walking,not-looking,7132,691,750,716,823,2,walking,not-looking,7133,691,750,716,823,2,walking,not-looking,7134,691,750,716,824,2,walking,not-looking,7135,690,750,716,825,2,walking,not-looking,7136,689,750,715,826,2,walking,not-looking,7137,688,751,715,827,2,walking,not-looking,7138,687,751,715,828,2,walking,not-looking,7139,686,751,714,829,1,walking,not-looking,7140,686,751,715,830,1,walking,not-looking,7141,686,752,715,830,1,walking,not-looking,7142,687,752,715,831,1,walking,not-looking,7143,687,752,715,832,1,walking,not-looking,7144,687,752,716,833,1,walking,looking,7145,687,752,716,833,1,walking,looking,7146,687,751,716,834,1,walking,looking,7147,687,751,716,834,1,walking,looking,7148,687,750,716,834,1,walking,looking,7149,687,750,716,834,1,walking,looking,7150,687,751,716,835,0,walking,looking,7151,686,751,715,836,0,walking,looking,7152,685,752,715,837,0,walking,looking,7153,685,752,714,838,0,walking,looking,7154,683,752,714,839,0,walking,looking,7155,682,752,714,840,0,walking,looking
3_7_518,15145,996,747,1013,789,1,walking,not-looking,15146,996,747,1012,789,0,walking,not-looking,15147,996,747,1012,789,0,walking,not-looking,15148,997,747,1012,789,0,walking,not-looking,15149,997,747,1012,789,0,walking,not-looking,15150,997,747,1012,789,0,walking,not-looking,15151,996,747,1012,789,0,walking,not-looking,15152,996,747,1011,789,0,walking,not-looking,15153,995,747,1011,789,0,walking,not-looking,15154,995,746,1011,790,0,walking,not-looking,15155,994,746,1011,790,0,walking,not-looking,15156,993,746,1011,790,0,walking,not-looking,15157,993,746,1010,790,0,walking,not-looking,15158,992,746,1010,790,0,walking,not-looking,15159,992,746,1010,790,0,walking,not-looking,15160,991,746,1010,791,0,walking,not-looking,15161,990,747,1009,791,0,walking,not-looking,15162,990,747,1008,792,0,walking,not-looking,15163,989,747,1008,792,0,walking,not-looking,15164,988,748,1007,792,0,walking,not-looking,15165,987,748,1006,793,0,walking,not-looking,15166,987,749,1006,794,0,walking,not-looking,15167,986,750,1006,795,0,walking,not-looking,15168,986,751,1006,796,0,walking,not-looking,15169,986,752,1005,797,0,walking,not-looking,15170,985,753,1005,798,0,walking,not-looking,15171,985,752,1005,798,0,walking,not-looking,15172,984,751,1005,799,0,walking,not-looking,15173,983,750,1005,800,0,walking,not-looking,15174,983,749,1004,797,0,walking,not-looking,15175,982,748,1003,795,0,walking,not-looking,15176,982,748,1002,795,0,walking,not-looking
3_7_513,13774,518,691,561,827,0,walking,looking,13775,519,691,562,828,0,walking,looking,13776,520,691,563,829,0,walking,not-looking,13777,520,691,564,829,0,walking,not-looking,13778,520,692,565,830,0,walking,not-looking,13779,520,692,566,831,0,walking,not-looking,13780,521,692,567,832,0,walking,not-looking,13781,521,693,568,832,0,walking,not-looking,13782,522,693,569,833,0,walking,not-looking,13783,523,693,570,833,0,walking,not-looking,13784,524,693,571,833,0,walking,not-looking,13785,524,693,572,834,0,walking,not-looking,13786,525,693,572,834,0,walking,not-looking,13787,526,692,573,835,0,walking,not-looking,13788,527,692,574,835,0,walking,not-looking,13789,528,691,575,835,0,walking,not-looking,13790,529,690,576,836,0,walking,not-looking,13791,530,690,577,836,0,walking,not-looking,13792,531,690,578,837,0,walking,not-looking,13793,532,690,579,838,0,walking,not-looking,13794,533,691,580,839,0,walking,not-looking,13795,534,691,581,840,0,walking,not-looking,13796,534,691,582,841,0,walking,not-looking,13797,535,692,583,842,0,walking,not-looking,13798,536,692,584,843,0,walking,not-looking,13799,537,692,585,843,0,walking,not-looking,13800,538,693,586,844,0,walking,not-looking,13801,539,693,587,845,0,walking,not-looking,13802,540,693,588,846,0,walking,not-looking,13803,541,694,589,847,0,walking,not-looking,13804,542,694,590,848,0,walking,not-looking,13805,543,694,591,849,0,walking,not-looking
3_7_507,11817,1001,745,1014,790,2,walking,looking,11817,1001,745,1014,790,2,walking,looking,11817,1001,745,1014,790,2,walking,looking,11817,1001,745,1014,790,2,walking,looking,11817,1001,745,1014,790,2,walking,looking,11817,1001,745,1014,790,2,walking,looking,11817,1001,745,1014,790,2,walking,looking,11817,1001,745,1014,790,2,walking,looking,11817,1001,745,1014,790,2,walking,looking,11817,1001,745,1014,790,2,walking,looking,11817,1001,745,1014,790,2,walking,looking,11818,1000,745,1013,790,2,walking,looking,11819,999,745,1012,790,1,walking,not-looking,11820,998,744,1011,789,1,walking,not-looking,11821,996,743,1011,789,1,walking,not-looking,11822,995,745,1012,791,0,walking,not-looking,11823,995,745,1012,791,0,walking,not-looking,11824,996,746,1013,792,0,walking,not-looking,11825,996,746,1013,793,0,walking,not-looking,11826,996,746,1013,793,0,walking,not-looking,11827,997,746,1013,794,0,walking,not-looking,11828,997,747,1014,794,0,walking,not-looking,11829,997,747,1014,795,0,walking,not-looking,11830,997,747,1014,795,0,walking,not-looking,11831,998,747,1014,796,0,walking,not-looking,11832,998,748,1015,797,0,walking,not-looking,11833,998,748,1015,797,0,walking,not-looking,11834,999,748,1015,798,0,walking,not-looking,11835,999,748,1015,798,0,walking,not-looking,11836,998,747,1015,797,0,walking,not-looking,11837,998,746,1015,797,0,walking,not-looking,11838,998,746,1015,797,0,walking,not-looking
3_7_519,15575,173,690,187,742,0,standing,not-looking,15576,190,693,204,745,0,standing,not-looking,15577,207,696,220,748,0,standing,not-looking,15578,223,700,237,752,0,standing,not-looking,15579,242,701,255,753,0,standing,not-looking,15580,260,703,274,755,0,standing,not-looking,15581,278,704,292,756,0,standing,not-looking,15582,296,706,310,758,0,standing,not-looking,15583,315,707,328,759,0,standing,not-looking,15584,334,709,348,761,0,standing,not-looking,15585,354,711,368,763,0,standing,not-looking,15586,374,713,388,765,0,standing,not-looking,15587,394,715,408,767,0,standing,not-looking,15588,414,716,428,768,0,standing,not-looking,15589,434,718,448,770,0,standing,not-looking,15590,454,720,468,772,0,standing,not-looking,15591,474,722,488,774,0,standing,not-looking,15592,494,724,507,776,0,standing,not-looking,15593,514,725,527,777,0,standing,not-looking,15594,532,726,546,778,0,standing,not-looking,15595,550,727,564,779,0,standing,not-looking,15596,569,728,583,780,0,standing,not-looking,15597,587,729,601,781,0,standing,not-looking,15598,606,730,619,782,0,standing,not-looking,15599,623,732,637,784,0,standing,not-looking,15600,640,733,654,785,0,standing,not-looking,15601,657,734,671,786,0,standing,not-looking,15602,675,736,688,788,0,standing,not-looking,15603,692,737,705,789,0,standing,not-looking,15604,707,738,722,790,0,standing,not-looking,15605,723,739,738,791,0,standing,not-looking,15606,738,739,754,792,0,standing,not-looking
3_8_535,7527,286,693,336,841,0,standing,not-looking,7528,286,693,336,841,0,standing,not-looking,7529,286,693,336,841,0,standing,not-looking,7530,286,693,336,841,0,standing,not-looking,7531,286,693,336,841,0,standing,not-looking,7532,286,693,336,841,0,walking,not-looking,7533,286,693,336,841,0,walking,not-looking,7534,286,693,336,841,0,walking,not-looking,7535,285,693,336,841,0,walking,not-looking,7536,284,693,335,842,0,walking,not-looking,7537,284,693,335,842,0,walking,not-looking,7538,283,693,334,842,0,walking,not-looking,7539,282,693,334,842,0,walking,not-looking,7540,281,694,333,842,0,walking,not-looking,7541,280,694,333,842,0,walking,not-looking,7542,280,694,332,842,0,walking,not-looking,7543,279,694,332,842,0,walking,not-looking,7544,278,694,331,842,0,walking,not-looking,7545,277,694,331,842,0,walking,not-looking,7546,276,694,330,842,0,walking,not-looking,7547,276,694,330,842,0,walking,not-looking,7548,275,694,329,843,0,walking,not-looking,7549,274,695,329,843,0,walking,not-looking,7550,273,694,328,842,0,walking,not-looking,7551,272,693,327,841,0,walking,not-looking,7552,271,693,326,841,0,walking,not-looking,7553,270,692,325,840,0,walking,not-looking,7554,269,692,324,840,0,walking,not-looking,7555,269,692,323,840,0,walking,not-looking,7556,268,692,323,840,0,walking,not-looking,7557,268,692,322,840,0,walking,not-looking,7558,267,692,322,840,0,walking,not-looking
3_8_533,6675,310,723,350,799,0,standing,not-looking,6676,310,723,350,799,0,standing,not-looking,6677,310,723,350,799,0,standing,not-looking,6678,311,723,350,799,0,standing,not-looking,6679,311,723,350,799,0,standing,not-looking,6680,311,723,350,799,0,standing,not-looking,6681,312,723,350,799,0,standing,not-looking,6682,312,723,350,800,0,standing,not-looking,6683,312,723,350,800,0,standing,not-looking,6684,313,723,350,800,0,standing,not-looking,6685,313,723,350,800,0,standing,not-looking,6686,313,723,350,800,0,standing,not-looking,6687,314,723,350,800,0,standing,not-looking,6688,314,723,350,800,0,standing,not-looking,6689,314,723,350,800,0,standing,not-looking,6690,315,723,350,800,0,standing,not-looking,6691,315,723,350,800,0,standing,not-looking,6692,315,723,350,800,0,standing,not-looking,6693,316,723,350,800,0,standing,not-looking,6694,316,723,350,800,0,standing,not-looking,6695,316,723,350,800,0,standing,not-looking,6696,317,723,350,800,0,standing,not-looking,6697,317,723,350,801,0,standing,not-looking,6698,318,723,350,801,0,standing,not-looking,6699,318,723,350,801,0,standing,not-looking,6700,319,723,350,801,0,standing,not-looking,6701,320,724,349,802,0,standing,not-looking,6702,321,725,349,803,0,standing,not-looking,6703,322,725,348,803,0,standing,not-looking,6704,323,726,348,804,0,standing,not-looking,6705,322,726,347,804,0,standing,not-looking,6706,322,727,346,805,0,standing,not-looking
3_8_527,2121,1082,726,1110,809,0,walking,not-looking,2122,1083,726,1111,810,0,walking,not-looking,2123,1082,727,1112,812,0,walking,not-looking,2124,1081,727,1112,813,0,walking,not-looking,2125,1080,727,1113,814,0,walking,not-looking,2126,1079,727,1113,815,0,walking,not-looking,2127,1079,726,1112,815,0,walking,not-looking,2128,1079,726,1111,814,0,walking,not-looking,2129,1079,725,1111,814,0,walking,not-looking,2130,1079,725,1110,814,0,walking,not-looking,2131,1079,724,1109,814,0,walking,not-looking,2132,1079,723,1108,814,0,walking,not-looking,2133,1079,723,1107,814,0,walking,not-looking,2134,1079,722,1106,813,0,walking,not-looking,2135,1079,722,1105,813,0,walking,not-looking,2136,1079,721,1104,813,0,walking,not-looking,2137,1079,721,1104,813,0,walking,not-looking,2138,1078,721,1103,813,0,walking,not-looking,2139,1078,720,1102,813,0,walking,not-looking,2140,1077,720,1102,813,0,walking,not-looking,2141,1077,720,1101,813,0,walking,not-looking,2142,1076,720,1101,813,0,walking,not-looking,2143,1076,720,1100,813,0,walking,not-looking,2144,1075,720,1100,813,0,walking,not-looking,2145,1074,720,1099,813,0,walking,not-looking,2146,1074,720,1099,813,0,walking,not-looking,2147,1073,720,1098,813,0,walking,not-looking,2148,1073,719,1098,813,0,walking,not-looking,2149,1073,718,1098,813,0,walking,not-looking,2150,1073,717,1098,813,0,walking,not-looking,2151,1072,716,1098,813,0,walking,not-looking,2152,1072,715,1098,813,0,walking,not-looking
3_9_621,13969,1490,663,1558,890,0,walking,not-looking,13970,1490,663,1558,893,0,walking,not-looking,13971,1490,662,1559,896,0,walking,not-looking,13972,1490,662,1560,899,0,walking,not-looking,13973,1490,661,1560,903,0,walking,looking,13974,1490,661,1561,906,0,walking,looking,13975,1490,659,1561,907,0,walking,looking,13976,1490,657,1561,908,0,walking,looking,13977,1489,656,1562,909,0,walking,looking,13978,1489,654,1562,910,0,walking,looking,13979,1489,652,1562,911,0,walking,looking,13980,1489,650,1562,912,0,walking,looking,13981,1488,649,1562,913,0,walking,looking,13982,1488,647,1563,914,0,walking,looking,13983,1488,645,1563,915,0,walking,looking,13984,1488,643,1563,916,0,walking,looking,13985,1483,644,1563,918,0,walking,looking,13986,1479,645,1564,919,0,walking,looking,13987,1474,646,1564,921,0,walking,looking,13988,1470,647,1564,923,0,walking,looking,13989,1466,648,1565,924,0,walking,looking,13990,1467,647,1565,927,0,walking,looking,13991,1468,646,1566,930,0,walking,looking,13992,1469,645,1566,933,0,walking,looking,13993,1470,645,1566,935,0,walking,looking,13994,1471,644,1567,938,0,walking,looking,13995,1473,643,1567,941,0,walking,looking,13996,1474,642,1567,943,0,walking,looking,13997,1472,642,1565,943,0,walking,looking,13998,1470,642,1563,943,0,walking,looking,13999,1468,641,1560,942,0,walking,looking,14000,1466,641,1558,946,0,walking,looking
3_9_622,13992,1552,657,1626,896,0,walking,not-looking,13993,1552,657,1626,899,0,walking,not-looking,13994,1552,657,1626,901,0,walking,not-looking,13995,1551,657,1626,904,0,walking,not-looking,13996,1551,656,1626,906,0,walking,not-looking,13997,1550,656,1626,909,0,walking,not-looking,13998,1550,655,1626,912,0,walking,not-looking,13999,1549,655,1626,915,0,walking,not-looking,14000,1547,653,1625,915,0,walking,not-looking,14001,1545,652,1624,916,0,walking,not-looking,14002,1544,650,1623,917,0,walking,not-looking,14003,1542,649,1622,917,0,walking,not-looking,14004,1540,647,1621,918,0,walking,not-looking,14005,1536,647,1619,920,0,walking,not-looking,14006,1533,647,1616,921,0,walking,not-looking,14007,1529,646,1614,923,0,walking,not-looking,14008,1525,646,1612,925,0,walking,not-looking,14009,1522,646,1609,926,0,walking,not-looking,14010,1518,648,1609,929,0,walking,not-looking,14011,1513,650,1609,932,0,walking,not-looking,14012,1509,652,1609,935,0,walking,not-looking,14013,1505,653,1609,938,0,walking,not-looking,14014,1501,655,1609,941,0,walking,not-looking,14015,1500,654,1605,942,0,walking,not-looking,14016,1499,653,1602,943,0,walking,not-looking,14017,1498,652,1598,944,0,walking,not-looking,14018,1497,651,1594,945,0,walking,not-looking,14019,1496,650,1591,946,0,walking,not-looking,14020,1492,649,1589,947,0,walking,not-looking,14021,1488,648,1586,949,0,walking,not-looking,14022,1485,647,1584,951,0,walking,not-looking,14023,1481,646,1582,953,0,walking,not-looking
3_9_618,12649,576,702,624,804,1,walking,not-looking,12650,576,702,624,804,2,walking,not-looking,12651,577,703,625,806,2,walking,not-looking,12652,577,705,625,808,2,walking,not-looking,12653,578,706,626,809,2,walking,not-looking,12654,579,708,626,811,2,walking,not-looking,12655,579,708,626,811,1,walking,not-looking,12656,581,708,626,811,1,walking,not-looking,12657,583,708,626,810,1,walking,not-looking,12658,585,708,626,810,0,walking,not-looking,12659,586,709,626,811,0,walking,not-looking,12660,587,710,626,812,0,walking,not-looking,12661,587,710,626,813,0,walking,not-looking,12662,588,711,625,813,0,walking,not-looking,12663,589,712,625,814,0,walking,not-looking,12664,589,712,628,815,0,walking,not-looking,12665,590,712,631,815,0,walking,not-looking,12666,590,712,634,816,0,walking,not-looking,12667,591,712,637,816,0,walking,not-looking,12668,592,713,640,817,0,walking,not-looking,12669,592,713,639,817,0,walking,not-looking,12670,593,713,639,818,0,walking,not-looking,12671,593,713,638,818,0,walking,not-looking,12672,594,713,638,818,0,walking,not-looking,12673,595,713,637,819,0,walking,not-looking,12674,596,714,638,819,0,walking,not-looking,12675,598,714,640,820,0,walking,not-looking,12676,599,714,641,820,0,walking,not-looking,12677,601,714,642,821,0,walking,not-looking,12678,602,714,643,821,0,walking,not-looking,12679,603,715,645,822,0,walking,not-looking,12680,604,715,646,823,0,walking,not-looking
3_9_620,13969,1450,689,1508,881,0,walking,not-looking,13970,1449,690,1507,883,0,walking,not-looking,13971,1449,691,1507,884,0,walking,not-looking,13972,1447,691,1507,886,0,walking,not-looking,13973,1445,691,1507,888,0,walking,not-looking,13974,1443,691,1507,890,0,walking,not-looking,13975,1441,691,1507,891,0,walking,not-looking,13976,1439,691,1507,893,0,walking,not-looking,13977,1440,689,1508,893,0,walking,not-looking,13978,1442,688,1508,893,0,walking,not-looking,13979,1443,687,1509,893,0,walking,not-looking,13980,1444,686,1509,893,0,walking,not-looking,13981,1446,685,1510,893,0,walking,not-looking,13982,1445,685,1510,895,0,walking,not-looking,13983,1445,685,1510,897,0,walking,not-looking,13984,1444,685,1510,899,0,walking,not-looking,13985,1444,685,1510,901,0,walking,not-looking,13986,1443,685,1510,903,0,walking,not-looking,13987,1442,685,1510,904,0,walking,not-looking,13988,1442,685,1510,906,0,walking,not-looking,13989,1441,685,1510,908,0,walking,not-looking,13990,1440,685,1510,910,0,walking,not-looking,13991,1440,685,1510,912,0,walking,not-looking,13992,1437,684,1508,914,0,walking,not-looking,13993,1434,682,1506,915,0,walking,not-looking,13994,1431,681,1504,916,0,walking,not-looking,13995,1429,680,1503,918,0,walking,not-looking,13996,1426,679,1501,919,0,walking,not-looking,13997,1424,679,1500,921,0,walking,not-looking,13998,1423,679,1499,923,0,walking,not-looking,13999,1421,679,1498,924,0,walking,not-looking,14000,1419,679,1497,926,0,walking,not-looking
3_9_623,14202,619,737,665,847,0,walking,not-looking,14203,621,737,666,847,0,walking,not-looking,14204,623,737,669,846,0,walking,not-looking,14205,626,736,671,846,0,walking,not-looking,14206,628,736,674,845,0,walking,not-looking,14207,630,736,676,845,0,walking,not-looking,14208,633,736,679,844,0,walking,not-looking,14209,633,736,681,845,0,walking,not-looking,14210,634,736,683,845,0,walking,not-looking,14211,635,736,685,845,0,walking,not-looking,14212,636,736,687,846,0,walking,not-looking,14213,636,737,689,846,0,walking,not-looking,14214,637,737,691,846,0,walking,not-looking,14215,638,737,693,847,0,walking,not-looking,14216,638,737,695,847,0,walking,not-looking,14217,639,737,697,848,0,walking,not-looking,14218,640,737,698,848,0,walking,not-looking,14219,643,737,700,848,0,walking,not-looking,14220,647,738,701,848,0,walking,not-looking,14221,650,738,703,848,0,walking,not-looking,14222,654,738,704,848,0,walking,not-looking,14223,658,738,706,849,0,walking,not-looking,14224,660,738,708,848,0,walking,not-looking,14225,663,738,711,848,0,walking,not-looking,14226,665,738,713,848,0,walking,not-looking,14227,668,738,716,848,0,walking,not-looking,14228,670,738,719,848,0,walking,not-looking,14229,671,739,719,849,0,walking,not-looking,14230,673,739,719,849,0,walking,not-looking,14231,674,740,720,850,0,walking,not-looking,14232,675,741,720,851,0,walking,not-looking,14233,676,742,721,852,0,walking,not-looking
3_10_671,13521,539,729,554,775,0,standing,looking,13522,539,729,554,775,0,standing,looking,13523,539,729,554,775,0,standing,looking,13524,539,729,554,775,0,standing,looking,13525,539,729,554,775,0,standing,looking,13526,539,729,554,775,0,standing,looking,13527,539,729,554,775,0,standing,looking,13528,539,729,554,775,0,standing,looking,13529,539,729,554,775,0,standing,looking,13530,539,729,554,775,0,standing,looking,13531,539,729,554,775,0,standing,looking,13532,539,729,554,775,0,standing,looking,13533,539,729,554,775,0,standing,looking,13534,539,729,554,775,0,standing,looking,13535,539,729,554,775,0,standing,looking,13536,539,729,554,775,0,standing,looking,13537,539,729,554,775,0,standing,looking,13538,539,729,554,775,0,standing,looking,13539,539,729,554,775,0,standing,looking,13540,539,729,554,775,0,standing,looking,13541,539,729,554,775,0,standing,looking,13542,539,729,554,775,0,standing,looking,13543,539,729,554,775,0,standing,looking,13544,539,729,554,775,0,standing,looking,13545,539,729,554,775,0,standing,looking,13546,539,729,554,775,0,standing,looking,13547,539,729,554,775,0,standing,looking,13548,539,729,554,775,0,standing,looking,13549,539,729,554,775,0,standing,looking,13550,539,729,554,775,0,standing,looking,13551,539,729,554,775,0,standing,looking,13552,539,729,554,775,0,standing,looking
3_10_692,12126,1491,727,1520,818,0,standing,not-looking,12127,1493,727,1521,818,0,standing,not-looking,12128,1495,727,1523,819,0,standing,not-looking,12129,1497,727,1525,819,0,standing,not-looking,12130,1498,727,1527,819,0,standing,not-looking,12131,1500,727,1529,819,0,standing,not-looking,12132,1502,727,1531,819,0,standing,not-looking,12133,1503,727,1532,820,0,standing,not-looking,12134,1505,727,1534,820,0,standing,not-looking,12135,1507,727,1536,820,0,standing,not-looking,12136,1508,727,1538,820,0,standing,not-looking,12137,1510,727,1540,820,0,standing,not-looking,12138,1512,727,1542,821,0,standing,not-looking,12139,1514,727,1544,821,0,standing,not-looking,12140,1517,726,1546,821,0,standing,not-looking,12141,1519,726,1549,821,0,standing,not-looking,12142,1521,726,1551,821,0,standing,not-looking,12143,1524,725,1554,821,0,standing,not-looking,12144,1526,725,1556,821,0,standing,not-looking,12145,1528,725,1559,821,0,standing,not-looking,12146,1531,725,1561,821,0,standing,not-looking,12147,1533,724,1563,821,0,standing,not-looking,12148,1535,724,1566,821,0,standing,not-looking,12149,1538,724,1568,821,0,standing,not-looking,12150,1540,723,1571,821,0,standing,not-looking,12151,1542,723,1573,821,0,standing,not-looking,12152,1545,723,1576,821,0,standing,not-looking,12153,1547,722,1578,821,0,standing,not-looking,12154,1549,722,1580,821,0,standing,not-looking,12155,1552,722,1583,821,0,standing,not-looking,12156,1554,721,1585,821,0,standing,not-looking,12157,1556,721,1588,821,0,standing,not-looking
3_10_681,13607,590,732,605,777,0,walking,not-looking,13608,590,732,605,777,0,walking,not-looking,13609,590,732,605,777,0,walking,not-looking,13610,590,732,605,778,0,walking,not-looking,13611,589,732,605,778,0,walking,not-looking,13612,589,732,605,778,0,walking,not-looking,13613,589,732,605,778,0,walking,not-looking,13614,589,732,606,778,0,walking,not-looking,13615,589,732,606,778,0,walking,not-looking,13616,588,732,606,778,0,walking,not-looking,13617,588,732,606,778,0,walking,not-looking,13618,588,732,606,778,0,walking,not-looking,13619,588,732,607,778,0,walking,not-looking,13620,587,732,607,778,0,walking,not-looking,13621,587,732,607,779,0,walking,not-looking,13622,587,732,607,779,0,walking,not-looking,13623,587,732,607,779,0,walking,not-looking,13624,587,732,608,779,0,walking,not-looking,13625,586,732,608,779,0,walking,not-looking,13626,586,732,608,779,0,walking,not-looking,13627,586,732,608,779,0,walking,not-looking,13628,586,732,608,779,0,walking,not-looking,13629,586,732,608,780,0,walking,not-looking,13630,585,732,608,780,0,walking,not-looking,13631,585,732,607,780,0,walking,not-looking,13632,585,733,607,780,0,walking,not-looking,13633,585,733,607,780,0,walking,not-looking,13634,584,733,607,780,0,walking,not-looking,13635,584,733,607,780,0,walking,not-looking,13636,584,733,607,781,0,walking,not-looking,13637,584,733,607,781,0,walking,not-looking,13638,584,733,607,781,0,walking,not-looking
3_10_636,1542,667,735,680,786,0,walking,not-looking,1543,665,736,678,786,0,walking,not-looking,1544,663,736,677,787,0,walking,not-looking,1545,661,736,675,787,0,walking,not-looking,1546,659,736,673,787,0,walking,not-looking,1547,657,736,672,787,0,walking,not-looking,1548,655,736,670,788,0,walking,not-looking,1549,653,736,668,788,0,walking,not-looking,1550,651,736,669,788,0,walking,not-looking,1551,650,737,669,788,0,walking,not-looking,1552,648,736,668,787,1,walking,not-looking,1553,647,736,666,787,1,walking,not-looking,1554,645,735,664,787,1,walking,not-looking,1555,644,734,663,787,1,walking,not-looking,1556,642,734,661,787,1,walking,not-looking,1557,641,733,660,787,1,walking,not-looking,1558,639,732,658,786,0,walking,not-looking,1559,638,732,658,788,0,walking,not-looking,1560,636,732,658,789,0,walking,not-looking,1561,634,732,656,790,0,walking,not-looking,1562,631,732,654,790,0,walking,not-looking,1563,629,732,653,790,0,walking,not-looking,1564,626,732,651,791,0,walking,not-looking,1565,624,732,649,791,0,walking,not-looking,1566,622,731,646,791,0,walking,not-looking,1567,620,730,643,791,0,walking,not-looking,1568,619,729,641,790,0,walking,not-looking,1569,617,728,638,790,0,walking,not-looking,1570,615,727,635,790,0,walking,not-looking,1571,614,726,633,790,0,walking,not-looking,1572,612,725,630,789,0,walking,not-looking,1573,610,724,628,789,0,walking,not-looking
3_10_674,12126,233,685,281,803,0,standing,not-looking,12127,231,685,278,803,0,standing,not-looking,12128,228,685,276,804,0,standing,not-looking,12129,226,684,273,804,0,standing,not-looking,12130,223,684,270,804,0,standing,not-looking,12131,220,684,268,804,0,standing,not-looking,12132,217,684,265,804,0,standing,not-looking,12133,214,684,262,805,0,standing,not-looking,12134,211,684,259,805,0,standing,not-looking,12135,208,684,256,805,0,standing,not-looking,12136,205,684,253,806,0,standing,not-looking,12137,202,684,250,806,0,standing,not-looking,12138,199,684,247,807,0,standing,not-looking,12139,196,684,244,807,0,standing,not-looking,12140,193,684,241,807,0,standing,not-looking,12141,190,684,238,808,0,standing,not-looking,12142,187,683,235,808,0,standing,not-looking,12143,184,683,232,808,0,standing,not-looking,12144,181,683,229,809,0,standing,not-looking,12145,177,682,226,809,0,standing,not-looking,12146,173,682,223,809,0,standing,not-looking,12147,169,682,219,809,0,standing,not-looking,12148,166,681,216,809,0,standing,not-looking,12149,162,681,213,810,0,standing,not-looking,12150,159,681,210,810,0,standing,not-looking,12151,156,681,207,810,0,standing,not-looking,12152,153,681,205,810,0,standing,not-looking,12153,150,680,202,810,0,standing,not-looking,12154,148,680,199,810,0,standing,not-looking,12155,144,680,196,811,0,standing,not-looking,12156,141,679,194,811,0,standing,not-looking,12157,138,678,191,812,0,standing,not-looking
3_10_635,2060,300,707,330,807,0,walking,not-looking,2061,298,707,329,807,0,walking,not-looking,2062,297,707,328,807,0,walking,not-looking,2063,296,707,328,807,0,walking,not-looking,2064,296,707,327,807,0,walking,not-looking,2065,295,706,327,807,0,walking,not-looking,2066,294,706,326,807,0,walking,not-looking,2067,294,706,325,807,0,walking,not-looking,2068,293,706,325,807,0,walking,not-looking,2069,293,706,324,807,0,walking,not-looking,2070,292,706,324,807,0,walking,not-looking,2071,291,706,323,807,0,walking,not-looking,2072,291,706,323,807,0,walking,not-looking,2073,290,706,322,807,0,walking,not-looking,2074,289,706,321,808,0,walking,not-looking,2075,288,706,320,808,0,walking,not-looking,2076,287,706,320,808,0,walking,not-looking,2077,285,706,319,808,0,standing,not-looking,2078,284,706,318,808,0,standing,not-looking,2079,284,706,318,808,0,standing,not-looking,2080,284,706,318,808,0,standing,not-looking,2081,283,706,317,808,0,standing,not-looking,2082,283,705,317,808,0,standing,not-looking,2083,283,705,317,808,0,standing,not-looking,2084,283,705,316,808,0,standing,not-looking,2085,283,705,316,808,0,standing,not-looking,2086,282,705,316,808,0,standing,not-looking,2087,282,705,315,808,0,standing,not-looking,2088,282,705,315,808,0,standing,not-looking,2089,282,705,315,808,0,standing,not-looking,2090,282,704,314,808,0,standing,not-looking,2091,281,704,314,808,0,standing,not-looking
3_10_673,12126,157,673,195,775,1,walking,not-looking,12127,154,672,193,775,0,walking,not-looking,12128,152,672,191,776,0,walking,not-looking,12129,150,672,189,776,0,walking,not-looking,12130,148,672,187,777,0,walking,not-looking,12131,145,672,185,777,0,walking,not-looking,12132,143,672,184,778,0,walking,not-looking,12133,141,672,182,778,0,walking,not-looking,12134,138,672,180,779,0,walking,not-looking,12135,136,672,178,779,0,walking,not-looking,12136,134,671,176,779,0,walking,not-looking,12137,132,671,174,780,0,walking,not-looking,12138,129,671,172,780,0,walking,not-looking,12139,127,671,170,780,0,walking,not-looking,12140,125,671,168,780,0,walking,not-looking,12141,122,671,165,781,0,standing,not-looking,12142,120,670,163,781,0,standing,not-looking,12143,118,670,161,781,0,standing,not-looking,12144,116,670,158,781,0,standing,not-looking,12145,113,670,156,781,0,standing,not-looking,12146,111,669,154,781,0,standing,not-looking,12147,109,669,151,781,0,standing,not-looking,12148,106,669,149,781,0,standing,not-looking,12149,104,669,147,781,0,standing,not-looking,12150,102,669,144,781,0,standing,not-looking,12151,99,668,142,781,0,standing,not-looking,12152,97,668,140,781,0,standing,not-looking,12153,94,668,137,781,0,standing,not-looking,12154,92,667,134,781,0,standing,not-looking,12155,89,667,131,781,0,standing,not-looking,12156,86,667,129,781,0,standing,not-looking,12157,83,666,126,781,0,standing,not-looking
3_10_634,2130,348,713,382,817,0,standing,not-looking,2131,348,713,382,817,0,standing,not-looking,2132,348,713,382,817,0,standing,not-looking,2133,348,713,382,817,0,standing,not-looking,2134,348,713,383,817,0,standing,not-looking,2135,348,713,383,817,0,standing,not-looking,2136,348,713,383,817,0,standing,not-looking,2137,348,713,383,817,0,standing,not-looking,2138,348,713,383,817,0,standing,not-looking,2139,348,713,383,817,0,standing,not-looking,2140,348,713,383,817,0,standing,not-looking,2141,348,713,383,817,0,standing,not-looking,2142,348,713,383,817,0,standing,not-looking,2143,348,713,383,817,0,standing,not-looking,2144,348,713,383,817,0,standing,not-looking,2145,348,713,383,817,0,standing,not-looking,2146,348,713,383,817,0,standing,not-looking,2147,348,713,383,817,0,standing,not-looking,2148,348,713,383,817,0,standing,not-looking,2149,348,713,383,817,0,standing,not-looking,2150,348,713,383,817,0,standing,not-looking,2151,348,713,383,817,0,standing,not-looking,2152,348,713,383,817,0,standing,not-looking,2153,348,713,383,817,0,standing,not-looking,2154,348,713,383,817,0,standing,not-looking,2155,348,713,383,817,0,standing,not-looking,2156,348,713,383,817,0,standing,not-looking,2157,348,713,383,817,0,standing,not-looking,2158,348,713,383,817,0,standing,not-looking,2159,348,713,383,817,0,standing,not-looking,2160,348,713,383,817,0,standing,not-looking,2161,348,713,383,817,0,standing,not-looking
3_10_684,12126,1519,727,1544,829,0,standing,looking,12127,1521,727,1546,829,0,standing,looking,12128,1524,727,1549,829,0,standing,looking,12129,1526,726,1551,829,0,standing,looking,12130,1528,726,1553,830,0,standing,looking,12131,1530,726,1556,830,0,standing,looking,12132,1533,725,1558,830,0,standing,looking,12133,1535,725,1560,830,0,standing,looking,12134,1537,725,1563,830,0,standing,looking,12135,1539,725,1565,831,0,standing,looking,12136,1541,724,1568,831,0,standing,looking,12137,1544,724,1570,831,0,standing,looking,12138,1546,724,1572,831,0,standing,looking,12139,1548,724,1575,831,0,standing,looking,12140,1550,723,1577,832,0,standing,looking,12141,1552,723,1579,832,0,standing,looking,12142,1555,723,1582,832,0,standing,looking,12143,1557,722,1584,832,0,standing,looking,12144,1559,722,1586,832,0,standing,looking,12145,1561,722,1589,832,0,standing,looking,12146,1564,722,1591,833,0,standing,looking,12147,1566,721,1594,833,0,standing,looking,12148,1568,721,1596,833,0,standing,looking,12149,1570,721,1598,833,0,standing,looking,12150,1572,720,1601,833,0,standing,looking,12151,1575,720,1603,834,0,standing,looking,12152,1577,720,1605,834,0,standing,looking,12153,1579,720,1608,834,0,standing,looking,12154,1581,719,1610,834,0,standing,not-looking,12155,1584,719,1613,834,0,standing,not-looking,12156,1587,718,1616,834,0,standing,not-looking,12157,1590,718,1619,834,0,standing,not-looking
3_10_688,12126,1579,715,1609,833,0,standing,looking,12127,1582,715,1612,833,0,standing,looking,12128,1584,715,1615,833,0,standing,looking,12129,1587,715,1617,833,0,standing,looking,12130,1590,714,1620,833,0,standing,looking,12131,1592,714,1623,833,0,standing,looking,12132,1595,714,1625,833,0,standing,looking,12133,1598,713,1628,833,0,standing,looking,12134,1601,713,1631,833,0,standing,looking,12135,1603,713,1634,833,0,standing,looking,12136,1606,713,1636,833,0,standing,looking,12137,1609,712,1639,833,0,standing,looking,12138,1612,712,1642,833,0,standing,looking,12139,1615,712,1645,834,0,standing,looking,12140,1618,711,1649,834,0,standing,looking,12141,1621,711,1652,834,0,standing,looking,12142,1624,711,1655,834,0,standing,looking,12143,1627,711,1658,834,0,standing,looking,12144,1631,710,1661,834,0,standing,looking,12145,1634,710,1664,834,0,standing,looking,12146,1637,710,1667,834,0,standing,not-looking,12147,1640,709,1671,834,0,standing,not-looking,12148,1644,709,1674,834,0,standing,not-looking,12149,1647,708,1678,834,0,standing,not-looking,12150,1650,708,1681,834,0,standing,not-looking,12151,1654,707,1685,835,0,standing,not-looking,12152,1657,707,1688,835,0,standing,not-looking,12153,1660,706,1692,835,0,standing,not-looking,12154,1664,706,1696,835,0,standing,not-looking,12155,1667,705,1699,835,0,standing,not-looking,12156,1671,705,1703,835,0,standing,not-looking,12157,1674,704,1706,836,0,standing,not-looking
3_10_683,12126,1531,722,1559,837,0,standing,not-looking,12127,1534,722,1562,837,0,standing,not-looking,12128,1536,721,1564,837,0,standing,not-looking,12129,1538,721,1567,837,0,standing,not-looking,12130,1541,721,1569,837,0,standing,not-looking,12131,1543,720,1572,837,0,standing,not-looking,12132,1546,720,1574,838,0,standing,not-looking,12133,1548,720,1576,838,0,standing,not-looking,12134,1551,720,1579,838,0,standing,not-looking,12135,1553,720,1581,839,0,standing,not-looking,12136,1556,720,1584,839,0,standing,not-looking,12137,1559,720,1586,839,0,standing,not-looking,12138,1561,720,1588,839,0,standing,not-looking,12139,1564,720,1591,840,0,standing,not-looking,12140,1566,720,1593,840,0,standing,not-looking,12141,1569,720,1595,840,0,standing,not-looking,12142,1572,720,1598,841,0,standing,not-looking,12143,1574,720,1600,841,0,standing,not-looking,12144,1577,720,1603,841,0,standing,not-looking,12145,1579,720,1605,842,0,standing,not-looking,12146,1582,720,1607,842,0,standing,not-looking,12147,1585,719,1611,842,0,standing,not-looking,12148,1588,719,1614,842,0,standing,not-looking,12149,1591,718,1617,842,0,standing,not-looking,12150,1594,717,1620,842,0,standing,not-looking,12151,1598,717,1624,842,0,standing,not-looking,12152,1601,716,1627,842,0,standing,not-looking,12153,1604,716,1630,842,0,standing,not-looking,12154,1607,715,1634,842,0,standing,not-looking,12155,1610,715,1637,842,0,standing,not-looking,12156,1613,714,1640,842,0,standing,not-looking,12157,1617,714,1644,842,0,standing,not-looking
3_10_632,813,1513,717,1572,874,2,walking,not-looking,813,1513,717,1572,874,2,walking,not-looking,813,1513,717,1572,874,2,walking,not-looking,813,1513,717,1572,874,2,walking,not-looking,813,1513,717,1572,874,2,walking,not-looking,814,1519,717,1578,878,2,walking,not-looking,815,1521,716,1580,878,1,walking,not-looking,816,1521,716,1580,878,0,walking,not-looking,817,1527,715,1585,879,0,walking,not-looking,818,1533,714,1591,879,0,walking,not-looking,819,1539,713,1596,880,0,walking,not-looking,820,1544,712,1601,880,0,walking,not-looking,821,1550,711,1606,881,0,walking,not-looking,822,1551,711,1610,883,0,walking,not-looking,823,1551,710,1613,885,0,walking,not-looking,824,1552,710,1617,887,0,walking,not-looking,825,1552,710,1620,889,0,walking,not-looking,826,1552,709,1624,891,0,walking,not-looking,827,1553,709,1627,892,0,walking,not-looking,828,1553,708,1631,894,0,walking,not-looking,829,1553,708,1634,896,0,walking,not-looking,830,1554,708,1637,898,0,walking,not-looking,831,1554,707,1641,900,0,walking,not-looking,832,1558,706,1643,901,0,walking,not-looking,833,1561,704,1645,902,0,walking,not-looking,834,1565,703,1647,904,0,walking,not-looking,835,1569,701,1649,905,0,walking,not-looking,836,1572,700,1651,906,0,walking,not-looking,837,1574,700,1651,906,0,walking,not-looking,838,1575,700,1652,906,0,walking,not-looking,839,1577,699,1653,906,0,walking,not-looking,840,1578,699,1653,906,0,walking,not-looking
3_10_679,13521,598,731,616,784,0,standing,not-looking,13522,598,731,616,784,0,standing,not-looking,13523,597,731,615,784,0,standing,not-looking,13524,597,731,615,784,0,standing,not-looking,13525,597,731,615,784,0,walking,looking,13526,597,731,615,784,0,walking,looking,13527,597,731,615,784,0,walking,looking,13528,597,731,615,784,0,walking,looking,13529,596,731,615,784,0,walking,looking,13530,596,731,614,784,0,walking,looking,13531,596,731,614,784,0,walking,looking,13532,596,731,614,784,0,walking,looking,13533,596,731,614,784,0,walking,looking,13534,596,731,614,784,0,walking,looking,13535,596,731,614,784,0,walking,looking,13536,595,731,613,784,0,walking,looking,13537,595,731,613,784,0,walking,looking,13538,595,731,613,784,0,walking,looking,13539,595,731,613,784,0,walking,looking,13540,595,731,613,784,0,walking,looking,13541,595,731,613,784,0,walking,looking,13542,594,731,612,784,0,walking,looking,13543,594,731,612,784,0,walking,looking,13544,594,731,612,784,0,walking,looking,13545,594,731,612,784,0,walking,looking,13546,594,731,612,784,0,walking,looking,13547,594,731,612,784,0,walking,looking,13548,594,731,612,784,0,walking,looking,13549,593,731,611,784,0,walking,looking,13550,593,731,611,784,0,walking,looking,13551,593,731,611,784,0,walking,looking,13552,593,731,611,784,0,walking,looking
3_10_689,12126,1685,714,1709,817,2,standing,not-looking,12127,1687,713,1712,817,2,standing,not-looking,12128,1690,713,1715,817,2,standing,not-looking,12129,1693,712,1718,817,2,standing,not-looking,12130,1696,711,1720,817,2,standing,not-looking,12131,1699,711,1723,817,2,standing,not-looking,12132,1701,710,1726,817,2,standing,not-looking,12133,1704,709,1729,818,2,standing,not-looking,12134,1707,709,1732,818,1,standing,not-looking,12135,1709,708,1733,818,1,standing,not-looking,12136,1711,708,1735,818,1,standing,not-looking,12137,1714,708,1739,818,1,standing,not-looking,12138,1717,708,1742,818,1,standing,not-looking,12139,1720,708,1745,818,1,standing,not-looking,12140,1723,708,1748,818,1,standing,not-looking,12141,1726,708,1751,818,1,standing,not-looking,12142,1729,709,1754,819,1,standing,not-looking,12143,1732,708,1757,818,1,standing,not-looking,12144,1735,707,1760,817,0,standing,not-looking,12145,1738,707,1763,817,0,standing,not-looking,12146,1742,706,1766,817,0,standing,not-looking,12147,1745,706,1770,817,0,standing,not-looking,12148,1748,705,1773,817,0,standing,not-looking,12149,1752,704,1776,817,0,standing,not-looking,12150,1755,704,1780,817,0,standing,not-looking,12151,1758,703,1783,817,0,standing,not-looking,12152,1762,703,1787,816,0,standing,not-looking,12153,1765,702,1790,816,0,standing,not-looking,12154,1769,702,1793,816,0,standing,not-looking,12155,1772,701,1797,816,0,standing,not-looking,12156,1775,701,1800,816,0,standing,not-looking,12157,1779,700,1803,816,0,standing,not-looking
3_10_682,13607,578,744,588,774,1,walking,not-looking,13608,578,744,588,774,1,walking,not-looking,13609,578,744,588,774,2,walking,not-looking,13610,578,744,588,774,2,walking,not-looking,13611,578,744,587,775,2,walking,not-looking,13612,577,744,587,775,2,walking,not-looking,13613,577,744,587,775,2,walking,not-looking,13614,577,744,587,775,2,walking,not-looking,13615,577,744,587,776,2,walking,not-looking,13616,577,744,587,776,2,walking,not-looking,13617,577,744,587,776,2,walking,not-looking,13618,576,744,587,776,2,walking,not-looking,13619,576,744,587,776,2,walking,not-looking,13620,576,744,587,776,2,walking,not-looking,13621,576,745,586,777,2,walking,not-looking,13622,576,745,586,777,2,walking,not-looking,13623,576,745,586,777,2,walking,not-looking,13624,575,745,586,777,2,walking,not-looking,13625,575,745,586,778,2,walking,not-looking,13626,575,745,586,778,2,walking,not-looking,13627,575,745,586,778,2,walking,not-looking,13628,575,745,586,778,2,walking,not-looking,13629,575,745,586,778,2,walking,not-looking,13630,574,745,586,778,2,walking,not-looking,13631,574,745,585,779,2,walking,not-looking,13632,574,746,585,779,2,walking,not-looking,13633,574,746,585,779,2,walking,not-looking,13634,574,746,585,779,0,walking,not-looking,13635,574,746,585,780,0,walking,not-looking,13636,573,746,585,780,0,walking,not-looking,13637,573,746,585,780,0,walking,not-looking,13638,573,746,585,780,0,walking,not-looking
3_10_690,12126,1508,729,1533,822,2,standing,not-looking,12127,1510,729,1535,822,1,standing,not-looking,12128,1511,729,1537,822,1,standing,not-looking,12129,1513,728,1539,822,1,standing,not-looking,12130,1515,728,1541,822,1,standing,not-looking,12131,1517,728,1542,822,1,standing,not-looking,12132,1519,728,1544,822,1,standing,not-looking,12133,1520,727,1546,822,1,standing,not-looking,12134,1523,727,1548,822,1,standing,not-looking,12135,1525,727,1551,823,1,standing,not-looking,12136,1527,727,1553,823,0,standing,not-looking,12137,1529,727,1555,823,0,standing,not-looking,12138,1531,727,1557,823,0,standing,not-looking,12139,1534,727,1559,823,0,standing,not-looking,12140,1536,726,1562,823,0,standing,not-looking,12141,1538,726,1564,823,0,standing,not-looking,12142,1540,726,1566,823,0,standing,not-looking,12143,1542,726,1568,824,0,standing,not-looking,12144,1545,726,1570,824,0,standing,not-looking,12145,1547,726,1572,824,0,standing,not-looking,12146,1549,726,1575,824,0,standing,not-looking,12147,1551,726,1577,824,0,standing,not-looking,12148,1554,725,1579,824,0,standing,not-looking,12149,1556,725,1582,824,0,standing,not-looking,12150,1559,725,1585,824,0,standing,not-looking,12151,1562,724,1587,824,0,standing,not-looking,12152,1564,724,1590,824,0,standing,not-looking,12153,1567,724,1593,824,0,standing,not-looking,12154,1570,724,1596,825,0,standing,not-looking,12155,1572,723,1598,825,0,standing,not-looking,12156,1575,723,1601,825,0,standing,not-looking,12157,1578,723,1604,825,0,standing,not-looking
3_10_675,12126,247,686,279,784,2,standing,looking,12127,245,685,277,784,2,standing,looking,12128,242,686,275,785,2,standing,looking,12129,239,686,272,786,2,standing,looking,12130,237,686,270,786,2,standing,looking,12131,234,686,267,787,2,standing,looking,12132,232,687,265,788,2,standing,looking,12133,229,687,262,788,2,standing,looking,12134,226,687,260,789,2,standing,looking,12135,224,687,257,790,1,standing,looking,12136,221,687,255,790,1,standing,looking,12137,219,687,253,790,1,standing,looking,12138,216,686,250,790,1,standing,looking,12139,214,686,248,790,1,standing,looking,12140,211,686,246,790,1,standing,looking,12141,209,685,243,790,1,standing,looking,12142,206,685,241,790,1,standing,looking,12143,204,685,238,790,1,standing,looking,12144,201,684,236,790,1,standing,looking,12145,199,684,234,790,1,standing,looking,12146,197,683,232,790,1,standing,looking,12147,194,683,229,790,1,standing,looking,12148,191,683,226,790,1,standing,looking,12149,188,683,223,791,1,standing,looking,12150,185,682,220,792,1,standing,looking,12151,182,682,217,792,0,standing,looking,12152,179,682,214,793,0,standing,looking,12153,175,682,210,794,0,standing,looking,12154,173,681,208,794,0,standing,looking,12155,170,681,205,794,0,standing,looking,12156,168,680,203,794,0,standing,looking,12157,165,680,200,794,0,standing,looking
3_10_633,1599,400,716,432,813,0,walking,not-looking,1600,395,716,426,815,0,walking,not-looking,1601,389,715,420,816,0,walking,not-looking,1602,383,715,416,816,0,walking,not-looking,1603,376,714,411,817,0,walking,not-looking,1604,369,714,406,817,0,walking,not-looking,1605,362,714,401,818,0,walking,not-looking,1606,355,713,397,818,0,walking,not-looking,1607,348,713,390,819,0,walking,not-looking,1608,341,712,382,820,0,walking,not-looking,1609,334,711,375,821,0,walking,not-looking,1610,327,710,368,821,0,walking,not-looking,1611,320,709,361,822,0,walking,not-looking,1612,315,708,354,823,0,walking,not-looking,1613,310,707,347,824,0,walking,not-looking,1614,305,706,340,825,0,walking,not-looking,1615,301,705,334,826,0,walking,not-looking,1616,296,703,327,827,0,walking,not-looking,1617,287,703,322,827,0,walking,not-looking,1618,278,702,318,828,0,walking,not-looking,1619,269,701,314,829,0,walking,not-looking,1620,260,701,310,830,0,walking,not-looking,1621,251,700,306,830,0,walking,not-looking,1622,242,699,297,831,0,walking,not-looking,1623,233,699,288,832,0,walking,not-looking,1624,224,698,279,833,0,walking,not-looking,1625,215,698,271,834,0,walking,not-looking,1626,206,697,262,835,0,walking,not-looking,1627,202,695,254,835,0,walking,not-looking,1628,198,693,247,835,0,walking,not-looking,1629,194,691,239,836,0,walking,not-looking,1630,189,689,232,836,0,walking,not-looking
3_10_691,12195,1804,684,1838,821,2,standing,not-looking,12196,1806,683,1840,820,2,standing,not-looking,12197,1809,683,1843,820,2,standing,not-looking,12198,1811,683,1845,820,2,standing,not-looking,12199,1814,683,1848,820,2,standing,not-looking,12200,1817,682,1851,819,2,standing,not-looking,12201,1821,682,1854,819,2,standing,not-looking,12202,1824,682,1858,819,2,standing,not-looking,12203,1825,681,1859,818,2,standing,not-looking,12204,1826,681,1860,818,1,standing,not-looking,12205,1829,679,1863,818,1,standing,looking,12206,1832,678,1867,819,1,standing,looking,12207,1835,677,1870,819,1,standing,looking,12208,1838,676,1873,819,1,standing,looking,12209,1839,675,1874,819,1,standing,looking,12210,1840,675,1876,820,1,standing,looking,12211,1842,674,1877,820,1,standing,looking,12212,1843,674,1878,820,1,standing,looking,12213,1844,673,1880,820,1,standing,looking,12214,1846,673,1882,819,1,standing,looking,12215,1849,672,1884,819,1,standing,looking,12216,1851,672,1886,818,1,standing,looking,12217,1853,671,1888,818,1,standing,looking,12218,1855,671,1891,817,1,standing,looking,12219,1857,670,1893,817,1,standing,looking,12220,1859,670,1894,817,1,standing,looking,12221,1860,670,1896,817,1,standing,looking,12222,1862,670,1897,817,1,standing,looking,12223,1863,670,1898,817,1,standing,looking,12224,1864,670,1900,818,1,standing,looking,12225,1866,669,1901,818,1,standing,looking,12226,1867,669,1902,818,1,standing,looking
3_10_677,13521,496,720,511,772,0,standing,not-looking,13522,496,720,511,772,0,standing,not-looking,13523,496,720,511,772,0,standing,not-looking,13524,496,720,511,772,0,standing,not-looking,13525,496,720,511,772,0,standing,not-looking,13526,496,720,511,772,0,standing,not-looking,13527,496,720,511,772,0,standing,not-looking,13528,496,720,511,772,0,standing,not-looking,13529,496,720,511,772,0,standing,not-looking,13530,496,720,511,772,0,standing,not-looking,13531,496,720,511,772,0,standing,not-looking,13532,496,720,511,772,0,standing,not-looking,13533,496,720,511,772,0,standing,not-looking,13534,496,720,511,772,0,standing,not-looking,13535,496,720,511,772,0,standing,not-looking,13536,496,720,511,772,0,standing,not-looking,13537,496,720,511,772,0,standing,not-looking,13538,496,720,511,772,0,standing,not-looking,13539,496,720,511,772,0,standing,not-looking,13540,496,720,511,772,0,standing,not-looking,13541,496,720,511,772,0,standing,not-looking,13542,496,720,511,772,0,standing,not-looking,13543,496,720,511,772,0,standing,not-looking,13544,496,720,511,772,0,standing,not-looking,13545,496,720,511,772,0,standing,not-looking,13546,496,720,511,772,0,standing,not-looking,13547,496,720,511,772,0,standing,not-looking,13548,496,720,511,772,0,standing,not-looking,13549,496,720,511,772,0,standing,not-looking,13550,496,720,511,772,0,standing,not-looking,13551,496,720,511,772,0,standing,not-looking,13552,496,720,511,772,0,standing,not-looking
3_10_687,12126,1605,712,1638,837,0,standing,looking,12127,1608,711,1641,837,0,standing,looking,12128,1611,711,1644,837,0,standing,looking,12129,1614,710,1647,837,0,standing,looking,12130,1617,710,1650,837,0,standing,looking,12131,1619,709,1653,837,0,standing,looking,12132,1622,709,1656,837,0,standing,looking,12133,1625,708,1659,837,0,standing,looking,12134,1628,708,1662,837,0,standing,looking,12135,1631,707,1665,837,0,standing,looking,12136,1634,706,1668,837,0,standing,looking,12137,1636,706,1671,837,0,standing,looking,12138,1639,705,1674,837,0,standing,looking,12139,1642,705,1677,837,0,standing,looking,12140,1645,705,1680,837,0,standing,looking,12141,1648,704,1683,838,0,standing,looking,12142,1651,704,1686,838,0,standing,looking,12143,1654,704,1689,838,0,standing,looking,12144,1657,704,1693,839,0,standing,looking,12145,1660,703,1696,839,0,standing,looking,12146,1663,703,1699,839,0,standing,looking,12147,1666,702,1702,839,0,standing,looking,12148,1669,702,1705,839,0,standing,looking,12149,1672,702,1708,840,0,standing,looking,12150,1676,701,1712,840,0,standing,looking,12151,1679,701,1716,840,0,standing,looking,12152,1683,701,1719,841,0,standing,looking,12153,1686,701,1723,841,0,standing,looking,12154,1690,700,1727,841,0,standing,looking,12155,1694,699,1731,841,0,standing,looking,12156,1697,698,1734,841,0,standing,looking,12157,1701,697,1738,840,0,standing,looking
3_10_685,12126,1555,724,1582,832,0,standing,not-looking,12127,1557,724,1584,832,0,standing,not-looking,12128,1560,724,1586,832,0,standing,not-looking,12129,1562,723,1589,832,0,standing,not-looking,12130,1565,723,1592,833,0,standing,not-looking,12131,1568,723,1594,833,0,standing,not-looking,12132,1570,723,1597,833,0,standing,not-looking,12133,1573,722,1599,833,0,standing,not-looking,12134,1575,722,1602,834,0,standing,not-looking,12135,1578,722,1605,834,0,standing,not-looking,12136,1580,722,1607,834,0,standing,not-looking,12137,1583,721,1610,834,0,standing,not-looking,12138,1585,721,1612,834,0,standing,not-looking,12139,1588,721,1615,834,0,standing,not-looking,12140,1590,720,1618,835,0,standing,not-looking,12141,1593,720,1620,835,0,standing,not-looking,12142,1596,720,1623,835,0,standing,not-looking,12143,1598,719,1625,835,0,standing,not-looking,12144,1601,719,1628,835,0,standing,not-looking,12145,1603,719,1631,835,0,standing,not-looking,12146,1606,718,1633,835,0,standing,not-looking,12147,1608,718,1636,835,0,standing,not-looking,12148,1612,717,1639,836,0,standing,not-looking,12149,1615,717,1643,836,0,standing,not-looking,12150,1618,717,1646,836,0,standing,not-looking,12151,1622,716,1650,836,0,standing,not-looking,12152,1625,716,1653,836,0,standing,not-looking,12153,1628,715,1656,836,0,standing,not-looking,12154,1632,715,1660,836,0,standing,not-looking,12155,1635,715,1663,836,0,standing,not-looking,12156,1638,714,1666,836,0,standing,not-looking,12157,1641,714,1670,836,0,standing,not-looking
3_10_631,809,569,752,633,867,0,walking,not-looking,810,569,752,630,869,0,walking,not-looking,811,568,752,627,871,0,walking,not-looking,812,568,752,625,874,0,walking,not-looking,813,568,752,622,876,0,walking,not-looking,814,568,752,619,878,0,walking,not-looking,815,564,754,618,881,0,walking,not-looking,816,560,755,616,884,0,walking,not-looking,817,556,756,614,887,0,walking,not-looking,818,552,757,613,890,0,walking,not-looking,819,548,758,611,894,0,walking,not-looking,820,548,758,612,895,0,walking,not-looking,821,548,758,613,897,0,walking,not-looking,822,548,758,614,899,0,walking,not-looking,823,548,758,615,900,0,walking,not-looking,824,548,758,616,902,0,walking,not-looking,825,545,760,615,905,0,walking,not-looking,826,541,761,614,908,0,walking,not-looking,827,538,762,613,910,0,walking,not-looking,828,535,763,612,913,0,walking,not-looking,829,531,764,611,916,0,walking,not-looking,830,531,763,605,918,0,walking,not-looking,831,531,763,599,921,0,walking,not-looking,832,530,762,592,923,0,walking,not-looking,833,530,761,586,925,0,walking,not-looking,834,530,761,580,928,0,walking,not-looking,835,526,761,575,929,0,walking,not-looking,836,522,761,571,931,0,walking,not-looking,837,518,761,567,932,0,walking,not-looking,838,514,761,563,934,0,walking,not-looking,839,510,761,559,935,0,walking,not-looking,840,503,761,554,937,0,walking,not-looking
3_10_672,13521,558,726,578,777,0,standing,looking,13522,558,726,578,777,0,standing,looking,13523,558,726,578,777,0,standing,looking,13524,558,726,578,777,0,standing,looking,13525,558,726,578,777,0,standing,looking,13526,558,726,578,777,0,standing,looking,13527,558,726,578,777,0,standing,looking,13528,558,726,578,777,0,standing,looking,13529,558,726,578,777,0,standing,looking,13530,558,726,578,777,0,standing,looking,13531,558,726,578,777,0,standing,looking,13532,558,726,578,777,0,standing,looking,13533,558,726,578,777,0,standing,looking,13534,558,726,578,777,0,standing,looking,13535,558,726,578,777,0,standing,looking,13536,558,726,578,777,0,standing,looking,13537,558,726,578,777,0,standing,looking,13538,558,726,578,777,0,standing,looking,13539,558,726,578,777,0,standing,looking,13540,558,726,578,777,0,standing,looking,13541,558,726,578,777,0,standing,looking,13542,558,726,578,777,0,standing,looking,13543,558,726,578,777,0,standing,looking,13544,558,726,578,777,0,standing,looking,13545,558,726,578,777,0,standing,looking,13546,558,726,578,777,0,standing,looking,13547,558,726,578,777,0,standing,looking,13548,558,726,578,777,0,standing,looking,13549,558,726,578,777,0,standing,looking,13550,558,726,578,777,0,standing,looking,13551,558,726,578,777,0,standing,looking,13552,558,726,578,777,0,standing,looking
3_10_686,12235,1803,693,1834,834,0,standing,not-looking,12236,1803,693,1834,834,0,standing,not-looking,12237,1804,693,1835,834,0,standing,not-looking,12238,1804,693,1835,834,0,standing,not-looking,12239,1804,693,1836,834,0,standing,not-looking,12240,1805,693,1836,834,0,standing,not-looking,12241,1805,693,1837,834,0,standing,not-looking,12242,1806,693,1837,834,0,standing,not-looking,12243,1806,693,1838,834,0,standing,not-looking,12244,1807,693,1838,835,0,standing,not-looking,12245,1807,693,1839,835,0,standing,not-looking,12246,1808,693,1839,835,0,standing,not-looking,12247,1808,693,1840,835,0,standing,not-looking,12248,1809,693,1840,835,0,standing,not-looking,12249,1809,693,1841,835,0,standing,not-looking,12250,1810,693,1841,835,0,standing,not-looking,12251,1810,693,1842,835,0,standing,not-looking,12252,1811,693,1842,835,0,standing,not-looking,12253,1811,693,1843,835,0,standing,not-looking,12254,1812,693,1843,835,0,standing,not-looking,12255,1812,693,1844,835,0,standing,not-looking,12256,1813,693,1845,835,0,standing,not-looking,12257,1813,693,1845,835,0,standing,not-looking,12258,1814,693,1846,835,0,standing,not-looking,12259,1814,693,1846,835,0,standing,not-looking,12260,1814,693,1847,835,0,standing,not-looking,12261,1815,693,1847,835,0,standing,not-looking,12262,1815,693,1848,835,0,standing,not-looking,12263,1815,693,1848,835,0,standing,not-looking,12264,1815,693,1848,835,0,standing,not-looking,12265,1815,693,1848,835,0,standing,not-looking,12266,1815,693,1847,836,0,standing,not-looking
3_10_678,13442,714,735,735,787,1,walking,not-looking,13443,716,735,737,786,1,walking,not-looking,13444,716,734,738,786,1,walking,not-looking,13445,717,734,738,785,1,walking,not-looking,13446,717,733,738,785,1,walking,not-looking,13447,717,733,738,785,1,walking,not-looking,13448,717,733,738,785,2,walking,not-looking,13449,718,733,739,785,2,walking,not-looking,13450,718,733,740,785,2,walking,not-looking,13451,719,733,740,785,2,walking,not-looking,13452,719,733,741,785,2,walking,not-looking,13453,720,733,741,785,2,walking,not-looking,13454,720,733,742,785,2,walking,not-looking,13455,721,733,742,785,2,walking,not-looking,13456,721,733,743,785,2,walking,not-looking,13457,722,733,743,785,2,walking,not-looking,13458,722,733,744,785,2,walking,not-looking,13459,723,733,744,785,2,walking,not-looking,13460,723,733,745,785,2,walking,not-looking,13461,724,733,745,785,2,walking,not-looking,13462,724,733,746,785,2,walking,not-looking,13463,725,733,746,785,2,walking,not-looking,13464,725,733,747,785,2,walking,not-looking,13465,726,733,748,785,2,walking,not-looking,13466,727,733,748,785,2,walking,not-looking,13467,727,733,749,785,2,walking,not-looking,13468,728,733,749,785,0,walking,not-looking,13469,728,733,749,785,0,walking,not-looking,13470,728,733,749,785,0,walking,not-looking,13471,728,733,749,785,0,walking,not-looking,13472,728,733,749,785,0,walking,not-looking,13473,728,733,749,785,0,walking,not-looking
3_10_660,14537,299,710,319,782,0,walking,not-looking,14538,299,710,318,782,0,walking,not-looking,14539,298,710,318,783,0,walking,not-looking,14540,298,710,317,783,0,walking,not-looking,14541,297,710,317,783,0,walking,not-looking,14542,297,710,317,783,0,walking,not-looking,14543,297,710,316,783,0,walking,not-looking,14544,296,710,316,783,0,walking,not-looking,14545,296,710,315,783,0,walking,not-looking,14546,295,710,315,783,0,walking,not-looking,14547,295,710,315,783,0,walking,not-looking,14548,294,710,314,783,0,walking,not-looking,14549,294,710,314,783,0,walking,not-looking,14550,293,710,314,783,0,walking,not-looking,14551,293,710,314,783,0,walking,not-looking,14552,292,710,313,783,0,walking,not-looking,14553,292,710,313,783,0,walking,not-looking,14554,291,710,313,784,0,walking,not-looking,14555,291,710,312,784,0,walking,not-looking,14556,290,710,312,784,0,walking,not-looking,14557,290,710,312,784,0,walking,not-looking,14558,289,710,311,784,0,walking,not-looking,14559,289,710,311,784,0,walking,not-looking,14560,288,710,311,784,0,walking,not-looking,14561,288,710,311,784,0,walking,not-looking,14562,287,710,310,784,0,walking,not-looking,14563,286,710,310,784,0,walking,not-looking,14564,286,710,310,785,0,walking,not-looking,14565,285,710,309,785,0,walking,not-looking,14566,285,710,309,785,0,walking,not-looking,14567,284,710,309,785,0,walking,not-looking,14568,284,710,308,785,0,walking,not-looking
3_10_676,13521,509,721,528,777,0,standing,not-looking,13522,509,721,528,777,0,standing,not-looking,13523,509,721,528,777,0,standing,not-looking,13524,509,721,528,777,0,standing,not-looking,13525,509,721,528,777,0,standing,not-looking,13526,509,721,528,777,0,standing,not-looking,13527,509,721,528,777,0,standing,not-looking,13528,509,721,528,777,0,standing,not-looking,13529,509,721,528,777,0,standing,not-looking,13530,509,721,528,777,0,standing,not-looking,13531,509,721,528,777,0,standing,not-looking,13532,509,721,528,777,0,standing,not-looking,13533,509,721,528,777,0,standing,not-looking,13534,509,721,528,777,0,standing,not-looking,13535,509,721,528,777,0,standing,not-looking,13536,509,721,528,777,0,standing,not-looking,13537,509,721,528,777,0,standing,not-looking,13538,509,721,528,777,0,standing,not-looking,13539,509,721,528,777,0,standing,not-looking,13540,509,721,528,777,0,standing,not-looking,13541,509,721,528,777,0,standing,not-looking,13542,509,721,528,777,0,standing,not-looking,13543,509,721,528,777,0,standing,not-looking,13544,509,721,528,777,0,standing,not-looking,13545,509,721,528,777,0,standing,not-looking,13546,509,721,528,777,0,standing,not-looking,13547,509,721,528,777,0,standing,not-looking,13548,509,721,528,777,0,standing,not-looking,13549,509,721,528,777,0,standing,not-looking,13550,509,721,528,777,0,standing,not-looking,13551,509,721,528,777,0,standing,not-looking,13552,509,721,528,777,0,standing,not-looking
3_10_630,809,592,682,654,865,0,walking,looking,810,589,682,651,868,0,walking,looking,811,587,682,648,870,0,walking,looking,812,585,681,645,872,0,walking,looking,813,583,681,642,875,0,walking,looking,814,580,681,639,877,0,walking,looking,815,578,680,636,879,0,walking,looking,816,576,680,633,882,0,walking,looking,817,574,680,631,884,0,walking,looking,818,571,679,628,886,0,walking,looking,819,569,679,625,888,0,walking,looking,820,564,677,619,888,0,walking,looking,821,559,674,613,888,1,walking,looking,822,555,672,609,890,1,walking,looking,823,551,669,606,892,1,walking,looking,824,547,667,603,893,1,walking,looking,825,543,664,599,895,1,walking,looking,826,539,662,596,897,1,walking,looking,827,533,662,596,899,1,walking,looking,828,527,662,596,901,1,walking,looking,829,521,662,596,901,0,walking,looking,830,517,661,592,903,0,walking,looking,831,512,660,588,905,0,walking,looking,832,508,660,585,907,0,walking,looking,833,504,659,581,909,0,walking,looking,834,500,658,577,910,0,walking,looking,835,496,657,574,912,0,walking,looking,836,492,656,570,914,0,walking,looking,837,488,656,566,916,0,walking,looking,838,483,655,562,918,0,walking,looking,839,479,654,559,920,0,walking,looking,840,476,653,559,922,0,walking,looking
3_11_709,7887,743,748,761,798,2,walking,not-looking,7888,742,748,760,797,2,walking,not-looking,7889,742,747,759,797,2,walking,not-looking,7890,741,747,758,797,2,walking,not-looking,7891,740,747,757,797,2,walking,not-looking,7892,739,747,757,797,2,walking,not-looking,7893,738,746,756,797,2,walking,not-looking,7894,737,746,755,797,2,walking,not-looking,7895,737,746,754,796,2,walking,not-looking,7896,736,746,753,796,2,walking,not-looking,7897,735,745,753,796,2,walking,not-looking,7898,734,745,752,796,2,walking,not-looking,7899,733,745,751,796,2,walking,not-looking,7900,732,745,750,796,2,walking,not-looking,7901,732,745,749,796,2,walking,not-looking,7902,731,744,748,795,2,walking,not-looking,7903,730,744,748,795,2,walking,not-looking,7904,729,744,747,795,2,walking,not-looking,7905,728,744,746,795,2,walking,not-looking,7906,727,743,745,795,2,walking,not-looking,7907,727,743,744,795,2,walking,not-looking,7908,726,743,744,795,2,walking,not-looking,7909,725,743,743,794,2,walking,not-looking,7910,724,743,742,794,2,walking,looking,7911,723,742,741,794,2,walking,looking,7912,722,742,740,794,0,walking,looking,7913,722,742,740,795,0,walking,looking,7914,721,742,739,795,0,walking,looking,7915,721,741,739,796,0,walking,looking,7916,720,741,739,796,0,walking,looking,7917,720,741,738,797,0,walking,looking,7918,720,741,738,798,0,walking,looking
3_11_713,14470,699,722,727,788,0,standing,not-looking,14471,699,722,727,788,0,standing,not-looking,14472,699,722,727,788,0,standing,not-looking,14473,699,722,727,788,0,standing,not-looking,14474,699,722,727,788,0,standing,not-looking,14475,699,722,727,788,0,standing,not-looking,14476,699,722,727,788,0,standing,not-looking,14477,699,722,727,788,0,standing,not-looking,14478,699,722,727,788,0,standing,not-looking,14479,699,722,727,788,0,standing,not-looking,14480,699,722,727,788,0,standing,not-looking,14481,699,722,727,788,0,standing,not-looking,14482,699,722,727,788,0,standing,not-looking,14483,699,722,727,788,0,standing,not-looking,14484,698,722,727,788,0,standing,not-looking,14485,698,722,727,788,0,standing,not-looking,14486,698,722,727,788,0,standing,not-looking,14487,698,722,727,788,0,standing,not-looking,14488,698,722,727,788,0,standing,not-looking,14489,698,722,726,788,0,standing,not-looking,14490,698,722,726,788,0,standing,not-looking,14491,698,722,726,788,0,standing,not-looking,14492,698,722,726,788,0,standing,not-looking,14493,698,722,726,788,0,standing,not-looking,14494,698,722,726,788,0,standing,not-looking,14495,698,722,726,788,0,standing,not-looking,14496,698,722,726,788,0,standing,not-looking,14497,698,722,726,788,0,standing,not-looking,14498,698,722,726,788,0,standing,not-looking,14499,698,722,726,788,0,standing,not-looking,14500,698,722,726,788,0,standing,not-looking,14501,698,722,726,788,0,standing,not-looking
3_11_712,14470,554,712,577,789,0,standing,not-looking,14471,554,712,577,789,0,standing,not-looking,14472,554,712,577,789,0,standing,not-looking,14473,554,712,577,789,0,standing,not-looking,14474,554,712,577,789,0,standing,not-looking,14475,554,712,577,789,0,standing,not-looking,14476,554,712,577,789,0,standing,not-looking,14477,554,712,577,789,0,standing,not-looking,14478,554,712,577,789,0,standing,not-looking,14479,554,712,577,789,0,standing,not-looking,14480,554,712,577,789,0,standing,not-looking,14481,554,712,577,789,0,standing,not-looking,14482,554,712,577,789,0,standing,not-looking,14483,554,712,577,789,0,standing,not-looking,14484,554,712,577,789,0,standing,not-looking,14485,554,712,577,789,0,standing,not-looking,14486,554,712,577,789,0,standing,not-looking,14487,554,712,577,789,0,standing,not-looking,14488,554,712,576,789,0,standing,not-looking,14489,554,712,576,789,0,standing,not-looking,14490,554,712,576,789,0,standing,not-looking,14491,554,712,576,789,0,standing,not-looking,14492,554,712,576,789,0,standing,not-looking,14493,554,712,576,789,0,standing,not-looking,14494,554,712,576,789,0,standing,not-looking,14495,554,712,576,789,0,standing,not-looking,14496,554,712,576,789,0,standing,not-looking,14497,554,712,576,789,0,standing,not-looking,14498,554,712,576,789,0,standing,not-looking,14499,554,712,576,789,0,standing,not-looking,14500,554,712,576,789,0,standing,not-looking,14501,554,712,576,789,0,standing,not-looking
3_11_711,14470,518,712,544,789,0,standing,looking,14471,518,712,544,789,0,standing,looking,14472,518,712,544,789,0,standing,looking,14473,518,712,544,789,0,standing,looking,14474,518,712,544,789,0,standing,looking,14475,518,712,544,789,0,standing,looking,14476,518,712,544,789,0,standing,looking,14477,518,712,544,789,0,standing,looking,14478,517,712,544,789,0,standing,looking,14479,517,712,544,789,0,standing,not-looking,14480,517,712,544,789,0,standing,not-looking,14481,517,712,544,789,0,standing,not-looking,14482,517,712,544,789,0,standing,not-looking,14483,516,712,544,789,0,standing,not-looking,14484,516,712,544,789,0,standing,not-looking,14485,516,712,544,789,0,standing,not-looking,14486,516,712,543,789,0,standing,not-looking,14487,515,712,543,789,0,standing,not-looking,14488,515,712,543,789,0,standing,not-looking,14489,515,712,543,789,0,standing,not-looking,14490,515,712,543,789,0,standing,not-looking,14491,514,712,543,789,0,standing,not-looking,14492,514,712,543,789,0,standing,not-looking,14493,514,712,543,789,0,standing,not-looking,14494,514,712,543,789,0,standing,not-looking,14495,514,712,543,789,0,standing,not-looking,14496,514,712,543,789,0,standing,not-looking,14497,514,712,543,789,0,standing,not-looking,14498,514,712,543,789,0,standing,not-looking,14499,514,712,543,788,0,standing,not-looking,14500,514,711,543,788,0,standing,not-looking,14501,514,711,543,788,0,standing,not-looking
3_11_710,14470,460,707,484,784,0,standing,looking,14471,460,707,483,784,0,standing,looking,14472,460,707,483,783,0,standing,looking,14473,460,707,484,783,0,standing,looking,14474,460,707,484,783,0,standing,looking,14475,460,707,484,783,0,standing,looking,14476,460,707,484,783,0,standing,looking,14477,460,707,484,783,0,standing,looking,14478,460,707,484,783,0,standing,looking,14479,460,707,484,783,0,standing,looking,14480,461,707,484,783,0,standing,looking,14481,461,707,484,783,0,standing,looking,14482,461,707,484,783,0,standing,looking,14483,461,707,484,783,0,standing,looking,14484,461,707,484,783,0,standing,looking,14485,461,707,485,783,0,standing,looking,14486,461,707,485,783,0,standing,looking,14487,461,707,485,783,0,standing,looking,14488,461,707,485,783,0,standing,looking,14489,461,707,485,783,0,standing,looking,14490,461,707,485,783,0,standing,looking,14491,461,707,485,783,0,standing,looking,14492,462,707,485,783,0,standing,looking,14493,462,707,485,783,0,standing,looking,14494,462,707,485,783,0,standing,looking,14495,462,707,485,783,0,standing,looking,14496,462,707,485,783,0,standing,looking,14497,462,707,486,783,0,standing,looking,14498,462,707,486,783,0,standing,looking,14499,462,707,486,783,0,standing,looking,14500,462,707,486,783,0,standing,looking,14501,462,707,486,783,0,standing,looking
3_11_714,14485,667,722,711,796,0,standing,not-looking,14486,667,722,711,796,0,standing,not-looking,14487,667,722,711,796,0,standing,not-looking,14488,667,722,711,796,0,standing,not-looking,14489,667,722,711,796,0,standing,not-looking,14490,667,722,711,796,0,standing,not-looking,14491,667,722,711,796,0,standing,not-looking,14492,667,722,711,796,0,standing,not-looking,14493,667,722,711,796,0,standing,not-looking,14494,667,722,711,796,0,standing,not-looking,14495,667,722,711,796,0,standing,not-looking,14496,667,722,711,796,0,standing,not-looking,14497,667,722,711,796,0,standing,not-looking,14498,667,722,711,796,0,standing,not-looking,14499,667,722,711,796,0,standing,not-looking,14500,667,722,711,796,0,standing,not-looking,14501,667,722,711,796,0,standing,not-looking,14502,667,722,711,796,0,standing,not-looking,14503,667,722,711,796,0,standing,not-looking,14504,667,722,711,796,0,standing,not-looking,14505,667,722,711,796,0,standing,not-looking,14506,667,722,711,796,0,standing,not-looking,14507,666,722,711,796,0,standing,not-looking,14508,666,722,710,796,0,standing,not-looking,14509,666,722,710,796,0,standing,not-looking,14510,666,722,710,796,0,standing,not-looking,14511,666,722,710,795,0,standing,not-looking,14512,666,722,710,795,0,standing,not-looking,14513,666,722,710,795,0,standing,not-looking,14514,666,722,710,795,0,standing,not-looking,14515,666,722,710,795,0,standing,not-looking,14516,666,722,710,795,0,standing,not-looking
3_11_715,14470,631,715,651,784,0,standing,not-looking,14471,631,715,651,784,0,standing,not-looking,14472,631,715,651,784,0,standing,not-looking,14473,631,715,651,784,0,standing,not-looking,14474,631,715,651,784,0,standing,not-looking,14475,631,715,651,784,0,standing,not-looking,14476,631,715,651,784,0,standing,not-looking,14477,631,715,651,784,0,standing,not-looking,14478,631,715,651,784,0,standing,not-looking,14479,631,715,651,784,0,standing,not-looking,14480,631,715,651,784,0,standing,not-looking,14481,631,715,651,784,0,standing,not-looking,14482,631,715,651,784,0,standing,not-looking,14483,631,715,651,784,0,standing,not-looking,14484,631,715,651,784,0,standing,not-looking,14485,631,715,651,784,0,standing,not-looking,14486,631,715,651,784,0,standing,not-looking,14487,631,715,651,784,0,standing,not-looking,14488,631,715,651,784,0,standing,not-looking,14489,631,715,651,784,0,standing,not-looking,14490,631,715,651,784,0,standing,not-looking,14491,631,715,651,784,0,standing,not-looking,14492,631,715,651,784,0,standing,not-looking,14493,631,715,651,784,0,standing,not-looking,14494,631,715,651,784,0,standing,not-looking,14495,631,715,651,784,0,standing,not-looking,14496,631,715,651,784,0,standing,not-looking,14497,631,715,651,784,0,standing,not-looking,14498,631,715,651,784,0,standing,not-looking,14499,631,715,651,784,0,standing,not-looking,14500,631,715,651,784,0,standing,not-looking,14501,631,715,651,784,0,standing,not-looking
3_11_708,7883,757,750,770,791,2,walking,not-looking,7884,756,750,770,791,2,walking,not-looking,7885,755,749,769,791,2,walking,not-looking,7886,754,749,768,791,2,walking,not-looking,7887,753,749,767,791,2,walking,not-looking,7888,753,749,766,791,2,walking,not-looking,7889,752,749,765,791,2,walking,not-looking,7890,751,749,765,791,2,walking,not-looking,7891,750,749,764,791,2,walking,not-looking,7892,749,748,763,791,2,walking,not-looking,7893,748,748,762,791,2,walking,not-looking,7894,747,748,761,792,2,walking,not-looking,7895,746,748,760,792,2,walking,not-looking,7896,746,748,760,792,2,walking,not-looking,7897,745,748,759,792,2,walking,not-looking,7898,744,748,758,792,2,walking,not-looking,7899,743,747,757,792,2,walking,not-looking,7900,742,747,756,792,2,walking,not-looking,7901,741,747,756,792,2,walking,not-looking,7902,740,747,755,792,2,walking,not-looking,7903,739,747,754,792,2,walking,not-looking,7904,739,747,753,792,2,walking,not-looking,7905,738,747,752,792,2,walking,not-looking,7906,737,746,751,793,2,walking,not-looking,7907,736,746,751,793,2,walking,not-looking,7908,735,746,750,793,2,walking,not-looking,7909,732,745,747,792,2,walking,not-looking,7910,731,745,746,793,1,walking,not-looking,7911,731,745,746,793,1,walking,not-looking,7912,730,745,745,793,1,walking,not-looking,7913,729,745,744,794,1,walking,not-looking,7914,728,744,744,794,1,walking,not-looking
3_12_750,7416,742,705,778,792,0,walking,not-looking,7417,742,705,778,792,0,walking,not-looking,7418,742,705,778,792,0,walking,not-looking,7419,742,705,778,792,0,walking,not-looking,7420,741,705,778,792,0,walking,not-looking,7421,741,705,778,792,0,walking,not-looking,7422,741,705,778,792,0,walking,not-looking,7423,740,705,778,792,0,walking,not-looking,7424,740,705,778,792,0,walking,not-looking,7425,740,705,778,792,0,walking,not-looking,7426,740,705,778,792,0,walking,not-looking,7427,739,705,778,792,0,walking,not-looking,7428,739,705,778,792,0,walking,not-looking,7429,739,705,778,792,0,walking,not-looking,7430,738,705,777,792,0,walking,not-looking,7431,738,705,777,792,0,walking,not-looking,7432,738,705,777,792,0,walking,not-looking,7433,737,705,776,792,0,walking,not-looking,7434,737,705,776,792,0,walking,not-looking,7435,737,705,776,792,0,walking,not-looking,7436,736,705,775,792,0,walking,not-looking,7437,736,705,775,792,0,walking,not-looking,7438,736,705,775,792,0,walking,not-looking,7439,735,705,774,792,0,standing,not-looking,7440,735,705,774,792,0,standing,not-looking,7441,735,705,774,792,0,standing,not-looking,7442,734,705,774,792,0,standing,not-looking,7443,734,705,773,792,0,standing,not-looking,7444,734,705,773,792,0,standing,not-looking,7445,734,705,773,792,0,standing,not-looking,7446,734,705,772,792,0,standing,not-looking,7447,734,705,772,792,0,standing,not-looking
3_12_749,7416,949,710,985,803,0,standing,not-looking,7417,949,710,985,803,0,standing,not-looking,7418,949,710,985,803,0,standing,not-looking,7419,949,710,985,803,0,standing,not-looking,7420,949,710,985,803,0,standing,not-looking,7421,949,710,985,803,0,standing,not-looking,7422,949,710,985,803,0,standing,not-looking,7423,949,710,985,803,0,standing,not-looking,7424,949,710,985,803,0,standing,not-looking,7425,949,710,985,803,0,standing,not-looking,7426,949,711,985,803,0,standing,not-looking,7427,949,711,985,803,0,standing,not-looking,7428,949,711,985,803,0,standing,not-looking,7429,949,711,985,803,0,standing,not-looking,7430,949,711,985,803,0,standing,not-looking,7431,949,711,985,803,0,standing,not-looking,7432,949,711,985,803,0,standing,not-looking,7433,949,711,985,803,0,standing,not-looking,7434,949,711,985,803,0,standing,not-looking,7435,949,711,985,803,0,standing,not-looking,7436,949,711,985,803,0,standing,not-looking,7437,949,711,985,803,0,standing,not-looking,7438,949,711,986,804,0,standing,not-looking,7439,949,711,986,804,0,standing,not-looking,7440,949,711,986,804,0,standing,not-looking,7441,949,711,986,804,0,standing,not-looking,7442,949,711,986,804,0,standing,not-looking,7443,949,711,986,804,0,standing,not-looking,7444,950,711,986,804,0,standing,not-looking,7445,950,711,986,804,0,standing,not-looking,7446,950,711,986,804,0,standing,not-looking,7447,950,711,986,804,0,standing,not-looking
3_12_740,5384,1350,719,1402,838,0,walking,looking,5385,1352,719,1404,839,0,walking,looking,5386,1354,719,1406,841,0,walking,looking,5387,1356,720,1408,842,0,walking,looking,5388,1358,718,1410,842,0,walking,looking,5389,1360,716,1413,841,0,walking,looking,5390,1362,714,1416,841,0,walking,looking,5391,1365,712,1419,840,0,walking,looking,5392,1367,710,1422,839,0,walking,looking,5393,1369,708,1425,839,0,walking,looking,5394,1372,707,1428,838,0,walking,looking,5395,1374,705,1431,838,0,walking,looking,5396,1376,703,1434,837,0,walking,looking,5397,1378,701,1437,837,0,walking,not-looking,5398,1381,701,1440,839,0,walking,not-looking,5399,1384,702,1443,841,0,walking,not-looking,5400,1386,703,1446,844,0,walking,not-looking,5401,1389,703,1449,846,0,walking,not-looking,5402,1392,704,1452,848,0,walking,not-looking,5403,1397,710,1458,857,0,walking,not-looking,5404,1402,717,1463,865,0,walking,not-looking,5405,1407,724,1469,874,0,walking,not-looking,5406,1412,726,1474,878,0,walking,not-looking,5407,1418,729,1480,882,0,walking,not-looking,5408,1422,726,1485,882,0,walking,not-looking,5409,1425,724,1490,881,0,walking,not-looking,5410,1429,721,1496,881,0,walking,not-looking,5411,1433,719,1501,881,0,walking,looking,5412,1437,716,1506,881,0,walking,looking,5413,1441,714,1511,880,0,walking,looking,5414,1445,711,1516,880,0,walking,looking,5415,1449,709,1522,880,0,walking,looking
3_12_743,5864,174,622,249,873,0,walking,looking,5865,176,622,253,874,0,walking,looking,5866,178,622,256,875,0,walking,looking,5867,179,622,259,876,0,walking,looking,5868,181,622,262,877,0,walking,looking,5869,183,623,265,879,0,walking,looking,5870,185,623,268,880,0,walking,looking,5871,187,623,271,881,0,walking,looking,5872,192,622,272,881,0,walking,looking,5873,197,621,273,881,0,walking,looking,5874,202,621,274,882,0,walking,looking,5875,207,620,274,882,0,walking,looking,5876,212,619,275,882,0,walking,looking,5877,214,619,277,884,0,walking,looking,5878,216,620,280,887,0,walking,looking,5879,218,620,282,889,0,walking,looking,5880,220,620,285,891,0,walking,looking,5881,222,620,287,893,0,walking,looking,5882,225,621,293,896,0,walking,looking,5883,228,622,299,899,0,walking,looking,5884,231,623,305,902,0,walking,not-looking,5885,234,624,307,904,0,walking,not-looking,5886,236,625,310,906,0,walking,not-looking,5887,238,626,313,908,0,walking,not-looking,5888,241,626,315,910,0,walking,not-looking,5889,244,626,319,912,0,walking,not-looking,5890,247,626,322,914,0,walking,not-looking,5891,250,626,326,915,0,walking,not-looking,5892,254,625,330,914,0,walking,not-looking,5893,259,624,335,913,0,walking,not-looking,5894,263,623,339,912,1,walking,not-looking,5895,269,624,345,913,1,walking,not-looking
3_12_745,6891,165,607,269,879,0,walking,not-looking,6892,166,607,273,880,0,walking,not-looking,6893,166,607,277,882,0,walking,not-looking,6894,167,607,282,884,0,walking,not-looking,6895,168,607,286,885,0,walking,not-looking,6896,169,608,287,888,0,walking,not-looking,6897,171,609,288,891,0,walking,not-looking,6898,173,610,289,894,0,walking,not-looking,6899,175,611,290,897,0,walking,not-looking,6900,177,611,291,900,0,walking,not-looking,6901,178,611,294,900,0,walking,not-looking,6902,180,610,296,900,0,walking,not-looking,6903,181,610,299,900,0,walking,not-looking,6904,182,609,301,900,0,walking,not-looking,6905,183,609,303,900,0,walking,not-looking,6906,186,608,306,902,0,walking,looking,6907,189,607,309,904,0,walking,looking,6908,191,606,312,905,0,walking,looking,6909,194,606,315,907,0,walking,looking,6910,197,605,317,909,0,walking,looking,6911,200,605,319,911,0,walking,looking,6912,204,606,320,913,0,walking,looking,6913,208,606,321,915,0,walking,looking,6914,211,606,322,918,0,walking,looking,6915,215,607,324,920,0,walking,looking,6916,217,606,327,921,0,walking,looking,6917,218,605,329,922,0,walking,looking,6918,220,604,332,923,0,walking,looking,6919,222,603,335,925,0,walking,looking,6920,223,602,338,926,0,walking,looking,6921,225,601,341,927,0,walking,looking,6922,226,600,343,928,0,walking,looking
3_12_742,5848,197,619,273,887,0,walking,not-looking,5849,199,619,274,888,0,walking,not-looking,5850,201,619,276,890,0,walking,not-looking,5851,202,620,279,892,0,walking,not-looking,5852,204,620,282,895,0,walking,not-looking,5853,206,621,284,897,0,walking,not-looking,5854,207,622,287,899,0,walking,not-looking,5855,208,621,290,900,0,walking,not-looking,5856,209,621,293,901,0,walking,not-looking,5857,210,621,295,901,0,walking,not-looking,5858,211,621,298,902,0,walking,not-looking,5859,212,621,301,903,0,walking,not-looking,5860,213,621,303,904,0,walking,not-looking,5861,214,621,306,905,0,walking,not-looking,5862,215,621,309,905,0,walking,not-looking,5863,216,621,312,906,0,walking,not-looking,5864,217,621,314,907,0,walking,not-looking,5865,218,621,317,910,0,walking,not-looking,5866,219,621,320,912,0,walking,not-looking,5867,220,621,322,915,0,walking,not-looking,5868,221,621,325,918,0,walking,not-looking,5869,222,621,328,920,0,walking,not-looking,5870,223,621,331,923,0,walking,not-looking,5871,224,621,333,926,0,walking,not-looking,5872,225,620,336,928,0,walking,not-looking,5873,226,620,339,931,0,walking,not-looking,5874,226,620,342,933,0,walking,not-looking,5875,227,620,343,935,0,walking,not-looking,5876,232,620,345,937,0,walking,not-looking,5877,237,620,346,939,0,walking,not-looking,5878,242,620,348,940,0,walking,not-looking,5879,257,620,350,942,0,walking,not-looking
3_12_748,7542,1008,720,1045,808,2,walking,not-looking,7543,1008,720,1042,808,2,walking,not-looking,7544,1008,720,1039,808,1,walking,not-looking,7545,1008,723,1036,811,1,walking,not-looking,7546,1008,720,1036,811,0,walking,not-looking,7547,1005,720,1037,812,0,walking,not-looking,7548,1002,720,1037,813,0,walking,not-looking,7549,999,720,1038,814,0,walking,not-looking,7550,996,720,1039,814,0,walking,not-looking,7551,993,720,1040,815,0,walking,not-looking,7552,993,721,1038,816,0,walking,not-looking,7553,993,721,1035,816,0,walking,not-looking,7554,993,721,1033,816,0,walking,not-looking,7555,993,721,1031,816,0,walking,not-looking,7556,993,722,1029,817,0,walking,not-looking,7557,991,722,1028,817,0,walking,not-looking,7558,990,722,1026,817,0,walking,not-looking,7559,988,722,1024,817,0,walking,not-looking,7560,987,722,1023,817,0,walking,not-looking,7561,985,722,1021,817,0,walking,not-looking,7562,982,722,1022,818,0,walking,not-looking,7563,979,722,1022,819,0,walking,not-looking,7564,976,723,1023,820,0,walking,not-looking,7565,973,723,1023,821,0,walking,not-looking,7566,970,723,1024,822,0,walking,not-looking,7567,969,724,1021,823,0,walking,not-looking,7568,968,724,1018,823,0,walking,not-looking,7569,967,725,1014,824,0,walking,not-looking,7570,966,725,1011,824,0,walking,not-looking,7571,965,726,1008,825,0,walking,not-looking,7572,963,726,1007,825,0,walking,not-looking,7573,961,726,1006,826,0,walking,not-looking
3_12_741,5704,201,626,272,872,0,walking,looking,5705,202,626,274,873,0,walking,looking,5706,203,625,276,875,0,walking,looking,5707,204,625,277,876,0,walking,looking,5708,205,625,279,878,0,walking,looking,5709,206,624,281,879,0,walking,looking,5710,208,624,282,881,0,walking,looking,5711,209,624,284,882,0,walking,looking,5712,210,624,286,883,0,walking,looking,5713,212,623,288,885,0,walking,looking,5714,214,623,290,886,0,walking,looking,5715,215,623,292,887,0,walking,looking,5716,217,622,293,889,0,walking,looking,5717,219,622,296,890,0,walking,looking,5718,220,622,298,892,0,walking,looking,5719,222,622,300,893,0,walking,looking,5720,224,622,302,895,0,walking,looking,5721,226,622,304,896,0,walking,looking,5722,228,623,307,898,0,walking,looking,5723,231,623,310,900,0,walking,looking,5724,234,624,313,902,0,walking,looking,5725,236,624,316,904,0,walking,looking,5726,239,625,318,906,0,walking,looking,5727,240,624,321,908,0,walking,looking,5728,242,624,324,909,0,walking,looking,5729,243,624,327,910,0,walking,looking,5730,244,624,330,912,0,walking,looking,5731,246,624,333,913,0,walking,looking,5732,248,624,337,915,0,walking,looking,5733,249,623,341,916,0,walking,looking,5734,251,623,346,917,0,walking,looking,5735,252,623,350,919,0,walking,looking
3_12_747,7416,820,713,849,799,0,standing,looking,7417,820,713,849,799,0,standing,looking,7418,820,713,849,799,0,standing,looking,7419,820,713,849,799,0,standing,looking,7420,820,713,849,799,0,standing,looking,7421,820,714,849,799,0,standing,looking,7422,820,714,849,799,0,standing,looking,7423,820,714,849,799,0,standing,looking,7424,820,714,849,799,0,standing,looking,7425,820,714,849,799,0,standing,looking,7426,820,714,849,799,0,standing,looking,7427,820,714,849,799,0,standing,looking,7428,820,714,849,799,0,standing,looking,7429,820,714,849,799,0,standing,looking,7430,820,714,849,799,0,standing,looking,7431,820,714,849,799,0,standing,looking,7432,820,714,849,799,0,standing,looking,7433,820,714,849,799,0,standing,looking,7434,820,714,849,799,0,standing,looking,7435,820,714,849,799,0,standing,looking,7436,820,714,849,799,0,standing,looking,7437,820,714,849,799,0,standing,looking,7438,820,714,849,799,0,standing,looking,7439,820,714,849,799,0,standing,looking,7440,820,714,849,799,0,standing,looking,7441,820,714,849,799,0,standing,looking,7442,820,714,849,799,0,standing,looking,7443,820,714,849,799,0,standing,looking,7444,820,714,849,799,0,standing,looking,7445,820,714,849,799,0,standing,looking,7446,820,714,849,799,0,standing,looking,7447,821,714,849,799,0,standing,looking
3_12_746,7416,247,644,337,835,0,standing,not-looking,7417,247,644,337,835,0,standing,not-looking,7418,247,644,337,835,0,standing,not-looking,7419,247,644,337,835,0,standing,not-looking,7420,247,644,337,835,0,standing,not-looking,7421,247,644,337,835,0,standing,not-looking,7422,247,644,337,835,0,standing,not-looking,7423,246,644,337,835,0,standing,not-looking,7424,246,644,338,835,0,standing,not-looking,7425,246,644,338,835,0,standing,not-looking,7426,246,644,338,835,0,standing,not-looking,7427,246,644,338,835,0,standing,not-looking,7428,246,644,338,835,0,standing,not-looking,7429,246,645,338,835,0,standing,not-looking,7430,246,645,339,836,0,standing,not-looking,7431,246,645,339,836,0,standing,not-looking,7432,245,645,339,836,0,standing,not-looking,7433,245,645,339,836,0,standing,not-looking,7434,245,645,339,836,0,standing,not-looking,7435,245,645,340,836,0,standing,not-looking,7436,245,645,340,836,0,standing,not-looking,7437,245,645,340,836,0,standing,not-looking,7438,245,645,340,836,0,standing,not-looking,7439,245,645,340,836,0,standing,not-looking,7440,245,645,340,836,0,standing,not-looking,7441,244,645,341,836,0,standing,not-looking,7442,244,645,341,836,0,standing,not-looking,7443,244,645,341,836,0,standing,not-looking,7444,244,645,341,836,0,standing,not-looking,7445,244,645,341,836,0,standing,not-looking,7446,244,645,342,836,0,standing,not-looking,7447,244,645,342,836,0,standing,not-looking
3_12_744,6809,211,637,323,908,0,walking,looking,6810,211,637,324,910,0,walking,looking,6811,211,637,324,912,0,walking,looking,6812,212,637,325,914,0,walking,looking,6813,212,637,326,916,0,walking,looking,6814,212,637,326,918,0,walking,looking,6815,213,637,327,920,0,walking,looking,6816,215,636,328,920,0,walking,looking,6817,218,635,328,921,0,walking,looking,6818,220,634,329,921,0,walking,looking,6819,222,633,329,922,0,walking,looking,6820,225,632,330,923,0,walking,not-looking,6821,229,632,331,925,0,walking,not-looking,6822,233,633,333,927,0,walking,not-looking,6823,236,634,334,929,0,walking,not-looking,6824,240,635,336,931,0,walking,not-looking,6825,244,636,337,934,0,walking,not-looking,6826,245,636,339,935,0,walking,not-looking,6827,247,636,342,937,0,walking,not-looking,6828,248,636,344,939,0,walking,not-looking,6829,249,635,347,941,0,walking,not-looking,6830,251,635,349,943,0,walking,not-looking,6831,252,635,353,944,0,walking,not-looking,6832,253,635,357,944,0,walking,not-looking,6833,254,635,362,945,0,walking,not-looking,6834,256,635,366,946,0,walking,not-looking,6835,257,635,370,947,0,walking,not-looking,6836,256,635,374,949,0,walking,not-looking,6837,255,635,379,951,0,walking,not-looking,6838,255,634,384,953,0,walking,not-looking,6839,254,634,389,955,0,walking,not-looking,6840,253,634,393,957,0,walking,not-looking
3_12_738,3932,316,691,348,788,1,walking,not-looking,3933,325,691,357,789,1,walking,not-looking,3934,333,691,366,790,1,walking,not-looking,3935,342,692,375,791,1,walking,not-looking,3936,350,692,383,792,1,walking,not-looking,3937,359,692,392,793,1,walking,not-looking,3938,367,693,401,794,1,walking,not-looking,3939,375,693,410,795,1,walking,not-looking,3940,384,693,419,796,1,walking,not-looking,3941,392,694,427,797,1,walking,not-looking,3942,401,694,436,798,1,walking,not-looking,3943,409,694,445,799,1,walking,not-looking,3944,415,693,451,798,1,walking,not-looking,3945,422,692,458,798,1,walking,not-looking,3946,428,692,464,797,0,walking,not-looking,3947,434,691,471,796,0,walking,not-looking,3948,441,690,477,796,0,walking,not-looking,3949,446,689,485,795,0,walking,not-looking,3950,452,689,492,795,0,walking,not-looking,3951,458,688,499,795,0,walking,not-looking,3952,464,688,507,794,0,walking,not-looking,3953,469,687,513,795,0,walking,not-looking,3954,474,687,520,796,0,walking,not-looking,3955,479,686,526,796,0,walking,not-looking,3956,484,686,532,797,0,walking,not-looking,3957,489,685,539,798,0,walking,not-looking,3958,493,687,545,801,0,walking,not-looking,3959,498,690,552,804,0,walking,not-looking,3960,503,692,558,807,0,walking,not-looking,3961,508,694,564,810,0,walking,not-looking,3962,513,696,571,814,0,walking,not-looking,3963,518,697,576,816,0,walking,not-looking
3_13_813,18430,1817,550,1919,1032,0,standing,not-looking,18431,1817,551,1919,1032,0,standing,not-looking,18432,1818,551,1919,1031,0,standing,not-looking,18433,1818,551,1919,1031,0,standing,not-looking,18434,1818,551,1919,1031,0,standing,not-looking,18435,1818,551,1919,1031,0,standing,not-looking,18436,1818,551,1919,1031,0,standing,not-looking,18437,1818,552,1919,1031,0,standing,not-looking,18438,1818,552,1919,1031,0,standing,not-looking,18439,1818,552,1919,1031,0,standing,not-looking,18440,1818,552,1919,1030,0,standing,not-looking,18441,1818,552,1919,1030,0,standing,not-looking,18442,1818,553,1919,1030,0,standing,not-looking,18443,1818,553,1919,1030,0,standing,not-looking,18444,1819,553,1919,1030,0,standing,not-looking,18445,1819,553,1919,1030,0,standing,not-looking,18446,1819,553,1919,1030,0,standing,not-looking,18447,1819,553,1919,1030,0,standing,not-looking,18448,1819,554,1919,1029,0,standing,not-looking,18449,1819,554,1919,1029,0,standing,not-looking,18450,1819,554,1919,1029,0,standing,not-looking,18451,1819,554,1919,1029,0,standing,not-looking,18452,1819,554,1919,1029,0,standing,not-looking,18453,1819,555,1919,1029,0,standing,not-looking,18454,1819,555,1920,1029,0,standing,not-looking,18455,1819,555,1920,1029,0,standing,not-looking,18456,1820,555,1920,1028,0,standing,not-looking,18457,1820,555,1920,1028,0,standing,not-looking,18458,1820,556,1920,1028,0,standing,not-looking,18459,1820,556,1920,1028,0,standing,not-looking,18460,1820,556,1920,1028,0,standing,not-looking,18461,1820,556,1920,1028,0,standing,not-looking
3_13_814,18564,1846,576,1920,944,0,walking,not-looking,18565,1845,576,1920,947,0,walking,not-looking,18566,1844,576,1920,949,0,walking,not-looking,18567,1843,576,1920,952,0,walking,not-looking,18568,1842,577,1920,954,0,walking,not-looking,18569,1841,577,1920,957,0,walking,not-looking,18570,1839,576,1919,957,0,walking,not-looking,18571,1837,575,1918,957,0,walking,not-looking,18572,1835,574,1917,958,0,walking,not-looking,18573,1832,574,1915,958,0,walking,not-looking,18574,1830,573,1914,958,0,walking,not-looking,18575,1828,572,1913,958,0,walking,not-looking,18576,1825,571,1912,959,0,walking,not-looking,18577,1823,570,1911,959,0,walking,not-looking,18578,1821,570,1910,959,0,walking,not-looking,18579,1819,569,1908,959,0,walking,not-looking,18580,1814,570,1906,963,0,walking,not-looking,18581,1810,572,1904,967,0,walking,not-looking,18582,1805,573,1903,971,0,walking,not-looking,18583,1801,575,1901,975,0,walking,not-looking,18584,1796,576,1899,978,0,walking,not-looking,18585,1792,577,1897,982,0,walking,not-looking,18586,1787,579,1895,986,0,walking,not-looking,18587,1783,580,1893,990,0,walking,not-looking,18588,1778,582,1891,994,0,walking,not-looking,18589,1774,583,1889,998,0,walking,not-looking,18590,1772,583,1887,997,0,walking,not-looking,18591,1770,583,1885,997,0,walking,not-looking,18592,1768,583,1883,997,0,walking,not-looking,18593,1766,583,1881,997,0,walking,not-looking,18594,1764,583,1879,997,0,walking,not-looking,18595,1762,583,1877,997,0,walking,not-looking
3_14_826,13529,1616,587,1780,1033,0,walking,not-looking,13530,1608,588,1764,1030,0,walking,not-looking,13531,1600,589,1747,1027,0,walking,not-looking,13532,1593,589,1731,1024,0,walking,not-looking,13533,1585,590,1714,1021,0,walking,not-looking,13534,1573,592,1709,1018,0,walking,not-looking,13535,1562,593,1704,1014,0,walking,not-looking,13536,1550,595,1698,1011,0,walking,not-looking,13537,1538,597,1693,1008,0,walking,not-looking,13538,1527,599,1688,1005,0,walking,not-looking,13539,1522,602,1682,1004,0,walking,not-looking,13540,1518,606,1676,1002,0,walking,not-looking,13541,1513,609,1671,1001,0,walking,not-looking,13542,1509,613,1665,999,0,walking,not-looking,13543,1504,616,1659,998,0,walking,not-looking,13544,1501,616,1649,997,0,walking,not-looking,13545,1497,615,1639,996,0,walking,not-looking,13546,1493,615,1629,995,0,walking,not-looking,13547,1490,614,1619,995,0,walking,not-looking,13548,1486,614,1608,994,0,walking,not-looking,13549,1478,616,1604,993,0,walking,not-looking,13550,1470,618,1599,993,0,walking,not-looking,13551,1461,620,1594,993,0,walking,not-looking,13552,1453,623,1589,992,0,walking,not-looking,13553,1445,625,1584,992,0,walking,not-looking,13554,1442,627,1582,991,0,walking,not-looking,13555,1439,629,1580,991,0,walking,not-looking,13556,1436,631,1578,990,0,walking,not-looking,13557,1432,633,1576,989,0,walking,not-looking,13558,1429,635,1574,988,0,walking,not-looking,13559,1424,634,1564,986,0,walking,not-looking,13560,1419,634,1554,984,0,walking,not-looking
3_15_831,3142,1617,561,1723,1013,2,standing,not-looking,3143,1617,561,1723,1013,2,standing,not-looking,3144,1617,561,1723,1014,2,standing,not-looking,3145,1617,561,1723,1014,2,standing,not-looking,3146,1617,561,1723,1014,2,standing,not-looking,3147,1617,561,1723,1014,2,standing,not-looking,3148,1617,561,1722,1015,2,standing,not-looking,3149,1617,561,1723,1015,2,standing,not-looking,3150,1616,562,1723,1015,2,standing,not-looking,3151,1616,562,1723,1015,2,standing,not-looking,3152,1615,562,1723,1015,2,standing,not-looking,3153,1615,563,1723,1015,2,standing,not-looking,3154,1614,563,1723,1015,2,standing,not-looking,3155,1613,563,1723,1016,2,standing,not-looking,3156,1613,563,1723,1016,2,standing,not-looking,3157,1612,564,1723,1016,2,standing,not-looking,3158,1612,564,1723,1016,2,standing,not-looking,3159,1611,564,1723,1016,2,standing,not-looking,3160,1610,565,1723,1016,2,standing,not-looking,3161,1610,565,1723,1016,2,standing,not-looking,3162,1609,565,1723,1017,2,standing,not-looking,3163,1609,566,1723,1017,2,standing,not-looking,3164,1608,566,1724,1017,2,standing,not-looking,3165,1607,566,1724,1017,2,standing,not-looking,3166,1607,566,1724,1017,2,standing,not-looking,3167,1606,567,1724,1017,2,standing,not-looking,3168,1606,567,1724,1017,2,standing,not-looking,3169,1603,567,1722,1017,2,standing,not-looking,3170,1601,566,1721,1016,2,standing,not-looking,3171,1599,566,1719,1016,2,standing,not-looking,3172,1597,565,1718,1015,2,standing,not-looking,3173,1595,565,1717,1015,2,standing,not-looking
3_15_838,3596,1360,669,1454,941,0,standing,not-looking,3597,1360,669,1454,941,0,standing,not-looking,3598,1360,669,1454,941,0,standing,not-looking,3599,1360,669,1454,941,0,standing,not-looking,3600,1360,669,1454,941,0,standing,not-looking,3601,1360,669,1454,941,0,standing,not-looking,3602,1360,669,1454,941,0,standing,not-looking,3603,1360,669,1454,941,0,standing,not-looking,3604,1360,669,1454,941,0,standing,not-looking,3605,1360,669,1454,941,0,standing,not-looking,3606,1360,669,1454,941,0,standing,not-looking,3607,1360,669,1454,941,0,standing,not-looking,3608,1360,669,1454,941,0,standing,not-looking,3609,1360,669,1454,941,0,standing,not-looking,3610,1360,669,1454,941,0,standing,not-looking,3611,1360,669,1454,941,0,standing,not-looking,3612,1360,669,1454,941,0,standing,not-looking,3613,1360,669,1454,941,0,standing,not-looking,3614,1360,669,1454,941,0,standing,not-looking,3615,1360,669,1454,941,0,standing,not-looking,3616,1360,669,1454,941,0,standing,not-looking,3617,1360,669,1454,941,0,standing,not-looking,3618,1360,669,1454,941,0,standing,not-looking,3619,1360,669,1454,941,0,standing,not-looking,3620,1360,669,1454,941,0,standing,not-looking,3621,1360,669,1454,941,0,standing,not-looking,3622,1360,669,1454,941,0,standing,not-looking,3623,1360,669,1454,941,0,standing,not-looking,3624,1360,669,1454,941,0,standing,not-looking,3625,1360,669,1454,941,0,standing,not-looking,3626,1360,669,1454,941,0,standing,not-looking,3627,1360,669,1454,941,0,standing,not-looking
3_15_843,4046,1122,735,1146,817,0,standing,not-looking,4047,1122,735,1146,817,0,standing,not-looking,4048,1122,735,1146,817,0,standing,not-looking,4049,1122,736,1146,817,0,standing,not-looking,4050,1122,736,1146,817,0,standing,not-looking,4051,1122,736,1146,817,0,standing,not-looking,4052,1122,736,1146,817,0,standing,not-looking,4053,1122,736,1146,817,0,standing,not-looking,4054,1122,736,1146,817,0,standing,not-looking,4055,1122,736,1146,817,0,standing,not-looking,4056,1122,736,1146,818,0,standing,not-looking,4057,1122,736,1146,818,0,standing,not-looking,4058,1122,736,1146,818,0,standing,not-looking,4059,1122,736,1146,818,0,standing,not-looking,4060,1122,736,1146,818,0,standing,not-looking,4061,1122,736,1146,818,0,standing,not-looking,4062,1123,736,1146,818,0,standing,not-looking,4063,1123,736,1146,818,0,standing,not-looking,4064,1123,736,1146,818,0,standing,not-looking,4065,1123,736,1146,818,0,standing,not-looking,4066,1123,736,1146,818,0,standing,not-looking,4067,1123,736,1146,818,0,standing,not-looking,4068,1123,736,1146,818,0,standing,not-looking,4069,1123,736,1146,818,0,standing,not-looking,4070,1123,736,1146,818,0,standing,not-looking,4071,1123,736,1146,818,0,standing,not-looking,4072,1123,736,1146,818,0,standing,not-looking,4073,1123,736,1146,818,0,standing,not-looking,4074,1123,736,1146,818,0,standing,not-looking,4075,1123,736,1146,818,0,standing,not-looking,4076,1123,736,1146,818,0,standing,not-looking,4077,1123,736,1146,819,0,standing,not-looking
3_15_832,3177,1696,538,1840,971,0,standing,not-looking,3178,1696,538,1840,971,0,standing,not-looking,3179,1696,538,1840,971,0,standing,not-looking,3180,1696,538,1840,971,0,standing,not-looking,3181,1696,538,1840,971,0,standing,not-looking,3182,1696,538,1840,971,0,standing,not-looking,3183,1696,538,1840,971,0,standing,not-looking,3184,1695,538,1839,971,0,standing,not-looking,3185,1695,538,1839,971,0,standing,not-looking,3186,1695,538,1839,971,0,standing,not-looking,3187,1695,537,1839,971,0,standing,not-looking,3188,1695,537,1839,971,0,standing,not-looking,3189,1695,537,1839,971,0,standing,not-looking,3190,1694,537,1839,971,0,standing,not-looking,3191,1694,537,1838,971,0,standing,not-looking,3192,1694,537,1838,971,0,standing,not-looking,3193,1694,537,1838,971,0,standing,not-looking,3194,1694,537,1838,971,0,standing,not-looking,3195,1694,537,1838,971,0,standing,not-looking,3196,1694,537,1838,971,0,standing,not-looking,3197,1693,537,1838,971,0,standing,not-looking,3198,1693,537,1837,971,0,standing,not-looking,3199,1693,537,1837,971,0,standing,not-looking,3200,1693,537,1837,971,0,standing,not-looking,3201,1693,537,1837,971,0,standing,not-looking,3202,1693,536,1837,971,0,standing,not-looking,3203,1692,536,1837,971,0,standing,not-looking,3204,1692,536,1836,971,0,standing,not-looking,3205,1692,536,1836,971,0,standing,not-looking,3206,1692,536,1836,971,0,standing,not-looking,3207,1692,536,1836,971,0,standing,not-looking,3208,1692,536,1836,971,0,standing,not-looking
3_15_829,3142,1594,549,1792,1042,0,standing,not-looking,3143,1594,549,1792,1041,0,standing,not-looking,3144,1594,549,1792,1041,0,standing,not-looking,3145,1594,549,1792,1041,0,standing,not-looking,3146,1594,549,1792,1041,0,standing,not-looking,3147,1594,549,1792,1041,0,standing,not-looking,3148,1594,549,1792,1041,0,standing,not-looking,3149,1594,550,1792,1041,0,standing,not-looking,3150,1594,550,1793,1041,0,standing,not-looking,3151,1594,550,1793,1041,0,standing,not-looking,3152,1594,550,1793,1041,0,standing,not-looking,3153,1595,550,1793,1041,0,standing,not-looking,3154,1595,550,1793,1041,0,standing,not-looking,3155,1595,550,1793,1040,0,standing,not-looking,3156,1595,550,1793,1040,0,standing,not-looking,3157,1595,550,1793,1040,0,standing,not-looking,3158,1595,550,1793,1040,0,standing,not-looking,3159,1595,550,1793,1040,0,standing,not-looking,3160,1595,550,1793,1040,0,standing,not-looking,3161,1595,550,1793,1040,0,standing,not-looking,3162,1595,550,1793,1040,0,standing,not-looking,3163,1595,550,1793,1040,0,standing,not-looking,3164,1595,550,1793,1040,0,standing,not-looking,3165,1595,550,1793,1040,0,standing,not-looking,3166,1595,550,1793,1040,0,standing,not-looking,3167,1595,550,1793,1039,0,standing,not-looking,3168,1595,550,1793,1039,0,standing,not-looking,3169,1595,550,1794,1039,0,standing,not-looking,3170,1595,550,1794,1039,0,standing,not-looking,3171,1595,550,1794,1039,0,standing,not-looking,3172,1595,550,1794,1039,0,standing,not-looking,3173,1595,550,1794,1039,0,standing,not-looking
3_15_858,5424,466,707,492,804,0,standing,not-looking,5425,460,706,486,805,0,standing,not-looking,5426,454,705,481,805,0,standing,not-looking,5427,448,705,475,805,0,standing,not-looking,5428,442,704,469,806,0,standing,not-looking,5429,436,703,464,806,0,standing,not-looking,5430,429,703,457,806,0,standing,not-looking,5431,422,702,451,807,0,standing,not-looking,5432,415,701,444,807,0,standing,not-looking,5433,408,700,437,807,0,standing,not-looking,5434,401,699,431,807,0,standing,not-looking,5435,394,698,424,808,0,standing,not-looking,5436,387,697,418,808,0,standing,not-looking,5437,380,696,411,808,0,standing,not-looking,5438,372,696,405,809,0,standing,not-looking,5439,365,695,398,809,0,standing,not-looking,5440,358,694,391,809,0,standing,not-looking,5441,351,693,385,810,0,standing,not-looking,5442,344,692,378,810,0,standing,not-looking,5443,337,691,372,810,0,standing,not-looking,5444,330,690,365,810,0,standing,not-looking,5445,323,690,358,811,0,standing,not-looking,5446,316,689,352,811,0,standing,not-looking,5447,309,688,345,811,0,standing,not-looking,5448,302,687,339,812,0,standing,not-looking,5449,295,686,332,812,0,standing,not-looking,5450,287,685,325,812,0,standing,not-looking,5451,280,684,319,812,0,standing,not-looking,5452,273,683,312,813,0,standing,not-looking,5453,266,683,306,813,0,standing,not-looking,5454,259,682,299,813,0,standing,not-looking,5455,251,680,292,814,0,standing,not-looking
3_15_891,7727,1567,666,1623,827,0,walking,not-looking,7728,1565,665,1623,827,0,walking,not-looking,7729,1563,664,1626,826,0,walking,not-looking,7730,1560,663,1629,825,0,walking,not-looking,7731,1558,662,1632,823,0,walking,not-looking,7732,1556,661,1634,822,0,walking,not-looking,7733,1553,660,1637,821,0,walking,not-looking,7734,1555,661,1634,822,0,walking,not-looking,7735,1557,662,1630,823,0,walking,not-looking,7736,1559,663,1627,824,0,walking,not-looking,7737,1561,663,1624,825,0,walking,not-looking,7738,1563,664,1620,826,0,walking,not-looking,7739,1562,666,1617,828,0,walking,not-looking,7740,1560,667,1614,830,0,walking,not-looking,7741,1559,668,1610,832,0,walking,not-looking,7742,1558,670,1607,834,0,walking,not-looking,7743,1557,671,1604,836,0,walking,not-looking,7744,1551,672,1604,837,0,walking,not-looking,7745,1546,673,1606,837,0,walking,not-looking,7746,1541,674,1606,838,0,walking,not-looking,7747,1536,675,1608,839,0,walking,not-looking,7748,1530,676,1608,839,0,walking,not-looking,7749,1530,676,1608,839,0,walking,not-looking,7750,1530,676,1607,839,0,walking,not-looking,7751,1530,676,1606,839,0,walking,not-looking,7752,1530,676,1605,839,0,walking,not-looking,7753,1530,676,1604,839,0,walking,not-looking,7754,1529,676,1598,840,0,walking,not-looking,7755,1528,677,1592,841,0,walking,not-looking,7756,1527,677,1586,843,0,walking,not-looking,7757,1526,677,1580,844,0,walking,not-looking,7758,1524,678,1574,845,0,walking,not-looking
3_15_835,3468,1723,597,1811,895,0,walking,not-looking,3469,1716,597,1807,898,0,walking,not-looking,3470,1710,597,1802,901,0,walking,not-looking,3471,1703,597,1798,904,0,walking,not-looking,3472,1701,600,1798,905,0,walking,not-looking,3473,1699,602,1798,907,0,walking,not-looking,3474,1697,605,1798,908,0,walking,not-looking,3475,1695,608,1798,910,0,walking,not-looking,3476,1693,610,1798,911,0,walking,not-looking,3477,1688,610,1790,911,0,walking,not-looking,3478,1684,609,1783,911,0,walking,not-looking,3479,1680,609,1775,910,0,walking,not-looking,3480,1675,608,1768,910,0,walking,not-looking,3481,1671,608,1760,910,0,walking,not-looking,3482,1664,609,1755,915,0,walking,not-looking,3483,1658,610,1750,919,0,walking,not-looking,3484,1651,611,1746,923,0,walking,not-looking,3485,1645,612,1741,927,0,walking,not-looking,3486,1638,613,1736,932,0,walking,not-looking,3487,1631,615,1734,934,0,walking,not-looking,3488,1625,616,1731,936,0,walking,not-looking,3489,1618,617,1729,938,0,walking,not-looking,3490,1612,618,1727,941,0,walking,not-looking,3491,1605,619,1725,943,0,walking,not-looking,3492,1599,620,1717,944,0,walking,not-looking,3493,1593,620,1709,945,0,walking,not-looking,3494,1588,621,1701,947,0,walking,not-looking,3495,1582,621,1694,948,0,walking,not-looking,3496,1576,622,1686,949,0,walking,not-looking,3497,1570,622,1678,951,0,walking,not-looking,3498,1564,623,1670,952,0,walking,not-looking,3499,1558,623,1662,953,0,walking,not-looking
3_15_834,3279,1702,608,1803,935,0,walking,not-looking,3280,1696,610,1801,937,0,walking,not-looking,3281,1691,611,1798,940,0,walking,not-looking,3282,1690,613,1797,942,0,walking,not-looking,3283,1689,614,1796,943,0,walking,not-looking,3284,1687,616,1794,945,0,walking,not-looking,3285,1686,618,1793,947,0,walking,not-looking,3286,1685,619,1792,948,0,walking,not-looking,3287,1682,619,1789,948,0,walking,not-looking,3288,1680,619,1787,948,0,walking,not-looking,3289,1678,619,1784,948,0,walking,not-looking,3290,1675,619,1782,948,0,walking,not-looking,3291,1673,619,1780,948,0,walking,not-looking,3292,1668,620,1775,952,0,walking,not-looking,3293,1663,621,1770,956,0,walking,not-looking,3294,1658,621,1765,959,0,walking,not-looking,3295,1654,622,1760,963,0,walking,not-looking,3296,1649,622,1755,966,0,walking,not-looking,3297,1644,623,1751,970,0,walking,not-looking,3298,1639,623,1746,974,0,walking,not-looking,3299,1635,624,1741,977,0,walking,not-looking,3300,1630,625,1736,981,0,walking,not-looking,3301,1625,625,1731,984,0,walking,not-looking,3302,1621,624,1727,986,0,walking,not-looking,3303,1618,622,1723,987,0,walking,not-looking,3304,1614,620,1720,989,0,walking,not-looking,3305,1611,618,1716,990,0,walking,not-looking,3306,1607,617,1712,992,0,walking,not-looking,3307,1603,617,1707,991,0,walking,not-looking,3308,1598,616,1703,990,0,walking,not-looking,3309,1594,616,1698,989,0,walking,not-looking,3310,1589,616,1694,988,0,walking,not-looking
3_15_827,3142,1460,608,1601,997,1,standing,not-looking,3143,1460,608,1600,997,1,standing,not-looking,3144,1460,608,1600,996,1,standing,not-looking,3145,1460,609,1600,996,1,standing,not-looking,3146,1460,609,1600,996,1,standing,not-looking,3147,1460,609,1600,996,1,standing,not-looking,3148,1460,609,1599,996,1,standing,not-looking,3149,1460,609,1599,996,1,standing,not-looking,3150,1460,609,1599,996,1,standing,not-looking,3151,1460,609,1599,996,1,standing,not-looking,3152,1460,609,1599,996,1,standing,not-looking,3153,1459,609,1599,996,1,standing,not-looking,3154,1458,609,1599,996,1,standing,not-looking,3155,1457,609,1599,996,1,standing,not-looking,3156,1456,609,1599,996,1,standing,not-looking,3157,1455,609,1600,996,1,standing,not-looking,3158,1455,609,1600,996,1,standing,not-looking,3159,1455,609,1600,996,1,standing,not-looking,3160,1454,609,1600,996,1,standing,not-looking,3161,1454,609,1600,996,1,standing,not-looking,3162,1454,609,1600,996,1,standing,not-looking,3163,1454,609,1600,996,1,standing,not-looking,3164,1454,609,1600,996,1,standing,not-looking,3165,1454,609,1600,996,1,standing,not-looking,3166,1453,609,1600,996,1,standing,not-looking,3167,1453,609,1600,996,1,standing,not-looking,3168,1453,609,1601,996,1,standing,not-looking,3169,1453,609,1601,995,1,standing,not-looking,3170,1453,609,1601,995,1,standing,not-looking,3171,1453,609,1601,995,1,standing,not-looking,3172,1452,609,1601,995,1,standing,not-looking,3173,1452,609,1601,995,1,standing,not-looking
3_15_892,7755,1655,640,1724,840,0,walking,not-looking,7756,1651,641,1721,841,0,walking,not-looking,7757,1647,643,1718,842,0,walking,not-looking,7758,1643,644,1714,844,0,walking,not-looking,7759,1640,645,1716,844,0,walking,not-looking,7760,1637,646,1717,845,0,walking,not-looking,7761,1634,647,1718,845,0,walking,not-looking,7762,1631,649,1719,846,0,walking,not-looking,7763,1628,650,1721,846,0,walking,not-looking,7764,1627,650,1718,847,0,walking,not-looking,7765,1626,650,1715,847,0,walking,not-looking,7766,1625,651,1713,847,0,walking,not-looking,7767,1624,651,1710,847,0,walking,not-looking,7768,1622,651,1707,848,0,walking,not-looking,7769,1620,651,1702,848,0,walking,not-looking,7770,1618,651,1696,848,0,walking,not-looking,7771,1616,650,1690,848,0,walking,not-looking,7772,1613,650,1685,848,0,walking,not-looking,7773,1611,650,1679,848,0,walking,not-looking,7774,1605,650,1679,849,0,walking,not-looking,7775,1598,651,1678,849,0,walking,not-looking,7776,1592,652,1677,850,0,walking,not-looking,7777,1586,653,1677,850,0,walking,not-looking,7778,1579,654,1676,851,0,walking,not-looking,7779,1578,655,1674,851,0,walking,not-looking,7780,1577,655,1672,852,0,walking,not-looking,7781,1576,656,1670,852,0,walking,not-looking,7782,1575,656,1668,853,0,walking,not-looking,7783,1574,657,1666,853,0,walking,not-looking,7784,1570,656,1657,853,0,walking,not-looking,7785,1567,655,1649,853,0,walking,not-looking,7786,1564,655,1640,854,0,walking,not-looking
3_15_836,3976,1429,684,1521,923,1,walking,not-looking,3977,1429,684,1521,923,1,walking,not-looking,3978,1429,684,1521,923,2,walking,not-looking,3979,1429,684,1521,923,2,walking,not-looking,3980,1429,684,1521,923,2,walking,not-looking,3981,1429,684,1521,923,2,walking,not-looking,3982,1429,684,1521,923,2,walking,not-looking,3983,1429,684,1521,923,2,walking,not-looking,3984,1429,684,1521,923,2,standing,not-looking,3985,1429,684,1521,923,2,standing,not-looking,3986,1429,684,1521,923,2,standing,not-looking,3987,1429,684,1521,923,2,standing,not-looking,3988,1429,684,1521,923,2,standing,not-looking,3989,1429,684,1521,923,2,standing,not-looking,3990,1429,684,1521,923,2,standing,not-looking,3991,1429,684,1521,923,2,standing,not-looking,3992,1429,684,1521,923,2,standing,not-looking,3993,1429,684,1521,923,2,standing,not-looking,3994,1429,684,1521,923,2,standing,not-looking,3995,1429,684,1521,923,2,standing,not-looking,3996,1429,684,1521,923,2,standing,not-looking,3997,1429,684,1521,923,2,standing,not-looking,3998,1429,684,1521,923,2,standing,not-looking,3999,1429,684,1521,923,2,standing,not-looking,4000,1429,684,1521,923,2,standing,not-looking,4001,1429,684,1521,923,2,standing,not-looking,4002,1429,684,1521,923,2,standing,not-looking,4003,1429,684,1521,923,2,standing,not-looking,4004,1429,684,1521,923,2,standing,not-looking,4005,1429,684,1521,923,1,standing,not-looking,4006,1429,684,1521,923,1,standing,not-looking,4007,1429,684,1521,923,0,standing,not-looking
3_15_828,3142,1433,623,1577,1060,0,standing,not-looking,3143,1433,623,1577,1060,0,standing,not-looking,3144,1433,622,1577,1060,0,standing,not-looking,3145,1433,622,1577,1060,0,standing,not-looking,3146,1433,622,1577,1060,0,standing,not-looking,3147,1432,622,1577,1060,0,standing,not-looking,3148,1432,622,1577,1060,0,standing,not-looking,3149,1432,622,1577,1060,0,standing,not-looking,3150,1432,622,1577,1060,0,standing,not-looking,3151,1432,622,1577,1060,0,standing,not-looking,3152,1432,622,1577,1060,0,standing,not-looking,3153,1432,622,1576,1059,0,standing,not-looking,3154,1432,622,1576,1059,0,standing,not-looking,3155,1432,622,1576,1059,0,standing,not-looking,3156,1432,622,1576,1059,0,standing,not-looking,3157,1432,622,1576,1059,0,standing,not-looking,3158,1432,622,1576,1059,0,standing,not-looking,3159,1432,622,1576,1059,0,standing,not-looking,3160,1432,622,1576,1059,0,standing,not-looking,3161,1431,622,1576,1059,0,standing,not-looking,3162,1431,622,1576,1059,0,standing,not-looking,3163,1431,622,1576,1059,0,standing,not-looking,3164,1431,622,1576,1059,0,standing,not-looking,3165,1431,622,1576,1059,0,standing,not-looking,3166,1431,622,1576,1059,0,standing,not-looking,3167,1431,622,1576,1059,0,standing,not-looking,3168,1431,622,1576,1059,0,standing,not-looking,3169,1431,622,1576,1059,0,standing,not-looking,3170,1431,622,1576,1058,0,standing,not-looking,3171,1431,622,1575,1058,0,standing,not-looking,3172,1431,622,1575,1058,0,standing,not-looking,3173,1431,622,1575,1058,0,standing,not-looking
3_15_842,4046,1151,738,1175,817,0,standing,not-looking,4047,1151,738,1175,817,0,standing,not-looking,4048,1151,738,1175,817,0,standing,not-looking,4049,1151,738,1175,817,0,standing,not-looking,4050,1151,738,1175,817,0,standing,not-looking,4051,1151,738,1175,817,0,standing,not-looking,4052,1151,738,1175,817,0,standing,not-looking,4053,1151,738,1175,817,0,standing,not-looking,4054,1151,738,1175,817,0,standing,not-looking,4055,1151,738,1175,817,0,standing,not-looking,4056,1151,738,1175,817,0,standing,not-looking,4057,1151,738,1175,817,0,standing,not-looking,4058,1151,738,1175,817,0,standing,not-looking,4059,1151,738,1175,817,0,standing,not-looking,4060,1151,738,1175,817,0,standing,not-looking,4061,1151,738,1176,817,0,standing,not-looking,4062,1151,738,1176,817,0,standing,not-looking,4063,1151,738,1176,818,0,standing,not-looking,4064,1151,738,1176,818,0,standing,not-looking,4065,1151,738,1176,818,0,standing,not-looking,4066,1151,738,1176,818,0,standing,not-looking,4067,1152,738,1176,818,0,standing,not-looking,4068,1152,738,1176,818,0,standing,not-looking,4069,1152,738,1176,818,0,standing,not-looking,4070,1152,738,1176,818,0,standing,not-looking,4071,1152,738,1176,818,0,standing,not-looking,4072,1152,738,1177,818,0,standing,not-looking,4073,1152,738,1177,818,0,standing,not-looking,4074,1152,738,1177,818,0,standing,not-looking,4075,1152,738,1177,818,0,standing,not-looking,4076,1152,738,1177,818,0,standing,not-looking,4077,1152,738,1177,818,0,standing,not-looking
3_15_839,3626,1255,663,1375,989,1,walking,not-looking,3627,1261,663,1382,988,1,walking,not-looking,3628,1266,663,1389,987,1,walking,not-looking,3629,1266,663,1389,987,2,walking,not-looking,3630,1271,663,1389,986,2,walking,not-looking,3631,1275,663,1389,986,2,walking,not-looking,3632,1279,663,1389,986,1,walking,not-looking,3633,1283,663,1389,985,1,walking,not-looking,3634,1287,663,1389,985,1,walking,not-looking,3635,1287,663,1389,985,0,walking,not-looking,3636,1292,662,1393,983,0,walking,not-looking,3637,1297,661,1398,982,0,walking,not-looking,3638,1302,660,1402,980,0,walking,not-looking,3639,1307,659,1407,979,0,walking,not-looking,3640,1312,658,1411,978,0,walking,not-looking,3641,1316,657,1416,976,0,walking,not-looking,3642,1318,656,1419,975,0,walking,not-looking,3643,1320,655,1423,974,0,walking,not-looking,3644,1322,655,1427,973,0,walking,not-looking,3645,1324,654,1430,972,0,walking,not-looking,3646,1325,653,1434,971,0,walking,not-looking,3647,1328,654,1438,972,0,walking,not-looking,3648,1330,655,1442,972,0,walking,not-looking,3649,1332,656,1446,972,0,walking,not-looking,3650,1334,656,1449,973,0,walking,not-looking,3651,1336,657,1453,973,0,walking,not-looking,3652,1336,657,1453,972,0,walking,not-looking,3653,1336,657,1453,971,0,walking,not-looking,3654,1336,657,1454,970,0,walking,not-looking,3655,1336,657,1454,968,0,walking,not-looking,3656,1336,657,1454,967,0,walking,not-looking,3657,1336,657,1454,966,0,walking,not-looking
3_15_859,5424,415,702,450,796,0,standing,not-looking,5425,407,701,444,796,0,standing,not-looking,5426,400,700,438,797,0,standing,not-looking,5427,394,699,433,797,0,standing,not-looking,5428,389,699,428,798,0,standing,not-looking,5429,384,698,422,798,0,standing,not-looking,5430,378,697,417,799,0,standing,not-looking,5431,373,697,411,799,0,standing,not-looking,5432,366,696,405,799,0,standing,not-looking,5433,360,696,398,799,0,standing,not-looking,5434,353,695,392,799,0,standing,not-looking,5435,347,694,385,799,0,standing,not-looking,5436,340,694,379,799,0,standing,not-looking,5437,334,693,372,799,0,standing,not-looking,5438,328,691,366,799,0,standing,not-looking,5439,323,690,360,800,0,standing,not-looking,5440,317,689,354,800,0,standing,not-looking,5441,311,688,347,800,0,standing,not-looking,5442,304,687,340,800,0,standing,not-looking,5443,296,686,333,801,0,standing,not-looking,5444,289,686,326,801,0,standing,not-looking,5445,282,685,319,802,0,standing,not-looking,5446,275,684,311,802,0,standing,not-looking,5447,268,683,304,802,0,standing,not-looking,5448,261,683,297,802,0,standing,not-looking,5449,254,682,290,802,0,standing,not-looking,5450,246,681,283,802,0,standing,not-looking,5451,239,680,276,802,0,standing,not-looking,5452,232,678,269,802,0,standing,not-looking,5453,225,677,263,803,0,standing,not-looking,5454,218,675,257,803,0,standing,not-looking,5455,211,674,250,803,0,standing,not-looking
3_15_837,4028,1569,665,1645,897,1,standing,not-looking,4029,1569,665,1645,897,1,standing,not-looking,4030,1569,665,1645,897,1,standing,not-looking,4031,1569,665,1645,897,1,standing,not-looking,4032,1569,665,1645,897,1,standing,not-looking,4033,1569,665,1645,897,1,standing,not-looking,4034,1569,665,1645,897,1,standing,not-looking,4035,1569,665,1645,897,1,standing,not-looking,4036,1569,665,1645,897,1,standing,not-looking,4037,1569,665,1645,897,1,standing,not-looking,4038,1569,665,1645,897,1,standing,not-looking,4039,1569,665,1645,897,1,standing,not-looking,4040,1569,665,1645,897,1,standing,not-looking,4041,1569,665,1645,897,1,standing,not-looking,4042,1569,665,1645,897,2,standing,not-looking,4043,1569,665,1645,897,2,standing,not-looking,4044,1569,665,1645,897,2,standing,not-looking,4045,1569,665,1645,897,2,standing,not-looking,4046,1569,665,1645,897,2,standing,not-looking,4047,1569,665,1645,897,2,standing,not-looking,4048,1569,665,1645,897,2,standing,not-looking,4049,1569,665,1645,897,2,standing,not-looking,4050,1569,665,1645,897,2,standing,not-looking,4051,1569,665,1645,897,2,standing,not-looking,4052,1569,665,1645,897,2,standing,not-looking,4053,1569,665,1645,897,2,standing,not-looking,4054,1569,665,1645,897,2,standing,not-looking,4055,1569,665,1645,897,1,standing,not-looking,4056,1557,670,1629,897,0,standing,not-looking,4057,1555,670,1628,898,0,standing,not-looking,4058,1553,671,1626,898,0,standing,not-looking,4059,1552,672,1624,898,0,standing,not-looking
3_15_840,3724,1132,690,1249,950,0,walking,not-looking,3725,1137,690,1254,947,0,walking,not-looking,3726,1141,690,1254,947,0,walking,not-looking,3727,1145,691,1254,947,0,walking,not-looking,3728,1149,691,1254,948,0,walking,not-looking,3729,1154,691,1254,948,0,walking,not-looking,3730,1158,692,1254,948,0,walking,not-looking,3731,1162,691,1258,948,0,walking,not-looking,3732,1165,691,1262,947,0,walking,not-looking,3733,1169,690,1265,947,0,walking,not-looking,3734,1173,689,1269,946,0,walking,not-looking,3735,1177,689,1273,946,0,walking,not-looking,3736,1181,689,1277,946,0,walking,not-looking,3737,1185,689,1281,945,0,walking,not-looking,3738,1189,689,1285,945,0,walking,not-looking,3739,1193,689,1289,945,0,walking,not-looking,3740,1197,688,1293,945,0,walking,not-looking,3741,1198,688,1294,945,0,walking,not-looking,3742,1199,688,1295,945,0,walking,not-looking,3743,1199,688,1296,944,0,walking,not-looking,3744,1200,688,1297,944,0,walking,not-looking,3745,1201,687,1297,944,0,walking,not-looking,3746,1204,687,1300,944,0,walking,not-looking,3747,1206,687,1302,944,0,walking,not-looking,3748,1209,687,1305,944,0,walking,not-looking,3749,1211,687,1308,944,0,walking,not-looking,3750,1214,687,1310,944,0,walking,not-looking,3751,1214,687,1311,944,0,walking,not-looking,3752,1215,687,1311,944,0,walking,not-looking,3753,1216,687,1312,944,0,walking,not-looking,3754,1216,687,1313,944,0,walking,not-looking,3755,1217,687,1313,944,0,walking,not-looking
3_15_861,5424,389,698,418,786,0,walking,not-looking,5425,382,697,412,786,0,walking,not-looking,5426,375,696,406,787,0,walking,not-looking,5427,368,695,400,788,0,walking,not-looking,5428,363,696,396,791,0,walking,not-looking,5429,357,695,390,791,0,walking,not-looking,5430,351,694,383,791,0,walking,not-looking,5431,345,693,377,792,0,walking,not-looking,5432,338,692,371,792,0,walking,not-looking,5433,332,691,364,792,0,walking,not-looking,5434,325,690,358,791,0,walking,not-looking,5435,318,689,352,791,0,walking,not-looking,5436,312,688,345,790,0,walking,not-looking,5437,305,687,339,790,0,walking,not-looking,5438,298,686,332,790,0,walking,not-looking,5439,290,684,325,791,0,walking,not-looking,5440,282,683,318,792,0,walking,not-looking,5441,275,682,311,792,0,walking,not-looking,5442,267,681,304,793,0,walking,not-looking,5443,259,681,300,792,0,walking,not-looking,5444,253,680,293,792,0,walking,not-looking,5445,246,679,286,792,0,walking,not-looking,5446,239,678,279,792,0,walking,not-looking,5447,232,677,272,793,0,walking,not-looking,5448,225,676,265,793,0,walking,not-looking,5449,217,674,257,793,0,walking,not-looking,5450,209,672,249,793,0,walking,not-looking,5451,201,670,241,793,0,walking,not-looking,5452,193,668,234,792,0,walking,not-looking,5453,186,667,226,792,0,walking,not-looking,5454,178,666,218,793,0,walking,not-looking,5455,170,665,211,794,0,walking,not-looking
3_15_833,3306,1732,608,1808,884,0,walking,not-looking,3307,1726,609,1805,885,0,walking,not-looking,3308,1719,610,1802,887,0,walking,not-looking,3309,1713,611,1799,889,0,walking,not-looking,3310,1708,611,1798,891,0,walking,not-looking,3311,1703,612,1797,893,0,walking,not-looking,3312,1698,612,1796,895,0,walking,not-looking,3313,1693,613,1794,897,0,walking,not-looking,3314,1688,613,1793,899,0,walking,not-looking,3315,1688,613,1788,899,0,walking,not-looking,3316,1688,613,1784,899,0,walking,not-looking,3317,1688,613,1779,899,0,walking,not-looking,3318,1688,613,1774,899,0,walking,not-looking,3319,1688,613,1769,899,0,walking,not-looking,3320,1684,614,1765,902,0,walking,not-looking,3321,1680,615,1761,905,0,walking,not-looking,3322,1675,615,1757,908,0,walking,not-looking,3323,1671,616,1753,910,0,walking,not-looking,3324,1667,616,1749,913,0,walking,not-looking,3325,1661,618,1745,916,0,walking,not-looking,3326,1656,620,1741,919,0,walking,not-looking,3327,1650,621,1738,922,0,walking,not-looking,3328,1644,623,1734,925,0,walking,not-looking,3329,1639,625,1731,928,0,walking,not-looking,3330,1635,625,1727,930,0,walking,not-looking,3331,1631,625,1723,932,0,walking,not-looking,3332,1627,625,1719,934,0,walking,not-looking,3333,1623,625,1716,937,0,walking,not-looking,3334,1620,625,1712,939,0,walking,not-looking,3335,1612,624,1704,938,0,walking,not-looking,3336,1605,623,1697,938,0,walking,not-looking,3337,1597,622,1690,938,0,walking,not-looking
3_15_841,4122,1066,745,1100,826,0,standing,not-looking,4123,1066,745,1100,826,0,standing,not-looking,4124,1066,745,1100,826,0,standing,not-looking,4125,1066,745,1100,826,0,standing,not-looking,4126,1067,745,1100,826,0,standing,not-looking,4127,1067,745,1100,826,0,standing,not-looking,4128,1067,746,1100,826,0,standing,not-looking,4129,1067,746,1101,826,0,standing,not-looking,4130,1067,746,1101,826,0,standing,not-looking,4131,1067,746,1101,826,0,standing,not-looking,4132,1067,746,1101,826,0,standing,not-looking,4133,1067,746,1101,826,0,standing,not-looking,4134,1067,746,1101,826,0,standing,not-looking,4135,1068,746,1101,826,0,standing,not-looking,4136,1068,746,1101,826,0,standing,not-looking,4137,1068,746,1101,826,0,standing,not-looking,4138,1068,746,1102,826,0,standing,not-looking,4139,1068,746,1102,826,0,standing,not-looking,4140,1068,746,1102,826,0,standing,not-looking,4141,1068,746,1102,826,0,standing,not-looking,4142,1068,746,1102,826,0,standing,not-looking,4143,1068,746,1102,826,0,standing,not-looking,4144,1069,746,1102,826,0,standing,not-looking,4145,1069,746,1102,826,0,standing,not-looking,4146,1069,746,1102,826,0,standing,not-looking,4147,1069,746,1103,826,0,standing,not-looking,4148,1069,746,1103,826,0,standing,not-looking,4149,1069,746,1103,826,0,standing,not-looking,4150,1069,746,1103,826,0,standing,not-looking,4151,1070,746,1103,826,0,standing,not-looking,4152,1070,746,1103,827,0,standing,not-looking,4153,1070,746,1104,827,0,standing,not-looking
3_15_830,3204,1494,628,1591,946,2,standing,not-looking,3205,1494,628,1591,947,2,standing,not-looking,3206,1494,628,1591,947,2,standing,not-looking,3207,1494,628,1591,947,2,standing,not-looking,3208,1494,628,1591,947,2,standing,not-looking,3209,1494,628,1591,947,2,standing,not-looking,3210,1494,628,1591,947,2,standing,not-looking,3211,1494,628,1591,947,2,standing,not-looking,3212,1494,628,1591,947,2,standing,not-looking,3213,1494,628,1591,947,2,standing,not-looking,3214,1494,628,1590,947,1,standing,not-looking,3215,1493,628,1590,947,0,standing,not-looking,3216,1493,628,1589,947,0,standing,not-looking,3217,1492,628,1589,948,0,standing,not-looking,3218,1492,629,1588,948,0,standing,not-looking,3219,1491,629,1588,948,0,standing,not-looking,3220,1491,629,1587,948,0,standing,not-looking,3221,1490,629,1587,948,0,standing,not-looking,3222,1490,629,1586,948,0,standing,not-looking,3223,1490,629,1586,948,0,standing,not-looking,3224,1489,629,1585,949,0,standing,not-looking,3225,1489,630,1584,949,0,standing,not-looking,3226,1488,630,1584,949,0,standing,not-looking,3227,1488,630,1583,949,0,standing,not-looking,3228,1487,630,1583,949,0,standing,not-looking,3229,1485,630,1582,950,0,standing,not-looking,3230,1482,631,1581,950,0,standing,not-looking,3231,1480,631,1580,951,0,standing,not-looking,3232,1477,631,1578,952,0,standing,not-looking,3233,1475,632,1577,952,0,standing,not-looking,3234,1473,632,1576,953,0,standing,not-looking,3235,1470,633,1575,953,0,standing,not-looking
3_15_862,5424,449,701,474,790,0,standing,not-looking,5425,443,701,468,790,0,standing,not-looking,5426,439,701,464,790,0,standing,not-looking,5427,434,701,459,789,0,standing,not-looking,5428,430,701,455,789,1,standing,not-looking,5429,426,701,451,789,1,standing,not-looking,5430,421,701,446,789,2,standing,not-looking,5431,416,700,441,790,2,standing,not-looking,5432,410,699,436,790,2,standing,not-looking,5433,404,698,431,790,2,standing,not-looking,5434,398,697,425,791,2,standing,not-looking,5435,393,697,420,791,2,standing,not-looking,5436,387,696,415,792,2,standing,not-looking,5437,381,695,410,792,2,standing,not-looking,5438,375,694,404,792,2,standing,not-looking,5439,370,693,399,793,2,standing,not-looking,5440,364,692,394,793,2,standing,not-looking,5441,359,692,389,794,2,standing,not-looking,5442,354,691,383,794,2,standing,not-looking,5443,349,690,378,794,1,standing,not-looking,5444,344,689,373,795,1,standing,not-looking,5445,338,688,368,795,1,standing,not-looking,5446,333,688,363,796,1,standing,not-looking,5447,328,687,357,796,1,standing,not-looking,5448,323,686,352,797,1,standing,not-looking,5449,318,685,347,797,1,standing,not-looking,5450,312,684,342,797,0,standing,not-looking,5451,306,683,336,798,0,standing,not-looking,5452,300,683,331,798,0,standing,not-looking,5453,294,682,325,798,0,standing,not-looking,5454,287,681,320,798,0,standing,not-looking,5455,281,680,314,798,0,standing,not-looking
3_15_890,7715,1511,688,1567,832,0,walking,not-looking,7716,1510,688,1567,832,0,walking,not-looking,7717,1508,688,1567,832,0,walking,not-looking,7718,1507,688,1567,832,0,walking,not-looking,7719,1505,688,1567,832,0,walking,not-looking,7720,1504,688,1567,832,0,walking,not-looking,7721,1502,688,1567,832,0,walking,not-looking,7722,1501,688,1567,832,0,walking,not-looking,7723,1500,688,1567,832,0,walking,not-looking,7724,1498,688,1567,832,0,walking,not-looking,7725,1497,688,1567,832,0,walking,not-looking,7726,1497,688,1564,832,0,walking,not-looking,7727,1497,688,1562,832,0,walking,not-looking,7728,1497,688,1559,832,0,walking,not-looking,7729,1497,688,1557,832,0,walking,not-looking,7730,1497,688,1555,832,0,walking,not-looking,7731,1493,686,1552,832,0,walking,not-looking,7732,1490,684,1549,831,0,walking,not-looking,7733,1487,682,1545,830,0,walking,not-looking,7734,1484,680,1542,829,0,walking,not-looking,7735,1481,679,1539,828,0,walking,not-looking,7736,1476,681,1540,831,0,walking,not-looking,7737,1471,684,1541,833,0,walking,not-looking,7738,1467,686,1542,836,0,walking,not-looking,7739,1462,689,1543,838,0,walking,not-looking,7740,1457,691,1544,841,0,walking,not-looking,7741,1458,691,1538,843,0,walking,not-looking,7742,1458,691,1533,844,0,walking,not-looking,7743,1458,691,1527,846,0,walking,not-looking,7744,1459,691,1521,847,0,walking,not-looking,7745,1459,691,1515,849,0,walking,not-looking,7746,1453,691,1510,849,0,walking,not-looking
3_16_939,3570,1703,679,1742,833,2,walking,not-looking,3571,1700,680,1740,834,2,walking,not-looking,3572,1698,680,1738,835,2,walking,not-looking,3573,1696,680,1735,836,2,walking,not-looking,3574,1693,680,1733,836,2,walking,not-looking,3575,1691,681,1731,837,2,walking,not-looking,3576,1688,681,1729,838,2,walking,not-looking,3577,1686,681,1726,838,1,walking,not-looking,3578,1684,681,1724,839,1,walking,not-looking,3579,1681,681,1722,840,1,walking,not-looking,3580,1679,682,1720,840,1,walking,not-looking,3581,1677,682,1718,840,0,walking,not-looking,3582,1675,682,1716,840,0,walking,not-looking,3583,1669,682,1715,843,0,walking,not-looking,3584,1663,683,1714,846,0,walking,not-looking,3585,1656,683,1713,848,0,walking,not-looking,3586,1650,684,1712,851,0,walking,not-looking,3587,1644,685,1711,853,0,walking,not-looking,3588,1643,685,1709,854,0,walking,not-looking,3589,1642,685,1706,854,0,walking,not-looking,3590,1641,685,1704,855,0,walking,not-looking,3591,1640,686,1702,856,0,walking,not-looking,3592,1639,686,1699,856,0,walking,not-looking,3593,1639,686,1697,857,0,walking,not-looking,3594,1638,686,1694,857,0,walking,not-looking,3595,1637,687,1692,858,0,walking,not-looking,3596,1636,687,1689,859,0,walking,not-looking,3597,1635,687,1687,859,0,walking,not-looking,3598,1632,687,1684,860,0,walking,not-looking,3599,1628,688,1682,860,0,walking,not-looking,3600,1624,688,1679,861,0,walking,not-looking,3601,1621,688,1677,861,0,walking,not-looking
3_16_932,3083,1635,713,1682,855,2,walking,not-looking,3084,1635,713,1678,855,1,walking,not-looking,3085,1629,712,1671,855,1,walking,not-looking,3086,1624,711,1667,854,0,walking,not-looking,3087,1619,712,1666,855,0,walking,not-looking,3088,1614,713,1665,856,0,walking,not-looking,3089,1609,713,1664,857,0,walking,not-looking,3090,1604,714,1663,858,0,walking,not-looking,3091,1599,714,1662,859,0,walking,not-looking,3092,1596,715,1660,860,0,walking,not-looking,3093,1594,715,1657,861,0,walking,not-looking,3094,1591,715,1655,862,0,walking,not-looking,3095,1588,715,1652,863,0,walking,not-looking,3096,1586,715,1649,864,0,walking,not-looking,3097,1586,715,1647,864,0,walking,not-looking,3098,1586,716,1645,864,0,walking,not-looking,3099,1587,716,1644,864,0,walking,not-looking,3100,1587,716,1642,864,0,walking,not-looking,3101,1588,716,1640,864,0,walking,not-looking,3102,1582,717,1638,865,0,walking,not-looking,3103,1576,718,1636,866,0,walking,not-looking,3104,1570,719,1634,867,0,walking,not-looking,3105,1565,720,1632,868,0,walking,not-looking,3106,1559,721,1631,869,0,walking,looking,3107,1558,721,1625,870,0,walking,looking,3108,1557,720,1620,870,0,walking,looking,3109,1556,720,1615,870,0,walking,looking,3110,1555,720,1609,870,0,walking,looking,3111,1554,719,1604,870,0,walking,looking,3112,1547,720,1600,871,0,walking,looking,3113,1540,720,1596,871,0,walking,looking,3114,1534,720,1592,872,0,walking,looking
3_16_937,3345,1690,700,1742,846,2,walking,not-looking,3346,1687,700,1740,847,1,walking,not-looking,3347,1681,698,1739,848,1,walking,not-looking,3348,1675,695,1738,849,1,walking,not-looking,3349,1669,697,1733,849,1,walking,not-looking,3350,1664,698,1728,849,0,walking,not-looking,3351,1661,700,1726,849,0,walking,not-looking,3352,1658,700,1724,849,0,walking,not-looking,3353,1655,700,1722,849,0,walking,not-looking,3354,1652,700,1720,849,0,walking,not-looking,3355,1648,699,1717,849,0,walking,not-looking,3356,1647,699,1715,851,0,walking,not-looking,3357,1647,698,1713,852,0,walking,not-looking,3358,1646,698,1711,854,0,walking,not-looking,3359,1645,697,1709,856,0,walking,not-looking,3360,1644,697,1707,857,0,walking,not-looking,3361,1639,698,1705,858,0,walking,not-looking,3362,1635,699,1703,860,0,walking,not-looking,3363,1630,700,1701,861,0,walking,not-looking,3364,1626,701,1699,862,0,walking,not-looking,3365,1621,702,1697,863,0,walking,not-looking,3366,1620,702,1694,865,0,walking,not-looking,3367,1618,702,1690,866,0,walking,not-looking,3368,1617,703,1686,867,0,walking,not-looking,3369,1615,703,1683,868,0,walking,not-looking,3370,1614,703,1679,869,0,walking,not-looking,3371,1611,703,1676,870,0,walking,not-looking,3372,1609,704,1674,870,0,walking,not-looking,3373,1607,704,1671,870,0,walking,not-looking,3374,1604,704,1669,870,0,walking,not-looking,3375,1602,704,1666,870,0,walking,not-looking,3376,1597,705,1663,872,0,walking,not-looking
3_16_915,15299,1568,701,1634,864,0,walking,not-looking,15300,1569,701,1635,865,0,walking,not-looking,15301,1570,701,1636,866,0,walking,not-looking,15302,1572,702,1638,867,0,walking,not-looking,15303,1573,702,1639,868,0,walking,not-looking,15304,1574,702,1639,869,0,walking,not-looking,15305,1575,702,1640,869,0,walking,not-looking,15306,1576,702,1641,870,0,walking,not-looking,15307,1578,701,1641,870,0,walking,not-looking,15308,1579,701,1642,871,0,walking,not-looking,15309,1580,701,1643,871,0,walking,not-looking,15310,1581,701,1643,872,0,walking,not-looking,15311,1582,701,1644,872,0,walking,not-looking,15312,1584,701,1645,873,0,walking,not-looking,15313,1585,701,1645,873,0,walking,not-looking,15314,1586,701,1646,874,0,walking,not-looking,15315,1587,700,1647,874,0,walking,not-looking,15316,1588,700,1647,875,0,walking,not-looking,15317,1590,700,1648,875,0,walking,not-looking,15318,1591,700,1648,876,0,walking,not-looking,15319,1589,700,1649,877,0,walking,not-looking,15320,1586,699,1649,878,0,walking,not-looking,15321,1584,699,1649,879,0,walking,not-looking,15322,1582,699,1650,880,0,walking,not-looking,15323,1580,699,1650,880,0,walking,not-looking,15324,1577,698,1650,883,0,walking,not-looking,15325,1575,698,1651,885,0,walking,not-looking,15326,1573,698,1651,888,0,walking,not-looking,15327,1571,697,1651,890,0,walking,not-looking,15328,1568,697,1652,892,0,walking,not-looking,15329,1567,698,1648,894,0,walking,not-looking,15330,1566,700,1645,896,0,walking,not-looking
3_16_924,3739,184,653,240,838,0,walking,not-looking,3740,186,654,246,839,0,walking,not-looking,3741,187,654,251,840,0,walking,not-looking,3742,188,655,257,841,0,walking,not-looking,3743,189,656,260,842,0,walking,not-looking,3744,190,656,262,843,0,walking,not-looking,3745,191,657,264,844,0,walking,not-looking,3746,192,658,266,845,0,walking,not-looking,3747,193,658,269,846,0,walking,not-looking,3748,199,659,270,847,0,walking,not-looking,3749,205,659,272,848,0,walking,not-looking,3750,211,660,274,848,0,walking,not-looking,3751,217,660,275,849,0,walking,not-looking,3752,223,661,277,850,0,walking,not-looking,3753,226,661,280,851,0,walking,not-looking,3754,230,662,283,852,0,walking,not-looking,3755,233,662,286,853,0,walking,not-looking,3756,237,663,289,854,0,walking,not-looking,3757,240,664,292,855,0,walking,not-looking,3758,241,664,297,856,0,walking,not-looking,3759,243,665,303,857,0,walking,not-looking,3760,244,665,309,857,0,walking,not-looking,3761,245,666,314,858,0,walking,not-looking,3762,246,666,320,859,0,walking,not-looking,3763,251,667,321,860,0,walking,not-looking,3764,256,667,322,861,0,walking,not-looking,3765,261,668,324,862,0,walking,not-looking,3766,265,668,325,863,0,walking,not-looking,3767,270,669,326,864,0,walking,not-looking,3768,275,669,330,864,0,walking,not-looking,3769,280,668,334,864,0,walking,not-looking,3770,286,668,339,864,0,walking,not-looking
3_16_933,3024,1664,708,1704,844,0,walking,not-looking,3025,1662,709,1703,845,0,walking,not-looking,3026,1659,709,1701,846,0,walking,not-looking,3027,1658,709,1699,846,0,walking,not-looking,3028,1656,709,1696,846,0,walking,not-looking,3029,1655,709,1693,846,0,walking,not-looking,3030,1653,709,1691,846,0,walking,not-looking,3031,1651,709,1688,846,0,walking,not-looking,3032,1648,708,1686,846,0,walking,not-looking,3033,1644,708,1684,847,0,walking,not-looking,3034,1640,708,1683,848,0,walking,not-looking,3035,1636,707,1681,849,0,walking,not-looking,3036,1632,707,1679,849,0,walking,not-looking,3037,1629,708,1678,850,0,walking,not-looking,3038,1626,709,1677,851,0,walking,not-looking,3039,1624,710,1677,851,0,walking,not-looking,3040,1621,712,1676,852,0,walking,not-looking,3041,1618,713,1675,853,0,walking,not-looking,3042,1618,713,1675,853,1,walking,not-looking,3043,1618,713,1669,854,2,walking,not-looking,3044,1618,713,1662,854,2,walking,not-looking,3045,1616,711,1659,853,2,walking,not-looking,3046,1614,710,1656,852,1,walking,not-looking,3047,1612,710,1654,852,1,walking,not-looking,3048,1611,710,1653,852,0,walking,not-looking,3049,1609,712,1651,853,0,walking,not-looking,3050,1607,714,1644,856,0,walking,not-looking,3051,1603,715,1643,857,0,walking,not-looking,3052,1598,715,1641,858,0,walking,not-looking,3053,1594,716,1639,859,0,walking,not-looking,3054,1590,717,1638,860,0,walking,not-looking,3055,1585,717,1636,860,0,walking,not-looking
3_16_906,9647,1036,737,1055,810,1,standing,looking,9648,1036,737,1055,810,1,standing,looking,9649,1036,738,1055,811,1,standing,looking,9650,1036,737,1055,811,1,standing,looking,9651,1036,737,1055,811,1,standing,looking,9652,1037,736,1056,811,1,standing,looking,9653,1037,736,1056,811,1,standing,looking,9654,1037,736,1056,811,1,standing,looking,9655,1038,736,1057,811,1,standing,looking,9656,1038,735,1058,811,1,standing,looking,9657,1039,735,1058,811,1,standing,looking,9658,1040,735,1059,811,1,standing,looking,9659,1040,734,1060,811,1,standing,looking,9660,1041,734,1061,811,1,standing,looking,9661,1041,733,1061,811,1,standing,looking,9662,1042,732,1062,811,1,standing,looking,9663,1042,732,1063,810,1,standing,looking,9664,1043,731,1064,810,1,standing,looking,9665,1044,730,1064,810,1,standing,looking,9666,1044,729,1065,809,1,standing,looking,9667,1045,729,1066,809,1,standing,looking,9668,1045,728,1067,809,1,standing,looking,9669,1046,727,1067,808,1,standing,looking,9670,1046,727,1068,808,1,standing,looking,9671,1047,726,1069,808,1,standing,looking,9672,1047,725,1069,807,1,standing,looking,9673,1048,724,1070,807,1,standing,looking,9674,1049,724,1071,807,1,standing,not-looking,9675,1049,723,1072,807,1,standing,not-looking,9676,1050,723,1073,806,1,standing,not-looking,9677,1050,724,1073,808,1,standing,not-looking,9678,1050,725,1073,809,1,standing,not-looking
3_16_919,2534,514,703,564,840,0,walking,not-looking,2535,508,702,561,841,0,walking,not-looking,2536,502,700,559,842,0,walking,not-looking,2537,496,699,556,843,0,walking,not-looking,2538,489,700,551,845,0,walking,not-looking,2539,481,700,547,847,0,walking,not-looking,2540,473,700,542,849,0,walking,not-looking,2541,466,700,537,850,0,walking,not-looking,2542,458,701,533,852,0,walking,not-looking,2543,452,700,525,855,0,walking,not-looking,2544,447,700,517,857,0,walking,not-looking,2545,442,699,509,859,0,walking,not-looking,2546,436,699,501,861,0,walking,not-looking,2547,431,698,493,863,0,walking,not-looking,2548,428,696,488,864,0,walking,not-looking,2549,424,693,482,865,0,walking,not-looking,2550,421,690,476,866,0,walking,not-looking,2551,417,687,470,867,0,walking,not-looking,2552,414,685,465,868,0,walking,not-looking,2553,403,683,460,869,0,walking,not-looking,2554,393,682,455,871,0,walking,not-looking,2555,382,680,450,872,0,walking,not-looking,2556,371,679,446,874,0,walking,not-looking,2557,360,678,441,875,0,walking,not-looking,2558,350,677,432,877,0,walking,not-looking,2559,339,676,423,878,0,walking,not-looking,2560,328,675,415,880,0,walking,not-looking,2561,318,674,406,881,0,walking,not-looking,2562,307,673,397,883,0,walking,not-looking,2563,302,669,386,883,0,walking,not-looking,2564,297,665,376,884,0,walking,not-looking,2565,292,661,365,884,0,walking,not-looking
3_16_922,2766,213,674,267,826,2,walking,not-looking,2767,221,677,274,828,2,walking,not-looking,2768,230,679,281,831,2,walking,not-looking,2769,233,678,283,831,2,walking,not-looking,2770,235,678,284,831,2,walking,not-looking,2771,237,677,285,831,2,walking,not-looking,2772,239,676,287,831,2,walking,not-looking,2773,241,675,288,831,2,walking,not-looking,2774,244,674,290,831,2,walking,not-looking,2775,246,673,291,831,2,walking,not-looking,2776,246,675,291,833,2,walking,not-looking,2777,244,676,292,831,1,walking,not-looking,2778,248,675,296,831,1,walking,not-looking,2779,252,675,300,834,1,walking,not-looking,2780,255,675,304,837,0,walking,not-looking,2781,258,673,306,839,0,walking,not-looking,2782,260,672,308,840,0,walking,not-looking,2783,262,673,311,842,0,walking,not-looking,2784,264,675,314,844,0,walking,not-looking,2785,266,676,318,845,0,walking,not-looking,2786,268,677,322,847,0,walking,not-looking,2787,270,678,326,849,0,walking,not-looking,2788,272,679,329,851,0,walking,not-looking,2789,273,679,332,851,0,walking,not-looking,2790,274,678,335,852,0,walking,not-looking,2791,276,678,338,852,0,walking,not-looking,2792,277,678,342,853,0,walking,not-looking,2793,279,678,345,853,0,walking,not-looking,2794,280,678,346,853,0,walking,not-looking,2795,282,678,348,853,0,walking,not-looking,2796,284,678,349,853,0,walking,not-looking,2797,285,678,351,853,0,walking,not-looking
3_16_930,2784,1660,707,1709,846,1,walking,not-looking,2785,1653,708,1705,848,1,walking,not-looking,2786,1653,708,1708,848,1,walking,not-looking,2787,1653,708,1710,847,0,walking,not-looking,2788,1649,709,1710,849,0,walking,not-looking,2789,1645,710,1710,850,0,walking,not-looking,2790,1645,710,1704,850,0,walking,not-looking,2791,1645,710,1699,850,0,walking,not-looking,2792,1645,710,1693,850,0,walking,not-looking,2793,1645,710,1687,850,0,walking,not-looking,2794,1645,710,1681,850,1,walking,not-looking,2795,1643,710,1680,850,1,walking,not-looking,2796,1642,710,1678,850,2,walking,not-looking,2797,1638,710,1676,851,2,walking,not-looking,2798,1634,710,1674,852,2,walking,not-looking,2799,1630,711,1672,852,2,walking,not-looking,2800,1627,711,1670,853,2,walking,not-looking,2801,1623,711,1668,853,2,walking,not-looking,2802,1619,711,1666,854,2,walking,not-looking,2803,1615,712,1664,855,2,walking,not-looking,2804,1611,712,1663,855,2,walking,not-looking,2805,1608,712,1661,856,2,walking,not-looking,2806,1604,712,1659,856,2,walking,not-looking,2807,1600,713,1657,857,2,walking,not-looking,2808,1596,713,1655,858,2,walking,not-looking,2809,1592,713,1653,858,2,walking,not-looking,2810,1589,713,1651,859,2,walking,not-looking,2811,1585,714,1649,859,1,walking,not-looking,2812,1585,714,1640,859,1,walking,not-looking,2813,1585,714,1630,859,0,walking,not-looking,2814,1581,715,1628,860,0,walking,not-looking,2815,1576,716,1625,861,0,walking,not-looking
3_16_929,2779,1651,696,1694,844,0,walking,not-looking,2780,1644,696,1692,844,0,walking,not-looking,2781,1637,697,1690,845,0,walking,not-looking,2782,1630,697,1689,845,0,walking,not-looking,2783,1623,698,1687,846,0,walking,not-looking,2784,1616,698,1686,846,0,walking,not-looking,2785,1616,698,1686,846,0,walking,not-looking,2786,1616,698,1686,846,1,walking,not-looking,2787,1616,698,1683,846,1,walking,not-looking,2788,1616,698,1681,846,1,walking,not-looking,2789,1616,698,1680,846,1,walking,not-looking,2790,1616,698,1676,846,2,walking,not-looking,2791,1612,699,1672,847,2,walking,not-looking,2792,1607,700,1668,848,2,walking,not-looking,2793,1603,700,1665,848,2,walking,not-looking,2794,1598,701,1661,849,2,walking,not-looking,2795,1594,702,1657,850,2,walking,not-looking,2796,1589,702,1653,851,2,walking,not-looking,2797,1585,703,1649,852,2,walking,not-looking,2798,1580,704,1645,852,2,walking,not-looking,2799,1576,704,1642,853,2,walking,not-looking,2800,1571,705,1638,854,2,walking,not-looking,2801,1567,705,1634,855,2,walking,not-looking,2802,1562,706,1630,856,2,walking,not-looking,2803,1558,707,1626,856,2,walking,not-looking,2804,1558,707,1626,856,1,walking,not-looking,2805,1556,708,1624,863,1,walking,not-looking,2806,1556,708,1621,863,1,walking,not-looking,2807,1556,708,1617,863,0,walking,not-looking,2808,1555,708,1612,863,0,walking,not-looking,2809,1553,708,1607,863,0,walking,not-looking,2810,1551,708,1602,863,0,walking,not-looking
3_16_925,3778,128,658,181,816,0,walking,not-looking,3779,133,658,183,817,0,walking,not-looking,3780,138,658,186,818,0,walking,not-looking,3781,143,657,188,818,0,walking,not-looking,3782,143,658,190,820,0,walking,not-looking,3783,143,658,192,822,0,walking,not-looking,3784,144,659,195,823,0,walking,not-looking,3785,144,659,197,825,0,walking,not-looking,3786,144,660,200,827,0,walking,not-looking,3787,147,661,202,828,0,walking,not-looking,3788,150,661,205,829,0,walking,not-looking,3789,152,662,208,830,0,walking,not-looking,3790,155,663,210,831,0,walking,not-looking,3791,158,664,213,832,0,walking,not-looking,3792,163,664,219,833,0,walking,not-looking,3793,168,665,225,834,0,walking,not-looking,3794,173,665,231,835,0,walking,not-looking,3795,177,665,237,836,0,walking,not-looking,3796,182,665,243,837,0,walking,not-looking,3797,184,666,247,839,0,walking,not-looking,3798,186,667,250,841,0,walking,not-looking,3799,187,668,254,843,0,walking,not-looking,3800,189,670,258,845,0,walking,not-looking,3801,190,671,262,846,0,walking,not-looking,3802,196,671,265,846,0,walking,not-looking,3803,201,670,267,847,0,walking,not-looking,3804,206,670,270,847,0,walking,not-looking,3805,212,670,273,847,0,walking,not-looking,3806,217,670,275,847,0,walking,not-looking,3807,220,671,280,849,0,walking,not-looking,3808,223,672,284,850,0,walking,not-looking,3809,226,673,289,852,0,walking,not-looking
3_16_913,15105,382,710,411,820,0,standing,not-looking,15106,375,709,405,821,0,standing,not-looking,15107,368,708,398,821,0,standing,not-looking,15108,361,707,392,822,0,standing,not-looking,15109,354,706,385,822,0,standing,not-looking,15110,347,705,379,823,0,standing,not-looking,15111,340,705,373,823,0,standing,not-looking,15112,333,704,366,823,0,standing,not-looking,15113,326,703,360,824,0,standing,not-looking,15114,319,702,353,824,0,standing,not-looking,15115,312,701,347,825,0,standing,not-looking,15116,305,700,340,825,0,standing,not-looking,15117,298,699,334,825,0,standing,not-looking,15118,291,698,327,826,0,standing,not-looking,15119,284,697,321,826,0,standing,not-looking,15120,277,696,314,827,0,standing,not-looking,15121,270,695,308,827,0,standing,not-looking,15122,263,694,302,828,0,standing,not-looking,15123,256,693,295,828,0,standing,not-looking,15124,249,692,289,828,0,standing,not-looking,15125,242,692,282,829,0,standing,not-looking,15126,235,691,276,829,0,standing,not-looking,15127,228,690,269,830,0,standing,not-looking,15128,220,689,263,830,0,standing,not-looking,15129,213,688,257,830,0,standing,not-looking,15130,205,687,251,831,0,standing,not-looking,15131,197,686,245,831,0,standing,not-looking,15132,189,685,239,832,0,standing,not-looking,15133,181,684,233,832,0,standing,not-looking,15134,174,683,227,832,0,standing,not-looking,15135,166,682,221,833,0,standing,not-looking,15136,158,681,215,833,0,standing,not-looking
3_16_940,3615,1692,695,1734,834,2,walking,not-looking,3616,1689,695,1732,835,2,walking,not-looking,3617,1687,695,1730,835,2,walking,not-looking,3618,1684,696,1728,836,2,walking,not-looking,3619,1682,696,1726,836,2,walking,not-looking,3620,1680,696,1724,836,2,walking,not-looking,3621,1677,696,1722,837,2,walking,not-looking,3622,1675,697,1719,837,2,walking,not-looking,3623,1675,697,1719,837,1,walking,not-looking,3624,1673,697,1718,838,1,walking,not-looking,3625,1672,697,1717,839,1,walking,not-looking,3626,1671,697,1716,840,1,walking,not-looking,3627,1670,697,1714,841,1,walking,not-looking,3628,1668,697,1713,842,0,walking,not-looking,3629,1667,697,1712,843,0,walking,not-looking,3630,1666,697,1710,844,0,walking,not-looking,3631,1664,697,1709,845,0,walking,not-looking,3632,1663,697,1707,846,0,walking,not-looking,3633,1661,697,1706,847,0,walking,not-looking,3634,1658,697,1705,849,0,walking,not-looking,3635,1654,698,1704,850,0,walking,not-looking,3636,1650,698,1704,852,0,walking,not-looking,3637,1646,699,1703,853,0,walking,not-looking,3638,1642,699,1702,854,0,walking,not-looking,3639,1640,700,1699,856,0,walking,not-looking,3640,1637,700,1695,857,0,walking,not-looking,3641,1634,700,1692,858,0,walking,not-looking,3642,1632,700,1689,859,0,walking,not-looking,3643,1629,701,1685,861,0,walking,not-looking,3644,1626,700,1680,861,0,walking,not-looking,3645,1622,700,1676,862,0,walking,not-looking,3646,1619,699,1671,863,0,walking,not-looking
3_16_918,2510,678,735,705,798,0,walking,not-looking,2511,678,735,706,798,0,walking,not-looking,2512,677,735,707,798,0,walking,not-looking,2513,676,735,708,798,0,walking,not-looking,2514,676,734,708,798,0,walking,not-looking,2515,677,733,709,798,0,walking,not-looking,2516,677,733,709,798,0,walking,not-looking,2517,677,732,710,799,0,walking,not-looking,2518,677,732,710,799,0,walking,not-looking,2519,676,731,708,800,0,walking,not-looking,2520,676,731,706,801,0,walking,not-looking,2521,675,731,705,802,0,walking,not-looking,2522,674,731,703,804,0,walking,not-looking,2523,673,731,701,805,0,walking,not-looking,2524,677,731,697,805,0,walking,not-looking,2525,674,731,697,805,0,walking,not-looking,2526,671,731,696,805,0,walking,not-looking,2527,669,731,696,805,0,walking,not-looking,2528,668,731,697,805,0,walking,not-looking,2529,668,731,700,805,1,walking,not-looking,2530,667,730,699,804,1,walking,not-looking,2531,666,730,698,804,2,walking,not-looking,2532,666,730,697,805,2,walking,not-looking,2533,665,730,696,807,2,walking,not-looking,2534,665,729,695,808,2,walking,not-looking,2535,665,729,694,810,1,walking,not-looking,2536,664,729,693,811,1,walking,not-looking,2537,660,726,689,808,0,walking,not-looking,2538,658,726,688,810,0,walking,not-looking,2539,656,726,686,811,0,walking,not-looking,2540,654,726,684,813,0,walking,not-looking,2541,652,726,682,814,0,walking,not-looking
3_16_938,3439,1733,694,1774,828,2,walking,not-looking,3440,1730,694,1771,829,2,walking,not-looking,3441,1726,694,1767,830,2,walking,not-looking,3442,1723,695,1764,831,2,walking,not-looking,3443,1719,695,1761,832,2,walking,not-looking,3444,1715,696,1757,832,2,walking,not-looking,3445,1712,696,1754,833,2,walking,not-looking,3446,1708,697,1751,834,2,walking,not-looking,3447,1705,697,1747,835,2,walking,not-looking,3448,1701,698,1744,836,2,walking,not-looking,3449,1698,698,1741,836,2,walking,not-looking,3450,1694,698,1737,837,2,walking,not-looking,3451,1691,699,1734,838,2,walking,not-looking,3452,1687,699,1731,839,2,walking,not-looking,3453,1684,700,1727,840,2,walking,not-looking,3454,1680,700,1724,840,2,walking,not-looking,3455,1676,701,1721,841,2,walking,not-looking,3456,1673,701,1717,842,1,walking,not-looking,3457,1667,701,1717,846,1,walking,not-looking,3458,1664,701,1716,847,1,walking,not-looking,3459,1660,702,1714,847,1,walking,not-looking,3460,1657,702,1712,847,0,walking,not-looking,3461,1652,702,1711,848,0,walking,not-looking,3462,1648,703,1707,848,0,walking,not-looking,3463,1644,703,1703,849,0,walking,not-looking,3464,1640,704,1698,849,0,walking,not-looking,3465,1636,704,1694,850,0,walking,not-looking,3466,1632,705,1690,850,0,walking,not-looking,3467,1628,705,1688,852,0,walking,not-looking,3468,1624,705,1686,854,0,walking,not-looking,3469,1620,705,1683,856,0,walking,not-looking,3470,1617,705,1681,858,0,walking,not-looking
3_16_943,4047,1680,683,1724,856,2,walking,not-looking,4048,1678,684,1722,856,2,walking,not-looking,4049,1675,684,1719,857,2,walking,not-looking,4050,1673,684,1717,858,2,walking,not-looking,4051,1671,685,1714,859,1,walking,not-looking,4052,1668,685,1712,860,1,walking,not-looking,4053,1665,685,1709,860,1,walking,not-looking,4054,1662,686,1705,860,1,walking,not-looking,4055,1659,686,1702,861,1,walking,not-looking,4056,1655,687,1699,861,1,walking,not-looking,4057,1652,687,1696,862,1,walking,not-looking,4058,1649,687,1693,862,1,walking,not-looking,4059,1646,688,1690,862,1,walking,not-looking,4060,1643,688,1686,863,1,walking,not-looking,4061,1639,689,1683,863,1,walking,not-looking,4062,1636,689,1680,864,1,walking,not-looking,4063,1633,690,1677,864,1,walking,not-looking,4064,1630,690,1673,864,1,walking,not-looking,4065,1627,691,1669,865,2,walking,not-looking,4066,1623,691,1665,865,2,walking,not-looking,4067,1620,692,1661,865,2,walking,not-looking,4068,1617,692,1656,866,2,walking,not-looking,4069,1614,692,1652,866,2,walking,not-looking,4070,1611,693,1648,867,2,walking,not-looking,4071,1607,693,1644,867,2,walking,not-looking,4072,1604,694,1640,867,1,walking,not-looking,4073,1600,694,1640,867,1,walking,not-looking,4074,1596,694,1639,868,1,walking,not-looking,4075,1591,694,1639,868,1,walking,not-looking,4076,1586,693,1637,867,1,walking,not-looking,4077,1581,692,1635,866,1,walking,not-looking,4078,1576,691,1633,865,1,walking,not-looking
3_16_936,3244,1661,699,1713,859,0,walking,not-looking,3245,1659,699,1710,860,0,walking,not-looking,3246,1656,699,1708,860,0,walking,not-looking,3247,1654,699,1706,861,0,walking,not-looking,3248,1652,699,1704,861,0,walking,not-looking,3249,1650,699,1702,862,0,walking,not-looking,3250,1648,699,1700,862,0,walking,not-looking,3251,1645,699,1698,863,0,walking,not-looking,3252,1643,699,1695,864,0,walking,not-looking,3253,1641,699,1693,864,0,walking,not-looking,3254,1639,699,1691,865,0,walking,not-looking,3255,1637,698,1689,865,0,walking,not-looking,3256,1634,698,1687,866,0,walking,not-looking,3257,1632,698,1685,866,0,walking,not-looking,3258,1630,698,1683,867,0,walking,not-looking,3259,1628,698,1680,868,0,walking,not-looking,3260,1624,700,1680,869,0,walking,not-looking,3261,1621,701,1679,870,0,walking,not-looking,3262,1617,703,1678,871,0,walking,not-looking,3263,1614,705,1678,872,0,walking,not-looking,3264,1610,706,1677,874,0,walking,not-looking,3265,1607,707,1676,874,0,walking,not-looking,3266,1605,707,1675,875,0,walking,not-looking,3267,1602,707,1674,876,0,walking,not-looking,3268,1600,708,1673,877,0,walking,not-looking,3269,1597,708,1672,877,0,walking,not-looking,3270,1595,708,1666,878,0,walking,not-looking,3271,1592,707,1661,879,0,walking,not-looking,3272,1590,707,1656,880,0,walking,not-looking,3273,1587,707,1650,880,0,walking,not-looking,3274,1585,710,1645,881,0,walking,not-looking,3275,1582,708,1643,882,0,walking,not-looking
3_16_920,2607,262,680,307,821,0,walking,not-looking,2608,259,679,307,822,0,walking,not-looking,2609,257,679,307,823,0,walking,not-looking,2610,258,678,307,824,0,walking,not-looking,2611,260,678,307,825,0,walking,not-looking,2612,261,678,308,826,0,walking,not-looking,2613,262,678,308,826,0,walking,not-looking,2614,264,678,308,827,0,walking,not-looking,2615,262,679,311,830,0,walking,not-looking,2616,261,680,314,832,0,walking,not-looking,2617,259,680,317,835,0,walking,not-looking,2618,257,681,320,838,0,walking,not-looking,2619,256,682,322,840,0,walking,not-looking,2620,258,682,323,841,0,walking,not-looking,2621,260,682,323,842,0,walking,not-looking,2622,262,682,323,843,0,walking,not-looking,2623,264,682,323,844,0,walking,not-looking,2624,267,682,323,845,0,walking,not-looking,2625,270,682,326,846,0,walking,not-looking,2626,273,682,329,848,0,walking,not-looking,2627,276,683,332,849,0,walking,not-looking,2628,279,683,335,851,0,walking,not-looking,2629,283,683,338,852,0,walking,not-looking,2630,284,685,340,854,0,walking,not-looking,2631,286,686,342,856,0,walking,not-looking,2632,288,688,344,857,0,walking,not-looking,2633,289,690,346,859,0,walking,not-looking,2634,291,692,348,861,0,walking,not-looking,2635,295,691,350,862,0,walking,not-looking,2636,299,691,352,862,0,walking,not-looking,2637,303,690,354,863,0,walking,not-looking,2638,307,689,357,864,0,walking,not-looking
3_16_902,2189,1654,688,1682,812,1,walking,not-looking,2189,1654,688,1682,812,1,walking,not-looking,2189,1654,688,1682,812,1,walking,not-looking,2189,1654,688,1682,812,1,walking,not-looking,2189,1654,688,1682,812,1,walking,not-looking,2189,1654,688,1682,812,1,walking,not-looking,2189,1654,688,1682,812,1,walking,not-looking,2189,1654,688,1682,812,1,walking,not-looking,2189,1654,688,1682,812,1,walking,not-looking,2189,1654,688,1682,812,1,walking,not-looking,2189,1654,688,1682,812,1,walking,not-looking,2189,1654,688,1682,812,1,walking,not-looking,2189,1654,688,1682,812,1,walking,not-looking,2189,1654,688,1682,812,1,walking,not-looking,2189,1654,688,1682,812,1,walking,not-looking,2189,1654,688,1682,812,1,walking,not-looking,2189,1654,688,1682,812,1,walking,not-looking,2189,1654,688,1682,812,1,walking,not-looking,2189,1654,688,1682,812,1,walking,not-looking,2190,1664,690,1692,815,1,walking,not-looking,2191,1666,690,1704,819,1,walking,not-looking,2192,1670,687,1708,820,0,walking,not-looking,2193,1675,688,1720,822,0,walking,not-looking,2194,1680,688,1733,823,0,walking,not-looking,2195,1685,688,1745,825,0,walking,not-looking,2196,1689,687,1749,824,0,walking,not-looking,2197,1693,688,1753,824,1,walking,not-looking,2198,1693,688,1753,824,2,walking,not-looking,2199,1708,686,1756,822,2,walking,not-looking,2200,1714,685,1766,824,0,walking,not-looking,2201,1719,683,1770,824,0,walking,not-looking,2202,1723,681,1774,823,0,walking,not-looking
3_16_931,2838,1676,680,1726,838,2,walking,not-looking,2839,1673,680,1723,839,2,walking,not-looking,2840,1669,679,1719,839,1,walking,not-looking,2841,1662,681,1719,841,1,walking,not-looking,2842,1655,683,1718,843,1,walking,not-looking,2843,1648,686,1717,845,1,walking,not-looking,2844,1648,686,1717,845,0,walking,not-looking,2845,1646,686,1714,845,0,walking,not-looking,2846,1645,686,1711,845,0,walking,not-looking,2847,1643,686,1707,845,0,walking,not-looking,2848,1641,687,1704,845,0,walking,not-looking,2849,1640,687,1700,845,0,walking,not-looking,2850,1638,687,1696,845,0,walking,not-looking,2851,1637,686,1692,844,0,walking,not-looking,2852,1637,686,1687,844,1,walking,not-looking,2853,1637,686,1687,844,1,walking,not-looking,2854,1637,686,1687,844,2,walking,not-looking,2855,1628,687,1682,846,2,walking,not-looking,2856,1619,687,1678,848,2,walking,not-looking,2857,1609,687,1673,850,1,walking,not-looking,2858,1605,689,1669,852,1,walking,not-looking,2859,1598,690,1666,853,1,walking,not-looking,2860,1592,691,1662,855,0,walking,not-looking,2861,1590,691,1661,856,0,walking,not-looking,2862,1589,691,1659,857,0,walking,not-looking,2863,1588,692,1657,859,0,walking,not-looking,2864,1586,692,1655,860,0,walking,not-looking,2865,1586,692,1649,860,1,walking,not-looking,2866,1585,692,1647,860,1,walking,not-looking,2867,1584,692,1646,860,1,walking,not-looking,2868,1584,692,1628,860,1,walking,not-looking,2869,1584,692,1628,860,0,walking,not-looking
3_16_935,3143,1674,696,1716,851,0,walking,not-looking,3144,1673,696,1713,851,0,walking,not-looking,3145,1671,695,1710,850,0,walking,not-looking,3146,1664,696,1709,852,0,walking,not-looking,3147,1657,696,1707,853,0,walking,not-looking,3148,1650,697,1705,855,0,walking,not-looking,3149,1643,697,1703,856,0,walking,not-looking,3150,1636,698,1701,857,0,walking,not-looking,3151,1635,698,1700,858,0,walking,not-looking,3152,1633,699,1699,859,0,walking,not-looking,3153,1632,700,1699,860,0,walking,not-looking,3154,1630,701,1698,861,0,walking,not-looking,3155,1628,701,1697,862,0,walking,not-looking,3156,1626,701,1690,861,0,walking,not-looking,3157,1624,700,1682,861,0,walking,not-looking,3158,1622,700,1675,860,0,walking,not-looking,3159,1620,699,1667,860,0,walking,not-looking,3160,1618,699,1660,860,0,walking,not-looking,3161,1612,699,1658,862,0,walking,not-looking,3162,1606,700,1656,863,0,walking,not-looking,3163,1600,701,1654,865,0,walking,not-looking,3164,1594,701,1652,867,0,walking,not-looking,3165,1588,702,1650,869,0,walking,not-looking,3166,1586,703,1648,870,0,walking,not-looking,3167,1584,703,1647,871,0,walking,not-looking,3168,1581,704,1645,871,0,walking,not-looking,3169,1579,705,1643,872,0,walking,not-looking,3170,1577,705,1641,873,0,walking,not-looking,3171,1574,705,1634,873,0,walking,not-looking,3172,1571,705,1627,873,0,walking,not-looking,3173,1568,705,1620,874,0,walking,not-looking,3174,1564,704,1613,874,0,walking,not-looking
3_16_903,5037,504,699,547,807,2,walking,not-looking,5038,501,699,547,808,1,walking,not-looking,5039,495,701,545,810,1,walking,not-looking,5040,495,701,545,810,0,walking,not-looking,5041,495,701,544,811,0,walking,not-looking,5042,495,702,543,811,0,walking,not-looking,5043,495,702,542,812,0,walking,not-looking,5044,495,703,541,812,0,walking,not-looking,5045,495,703,540,813,0,walking,not-looking,5046,495,703,537,813,0,walking,not-looking,5047,495,703,534,813,0,walking,not-looking,5048,495,703,533,813,1,walking,not-looking,5049,494,703,532,812,1,walking,not-looking,5050,494,702,531,811,2,walking,not-looking,5051,494,701,531,811,2,walking,not-looking,5052,494,700,531,811,1,walking,not-looking,5053,491,700,531,813,1,walking,not-looking,5054,487,700,531,813,1,walking,not-looking,5055,483,700,531,814,0,walking,not-looking,5056,481,700,531,814,0,walking,not-looking,5057,479,700,531,814,0,walking,not-looking,5058,477,700,531,814,0,walking,not-looking,5059,478,700,531,815,0,walking,not-looking,5060,479,700,531,816,0,walking,not-looking,5061,481,700,530,818,0,walking,not-looking,5062,482,700,530,819,0,walking,not-looking,5063,484,701,530,820,0,walking,not-looking,5064,484,701,529,820,0,walking,not-looking,5065,484,701,528,820,0,walking,not-looking,5066,484,701,528,821,0,walking,not-looking,5067,484,701,527,821,0,walking,not-looking,5068,484,701,526,821,0,walking,not-looking
3_16_914,15105,400,725,426,821,0,standing,not-looking,15106,394,724,420,821,0,standing,not-looking,15107,388,723,414,821,0,standing,not-looking,15108,382,722,408,821,0,standing,not-looking,15109,376,721,402,821,0,standing,not-looking,15110,370,720,396,821,0,standing,not-looking,15111,364,719,390,821,0,standing,not-looking,15112,358,719,384,822,0,standing,not-looking,15113,352,718,378,822,0,standing,not-looking,15114,346,717,372,822,0,standing,not-looking,15115,340,717,366,822,0,standing,not-looking,15116,334,716,360,823,0,standing,not-looking,15117,327,715,354,823,0,standing,not-looking,15118,321,714,348,823,0,standing,not-looking,15119,315,713,342,823,0,standing,not-looking,15120,309,712,336,824,0,standing,not-looking,15121,302,712,330,824,0,standing,not-looking,15122,296,711,324,824,0,standing,not-looking,15123,290,710,318,824,0,standing,not-looking,15124,284,709,312,825,0,standing,not-looking,15125,278,708,306,825,0,standing,not-looking,15126,271,707,300,825,0,standing,not-looking,15127,265,706,294,825,0,standing,not-looking,15128,259,706,288,826,0,standing,not-looking,15129,253,705,282,826,0,standing,not-looking,15130,246,704,276,826,0,standing,not-looking,15131,240,703,270,826,0,standing,not-looking,15132,234,702,264,826,0,standing,not-looking,15133,228,701,257,827,0,standing,not-looking,15134,221,700,251,827,0,standing,not-looking,15135,215,699,245,827,0,standing,not-looking,15136,209,699,239,827,0,standing,not-looking
3_16_921,2746,227,673,279,835,0,walking,not-looking,2747,228,675,285,836,0,walking,not-looking,2748,229,676,291,837,0,walking,not-looking,2749,230,677,297,837,0,walking,not-looking,2750,231,678,299,840,0,walking,not-looking,2751,231,679,302,842,0,walking,not-looking,2752,232,680,304,844,0,walking,not-looking,2753,232,681,307,846,0,walking,not-looking,2754,233,681,309,848,0,walking,not-looking,2755,239,681,310,848,0,walking,not-looking,2756,245,681,311,847,0,walking,not-looking,2757,252,681,312,847,0,walking,not-looking,2758,258,681,313,846,0,walking,not-looking,2759,264,681,314,846,0,walking,not-looking,2760,267,681,321,847,0,walking,not-looking,2761,270,681,329,848,0,walking,not-looking,2762,273,681,336,848,0,walking,not-looking,2763,276,681,343,849,0,walking,not-looking,2764,279,681,351,850,0,walking,not-looking,2765,280,683,355,852,0,walking,not-looking,2766,282,685,360,854,0,walking,not-looking,2767,284,686,364,856,0,walking,not-looking,2768,285,688,368,858,0,walking,not-looking,2769,287,689,373,860,0,walking,not-looking,2770,291,689,374,859,0,walking,not-looking,2771,296,689,375,859,0,walking,not-looking,2772,300,688,376,859,0,walking,not-looking,2773,305,688,377,859,0,walking,not-looking,2774,309,688,378,859,0,walking,not-looking,2775,316,688,381,859,0,walking,not-looking,2776,323,688,385,859,0,walking,not-looking,2777,330,689,388,859,0,walking,not-looking
3_16_928,2598,1618,704,1659,822,0,walking,not-looking,2599,1618,704,1657,822,0,walking,not-looking,2600,1620,702,1656,822,0,walking,not-looking,2601,1622,700,1655,821,0,walking,not-looking,2602,1622,700,1655,821,0,walking,not-looking,2603,1622,700,1655,821,1,walking,not-looking,2604,1622,700,1655,821,1,walking,not-looking,2605,1622,700,1655,821,2,walking,not-looking,2606,1615,700,1659,822,2,walking,not-looking,2607,1608,700,1662,824,2,walking,not-looking,2608,1609,700,1655,828,1,walking,not-looking,2609,1609,700,1655,828,1,walking,not-looking,2610,1609,700,1655,828,0,walking,not-looking,2611,1610,700,1655,829,0,walking,not-looking,2612,1610,700,1655,830,0,walking,not-looking,2613,1610,700,1655,830,0,walking,not-looking,2614,1610,700,1655,831,0,walking,not-looking,2615,1611,700,1655,832,0,walking,not-looking,2616,1611,700,1655,832,0,walking,not-looking,2617,1605,700,1655,835,0,walking,not-looking,2618,1600,701,1654,837,0,walking,not-looking,2619,1594,702,1654,839,0,walking,not-looking,2620,1588,702,1654,841,0,walking,not-looking,2621,1582,703,1654,843,0,walking,not-looking,2622,1583,704,1652,844,0,walking,not-looking,2623,1583,705,1649,845,0,walking,not-looking,2624,1583,705,1647,845,0,walking,not-looking,2625,1584,706,1645,846,0,walking,not-looking,2626,1584,707,1642,847,0,walking,not-looking,2627,1582,707,1637,848,0,walking,not-looking,2628,1579,706,1632,848,0,walking,not-looking,2629,1577,706,1626,849,0,walking,not-looking
3_16_934,3029,1686,699,1729,846,0,walking,not-looking,3030,1683,699,1729,847,0,walking,not-looking,3031,1680,700,1729,848,0,walking,not-looking,3032,1678,701,1728,849,0,walking,not-looking,3033,1675,701,1727,850,0,walking,not-looking,3034,1673,702,1726,851,0,walking,not-looking,3035,1670,703,1725,852,0,walking,not-looking,3036,1670,702,1724,851,0,walking,not-looking,3037,1669,702,1723,851,0,walking,not-looking,3038,1669,702,1722,851,0,walking,not-looking,3039,1669,701,1721,850,0,walking,not-looking,3040,1668,701,1720,850,0,walking,not-looking,3041,1665,701,1718,850,0,walking,not-looking,3042,1663,701,1716,851,0,walking,not-looking,3043,1660,701,1714,851,0,walking,not-looking,3044,1657,701,1712,851,0,walking,not-looking,3045,1655,701,1710,852,0,walking,not-looking,3046,1650,701,1708,853,0,walking,not-looking,3047,1645,701,1706,855,0,walking,not-looking,3048,1641,701,1705,856,1,walking,not-looking,3049,1636,701,1703,858,1,walking,not-looking,3050,1631,701,1701,860,1,walking,not-looking,3051,1628,701,1698,860,1,walking,not-looking,3052,1628,701,1694,860,1,walking,not-looking,3053,1628,701,1690,860,1,walking,not-looking,3054,1628,701,1686,860,1,walking,not-looking,3055,1628,701,1686,860,0,walking,not-looking,3056,1628,701,1680,860,0,walking,not-looking,3057,1628,701,1674,860,0,walking,not-looking,3058,1625,701,1673,860,0,walking,not-looking,3059,1621,702,1671,860,0,walking,not-looking,3060,1618,702,1669,861,0,walking,not-looking
3_16_942,4081,1709,679,1757,863,2,walking,not-looking,4082,1706,679,1753,865,2,walking,not-looking,4083,1702,679,1749,867,2,walking,not-looking,4084,1698,680,1746,869,2,walking,not-looking,4085,1694,680,1742,871,2,walking,not-looking,4086,1690,680,1738,873,2,walking,not-looking,4087,1687,681,1734,874,1,walking,not-looking,4088,1683,681,1730,876,1,walking,not-looking,4089,1679,681,1728,876,1,walking,not-looking,4090,1675,681,1725,875,1,walking,not-looking,4091,1671,680,1723,875,1,walking,not-looking,4092,1666,680,1720,874,1,walking,not-looking,4093,1666,680,1720,874,1,walking,not-looking,4094,1666,680,1720,874,1,walking,not-looking,4095,1666,680,1720,874,0,walking,not-looking,4096,1660,680,1717,876,0,walking,not-looking,4097,1653,681,1715,878,0,walking,not-looking,4098,1647,681,1712,879,0,walking,not-looking,4099,1640,681,1710,881,0,walking,not-looking,4100,1633,681,1707,882,0,walking,not-looking,4101,1628,681,1704,884,0,walking,not-looking,4102,1624,682,1702,886,0,walking,not-looking,4103,1619,682,1699,887,0,walking,not-looking,4104,1614,682,1696,889,0,walking,not-looking,4105,1609,682,1694,890,0,walking,not-looking,4106,1608,682,1691,891,0,walking,not-looking,4107,1607,681,1688,892,0,walking,not-looking,4108,1606,681,1684,893,0,walking,not-looking,4109,1605,681,1681,894,0,walking,not-looking,4110,1604,680,1678,894,0,walking,not-looking,4111,1603,680,1675,895,0,walking,not-looking,4112,1602,679,1672,896,0,walking,not-looking
3_16_923,3202,164,664,220,837,0,walking,looking,3203,168,664,223,838,0,walking,looking,3204,172,664,226,839,0,walking,looking,3205,176,664,229,840,0,walking,looking,3206,180,664,232,841,0,walking,looking,3207,182,665,236,842,0,walking,looking,3208,183,666,239,843,0,walking,looking,3209,185,667,243,844,0,walking,looking,3210,187,668,246,845,0,walking,looking,3211,188,669,249,846,0,walking,not-looking,3212,192,669,252,847,0,walking,not-looking,3213,197,669,254,848,0,walking,not-looking,3214,201,670,256,849,0,walking,not-looking,3215,205,670,259,850,0,walking,not-looking,3216,210,670,261,851,0,walking,not-looking,3217,212,670,266,852,0,walking,not-looking,3218,215,671,271,853,0,walking,not-looking,3219,217,671,276,854,0,walking,not-looking,3220,219,671,281,856,0,walking,not-looking,3221,222,672,286,857,0,walking,not-looking,3222,222,672,291,858,0,walking,not-looking,3223,222,672,296,860,0,walking,not-looking,3224,223,672,301,861,0,walking,not-looking,3225,223,673,306,863,0,walking,not-looking,3226,223,673,311,864,0,walking,not-looking,3227,229,673,313,864,0,walking,not-looking,3228,236,674,314,864,0,walking,not-looking,3229,242,674,316,865,0,walking,not-looking,3230,249,675,317,865,0,walking,not-looking,3231,255,675,319,865,0,walking,not-looking,3232,260,677,325,867,0,walking,not-looking,3233,264,678,331,869,0,walking,not-looking
3_16_941,3681,1720,681,1758,826,2,walking,not-looking,3682,1717,681,1755,828,2,walking,not-looking,3683,1714,682,1752,829,2,walking,not-looking,3684,1711,682,1749,830,2,walking,not-looking,3685,1708,683,1746,832,2,walking,not-looking,3686,1705,683,1743,833,2,walking,not-looking,3687,1702,684,1740,834,2,walking,not-looking,3688,1699,684,1737,835,2,walking,not-looking,3689,1696,684,1734,837,2,walking,not-looking,3690,1693,685,1731,838,1,walking,not-looking,3691,1689,686,1729,842,1,walking,looking,3692,1686,687,1727,846,1,walking,looking,3693,1682,688,1725,850,1,walking,looking,3694,1682,688,1725,850,0,walking,looking,3695,1677,688,1723,850,0,walking,looking,3696,1671,688,1720,851,0,walking,looking,3697,1666,688,1718,852,0,walking,looking,3698,1660,688,1716,852,0,walking,looking,3699,1654,688,1714,853,0,walking,looking,3700,1649,688,1712,854,0,walking,looking,3701,1643,688,1710,855,0,walking,looking,3702,1641,687,1704,855,0,walking,looking,3703,1639,687,1701,856,0,walking,looking,3704,1637,687,1698,857,0,walking,looking,3705,1635,687,1696,858,0,walking,looking,3706,1633,687,1693,858,0,walking,looking,3707,1631,687,1690,859,0,walking,looking,3708,1629,687,1688,860,0,walking,looking,3709,1626,686,1685,861,0,walking,looking,3710,1624,686,1682,861,0,walking,looking,3711,1622,686,1680,862,0,walking,looking,3712,1620,686,1677,863,0,walking,not-looking
3_16_916,15510,1642,665,1709,844,0,walking,looking,15511,1641,667,1707,846,0,walking,looking,15512,1640,668,1706,848,0,walking,looking,15513,1638,670,1705,850,0,walking,looking,15514,1635,669,1702,849,0,walking,looking,15515,1633,668,1699,848,0,walking,looking,15516,1629,668,1695,848,1,walking,looking,15517,1629,668,1695,848,1,walking,looking,15518,1629,668,1695,848,2,walking,looking,15519,1627,667,1693,847,2,walking,looking,15520,1625,666,1692,846,2,walking,looking,15521,1623,665,1690,844,2,walking,looking,15522,1623,665,1690,856,1,walking,looking,15523,1612,665,1679,856,0,walking,looking,15524,1611,665,1677,857,0,walking,looking,15525,1609,665,1676,859,0,walking,looking,15526,1608,665,1675,860,0,walking,looking,15527,1607,665,1673,861,0,walking,looking,15528,1605,665,1672,862,0,walking,looking,15529,1604,665,1670,863,0,walking,looking,15530,1602,665,1669,864,0,walking,looking,15531,1601,665,1668,865,0,walking,looking,15532,1600,665,1666,866,0,walking,looking,15533,1598,665,1665,867,0,walking,looking,15534,1597,665,1664,868,0,walking,looking,15535,1595,665,1661,868,0,walking,looking,15536,1593,665,1658,869,0,walking,looking,15537,1591,665,1655,869,0,walking,looking,15538,1590,666,1653,869,0,walking,looking,15539,1588,666,1650,869,0,walking,not-looking,15540,1585,666,1647,871,0,walking,not-looking,15541,1582,666,1644,873,0,walking,not-looking
3_17_966,11040,1112,736,1135,808,0,walking,not-looking,11041,1112,736,1136,808,0,walking,not-looking,11042,1112,736,1137,808,0,walking,not-looking,11043,1112,736,1138,808,1,walking,not-looking,11044,1112,736,1138,808,1,walking,not-looking,11045,1112,736,1138,808,2,walking,not-looking,11046,1110,736,1140,811,2,walking,not-looking,11047,1108,736,1143,813,1,walking,not-looking,11048,1108,736,1145,813,1,walking,not-looking,11049,1108,736,1145,814,1,walking,not-looking,11050,1108,736,1146,814,1,walking,not-looking,11051,1109,736,1146,814,0,walking,not-looking,11052,1109,735,1144,816,0,walking,not-looking,11053,1110,734,1143,817,0,walking,not-looking,11054,1111,734,1142,818,0,walking,not-looking,11055,1111,734,1142,818,0,walking,not-looking,11056,1111,734,1142,818,0,walking,not-looking,11057,1111,734,1142,818,0,walking,not-looking,11058,1111,734,1142,818,0,walking,not-looking,11059,1111,734,1142,818,0,walking,not-looking,11060,1111,734,1142,818,0,walking,not-looking,11061,1111,734,1142,818,0,walking,not-looking,11062,1111,734,1142,818,1,walking,not-looking,11063,1105,736,1145,821,1,walking,not-looking,11064,1098,739,1149,824,1,walking,not-looking,11065,1098,739,1149,824,1,walking,not-looking,11066,1098,739,1149,824,2,walking,not-looking,11067,1101,738,1149,825,2,walking,not-looking,11068,1104,737,1149,826,1,walking,not-looking,11069,1104,729,1149,826,1,walking,not-looking,11070,1104,728,1136,829,0,walking,not-looking,11071,1104,725,1138,828,0,walking,not-looking
3_17_963,9636,1646,616,1754,861,0,walking,looking,9637,1640,616,1748,861,0,walking,looking,9638,1634,616,1742,861,0,walking,looking,9639,1629,616,1737,861,0,walking,looking,9640,1623,616,1731,861,0,walking,looking,9641,1617,616,1725,861,0,walking,looking,9642,1612,617,1720,862,0,walking,looking,9643,1607,617,1715,863,0,walking,looking,9644,1602,617,1710,864,0,walking,looking,9645,1597,618,1705,866,0,walking,looking,9646,1592,618,1700,867,0,walking,looking,9647,1587,618,1695,867,0,walking,looking,9648,1583,619,1691,867,0,walking,looking,9649,1578,619,1686,868,0,walking,looking,9650,1573,619,1682,868,0,walking,looking,9651,1569,620,1677,868,0,walking,looking,9652,1563,621,1671,869,0,walking,looking,9653,1557,622,1665,870,0,walking,looking,9654,1551,623,1659,871,0,walking,looking,9655,1545,624,1653,872,0,walking,looking,9656,1539,624,1647,873,0,walking,looking,9657,1532,625,1641,875,0,walking,looking,9658,1526,626,1634,876,0,walking,looking,9659,1520,626,1628,878,0,walking,looking,9660,1514,627,1622,879,0,walking,looking,9661,1508,627,1616,881,0,walking,looking,9662,1501,628,1610,882,0,walking,not-looking,9663,1495,629,1603,884,0,walking,not-looking,9664,1489,629,1597,885,0,walking,not-looking,9665,1483,630,1591,887,0,walking,not-looking,9666,1477,630,1585,888,0,walking,not-looking,9667,1470,631,1578,890,0,walking,not-looking
3_17_961,9536,462,701,513,810,0,walking,not-looking,9537,463,701,513,810,0,walking,not-looking,9538,465,701,513,810,0,walking,not-looking,9539,466,701,513,810,0,walking,not-looking,9540,469,701,513,810,0,walking,not-looking,9541,472,701,513,810,0,walking,not-looking,9542,474,701,513,810,0,walking,not-looking,9543,477,701,513,810,0,walking,not-looking,9544,480,701,513,810,0,walking,not-looking,9545,481,702,520,811,0,walking,not-looking,9546,482,702,526,812,0,walking,not-looking,9547,483,703,532,812,0,walking,not-looking,9548,484,704,539,813,0,walking,not-looking,9549,485,705,545,814,0,walking,not-looking,9550,487,705,545,814,0,walking,not-looking,9551,488,705,545,814,0,walking,not-looking,9552,489,705,545,814,0,walking,not-looking,9553,491,705,545,814,0,walking,not-looking,9554,492,705,545,814,0,walking,not-looking,9555,497,704,545,815,0,walking,not-looking,9556,502,703,545,816,0,walking,not-looking,9557,506,703,545,817,0,walking,not-looking,9558,511,702,545,818,0,walking,not-looking,9559,516,701,545,820,0,walking,not-looking,9560,518,701,549,820,0,walking,not-looking,9561,521,701,553,820,0,walking,not-looking,9562,523,701,557,820,0,walking,looking,9563,525,701,561,820,0,walking,looking,9564,528,701,565,820,0,walking,looking,9565,528,701,568,820,0,walking,looking,9566,528,701,572,820,0,walking,looking,9567,528,701,575,820,0,walking,looking
3_18_969,9564,1815,645,1900,934,0,standing,not-looking,9565,1815,645,1900,934,0,standing,not-looking,9566,1815,645,1901,934,0,standing,not-looking,9567,1815,645,1901,934,0,standing,not-looking,9568,1815,645,1902,934,0,standing,not-looking,9569,1815,645,1902,934,0,standing,not-looking,9570,1815,645,1903,934,0,standing,not-looking,9571,1815,645,1903,934,0,standing,not-looking,9572,1815,645,1904,934,0,standing,not-looking,9573,1815,645,1903,934,0,standing,not-looking,9574,1816,645,1903,934,0,standing,not-looking,9575,1816,646,1903,934,0,standing,not-looking,9576,1816,646,1903,934,0,standing,not-looking,9577,1816,646,1903,934,0,standing,not-looking,9578,1816,646,1903,934,0,standing,not-looking,9579,1816,647,1903,934,0,standing,not-looking,9580,1816,647,1903,934,0,standing,not-looking,9581,1816,647,1903,935,0,standing,not-looking,9582,1816,647,1903,935,0,standing,not-looking,9583,1816,648,1903,935,0,standing,not-looking,9584,1816,648,1903,935,0,standing,not-looking,9585,1816,648,1903,935,0,standing,not-looking,9586,1816,648,1903,935,0,standing,not-looking,9587,1817,649,1903,935,0,standing,not-looking,9588,1817,649,1903,935,0,standing,not-looking,9589,1817,649,1902,935,0,standing,not-looking,9590,1817,649,1902,935,0,standing,not-looking,9591,1817,650,1902,935,0,standing,not-looking,9592,1817,650,1902,935,0,standing,not-looking,9593,1817,650,1902,935,0,standing,not-looking,9594,1817,650,1902,935,0,standing,not-looking,9595,1814,651,1902,935,0,standing,not-looking
3_18_970,9702,1798,663,1868,890,0,standing,not-looking,9703,1798,663,1868,890,0,standing,not-looking,9704,1798,663,1868,890,0,standing,not-looking,9705,1798,663,1868,890,0,standing,not-looking,9706,1798,663,1868,890,0,standing,not-looking,9707,1798,663,1868,890,0,standing,not-looking,9708,1798,663,1868,890,0,standing,not-looking,9709,1798,663,1868,890,0,standing,not-looking,9710,1798,663,1868,890,1,standing,not-looking,9711,1798,663,1868,890,1,standing,not-looking,9712,1798,663,1868,890,1,standing,not-looking,9713,1798,663,1868,890,1,standing,not-looking,9714,1798,663,1868,890,1,standing,not-looking,9715,1798,663,1868,890,2,standing,not-looking,9716,1798,663,1868,890,2,standing,not-looking,9717,1798,663,1868,890,2,standing,not-looking,9718,1798,663,1868,890,2,standing,not-looking,9719,1798,663,1868,890,2,standing,not-looking,9720,1798,663,1868,890,2,standing,not-looking,9721,1798,663,1868,890,2,standing,not-looking,9722,1798,663,1868,890,1,standing,not-looking,9723,1798,663,1868,890,1,standing,not-looking,9724,1798,663,1868,890,0,standing,not-looking,9725,1798,663,1867,890,0,standing,not-looking,9726,1797,664,1867,890,0,standing,not-looking,9727,1797,664,1866,891,0,standing,not-looking,9728,1796,664,1866,891,0,standing,not-looking,9729,1796,664,1865,891,0,standing,not-looking,9730,1795,664,1865,891,0,standing,not-looking,9731,1795,664,1864,891,0,standing,not-looking,9732,1794,664,1864,891,0,standing,not-looking,9733,1794,665,1863,891,0,standing,not-looking
3_19_995,7434,710,686,728,743,0,walking,not-looking,7435,710,684,729,742,0,walking,not-looking,7436,711,683,730,742,0,walking,not-looking,7437,712,681,731,741,0,walking,not-looking,7438,713,680,732,740,0,walking,not-looking,7439,714,678,733,739,0,walking,not-looking,7440,714,677,734,738,0,walking,not-looking,7441,715,676,735,737,0,walking,not-looking,7442,716,674,735,736,0,walking,not-looking,7443,717,673,736,735,0,walking,not-looking,7444,718,671,737,734,0,walking,not-looking,7445,718,668,739,731,0,walking,not-looking,7446,718,665,740,728,0,walking,not-looking,7447,719,662,742,725,0,walking,not-looking,7448,722,660,742,723,0,walking,not-looking,7449,725,658,743,721,1,walking,not-looking,7450,726,656,744,719,1,walking,not-looking,7451,727,653,746,716,1,walking,not-looking,7452,729,651,747,714,1,walking,not-looking,7453,729,649,747,712,2,walking,not-looking,7454,730,645,752,710,2,walking,not-looking,7455,732,642,758,708,2,walking,not-looking,7456,734,638,764,707,2,walking,not-looking,7457,736,635,769,705,1,walking,not-looking,7458,738,631,775,703,1,walking,not-looking,7459,739,628,776,701,1,walking,not-looking,7460,740,628,776,701,1,walking,not-looking,7461,742,628,776,701,0,walking,not-looking,7462,745,628,778,701,0,walking,not-looking,7463,747,628,780,701,0,walking,not-looking,7464,750,627,782,701,0,walking,not-looking,7465,753,627,784,702,0,walking,not-looking
3_19_996,7875,621,697,650,778,0,standing,not-looking,7876,621,697,650,778,0,standing,not-looking,7877,621,697,650,778,0,standing,not-looking,7878,621,697,650,778,0,standing,not-looking,7879,622,697,650,778,0,standing,not-looking,7880,622,697,650,779,0,standing,not-looking,7881,622,697,650,779,0,standing,not-looking,7882,622,697,651,779,0,standing,not-looking,7883,622,697,651,779,0,standing,not-looking,7884,622,697,651,779,0,standing,not-looking,7885,622,697,651,779,0,standing,not-looking,7886,622,697,651,779,0,standing,not-looking,7887,622,697,651,779,0,standing,not-looking,7888,622,697,651,779,0,standing,not-looking,7889,623,697,651,779,0,standing,not-looking,7890,623,697,651,779,0,standing,not-looking,7891,623,697,651,779,0,standing,not-looking,7892,623,697,651,779,0,standing,not-looking,7893,623,697,651,779,0,standing,not-looking,7894,623,697,651,779,0,standing,not-looking,7895,623,697,651,779,0,standing,not-looking,7896,623,697,651,779,0,standing,not-looking,7897,623,697,652,779,0,standing,not-looking,7898,623,697,652,779,0,standing,not-looking,7899,623,697,652,779,0,standing,not-looking,7900,623,697,652,779,0,standing,not-looking,7901,623,697,652,779,0,standing,not-looking,7902,623,697,652,779,0,standing,not-looking,7903,623,697,652,779,0,standing,not-looking,7904,623,697,652,779,0,standing,not-looking,7905,623,697,652,779,0,standing,not-looking,7906,623,697,652,779,0,standing,not-looking
